team,rps,ir,returns,risk,rps_rank,ir_rank,overall_rank,position,period,ir_code,team_name,rps_official,ir_official,rps_rank_official,ir_rank_official,overall_rank_official,position_official
0102b20c,0.151248,-1.624262416535175,-0.02638581863129851,0.016244800324558332,9.5,133.0,71.25,69,1,-1.624262416535175,Apollo,0.15125,-1.62426,9.5,133.0,71.25,69
0102b20c,0.17704800000000007,2.754844992269827,0.018337350027294856,0.00665639993493281,124.0,24.0,74.0,52,2,2.754844992269827,Apollo,0.17705,2.75484,124.0,24.0,74.0,52
0102b20c,0.166208,2.880914552617186,0.02676815346566047,0.009291547172526435,126.0,28.0,77.0,60,3,2.880914552617186,Apollo,0.16621,2.88091,126.0,28.0,77.0,60
0102b20c,0.16656800000000005,-3.4874297784343886,-0.031528451412097806,0.009040598209909153,138.0,99.0,118.5,139,4,-3.4874297784343886,Apollo,0.16657,-3.48743,138.0,99.0,118.5,139
0102b20c,0.160808,2.9618524534897803,0.012609476028476839,0.004257293780323128,107.0,12.0,59.5,38,5,2.9618524534897803,Apollo,0.16081,2.96185,107.0,12.0,59.5,38
0102b20c,0.16540800000000005,0.08989749426573816,0.0005358870572341038,0.005961090034945965,129.0,147.0,138.0,155,6,0.08989749426573816,Apollo,0.16541,0.0899,129.0,147.0,138.0,155
0102b20c,0.175288,6.14045971083178,0.03912442958633945,0.006371579886327387,160.0,16.0,88.0,60,7,6.14045971083178,Apollo,0.17529,6.14046,160.0,16.0,88.0,60
0102b20c,0.17292800000000003,9.470318919079986,0.05712407772346078,0.006031906444921521,158.0,1.0,79.5,59,8,9.470318919079986,Apollo,0.17293,9.47032,158.0,1.0,79.5,59
0102b20c,0.156328,-4.364570753996226,-0.04788905807133347,0.010972226312859283,20.0,173.0,96.5,97,9,-4.364570753996226,Apollo,0.15633,-4.36457,20.0,173.0,96.5,97
0102b20c,0.16896800000000006,-6.875024284229345,-0.04212240020271916,0.006126872933284608,151.0,213.0,182.0,206,10,-6.875024284229345,Apollo,0.16897,-6.87502,151.0,213.0,182.0,206
0102b20c,0.15764799999999998,-2.471296107835276,-0.018898322946487245,0.007647130138136774,52.0,201.0,126.5,144,11,-2.471296107835276,Apollo,0.15765,-2.4713,52.0,201.0,126.5,144
0102b20c,0.152008,-2.3594595956400153,-0.010580257624480446,0.004484186821436329,8.0,158.0,83.0,75,12,-2.3594595956400153,Apollo,0.15201,-2.35946,8.0,158.0,83.0,75
014dbdb4,0.1776928622766,-5.3591000340627195,-0.08582040699713903,0.016013958771372065,127.0,93.0,110.0,130,2,-5.3591000340627195,OMBeasts,0.17769,-5.3591,127.0,93.0,110.0,130
014dbdb4,0.1617150622766,0.49973859761199985,0.009731125639522858,0.01947243155926524,112.0,114.0,113.0,136,3,0.49973859761199985,OMBeasts,0.16171,0.49974,112.0,114.0,113.0,136
014dbdb4,0.15618912310199998,-1.9428722600789188,-0.032299787774987126,0.016624761410549513,18.0,67.0,42.5,19,4,-1.9428722600789188,OMBeasts,0.15619,-1.94287,18.0,67.0,42.5,19
014dbdb4,0.149054403102,1.85138357104948,0.017579359455268326,0.009495255186532332,4.0,28.0,16.0,2,5,1.85138357104948,OMBeasts,0.14905,1.85138,4.0,28.0,16.0,2
014dbdb4,0.14679832310200003,4.885344827263471,0.041193474134121895,0.008432050467396883,11.0,94.0,52.5,32,6,4.885344827263471,OMBeasts,0.1468,4.88535,11.0,94.0,52.5,32
014dbdb4,0.17454404310199997,-4.794568528121086,-0.059383753530902736,0.012385630361231748,157.0,114.0,135.5,157,7,-4.794568528121086,OMBeasts,0.17454,-4.79457,157.0,114.0,135.5,157
014dbdb4,0.16787700310200002,-4.4163836525022875,-0.0658468876812669,0.014909684679219068,144.0,123.0,133.5,155,8,-4.4163836525022875,OMBeasts,0.16788,-4.41638,144.0,123.0,133.5,155
014dbdb4,0.152887763102,5.029756648339098,0.0821577204054346,0.01633433308002373,13.0,104.0,58.5,43,9,5.029756648339098,OMBeasts,0.15289,5.02976,13.0,104.0,58.5,43
014dbdb4,0.16374712310200004,-0.18757464431078738,-0.0017669760243003109,0.00942012195087869,134.0,120.0,127.0,136,10,-0.18757464431078738,OMBeasts,0.16375,-0.18757,134.0,120.0,127.0,136
014dbdb4,0.16531108310200002,-0.671796368867442,-0.007703959270837588,0.011467700076773895,147.0,164.0,155.5,176,11,-0.671796368867442,OMBeasts,0.16531,-0.6718,147.0,164.0,155.5,176
014dbdb4,0.150149443102,8.158730232577328,0.07148773833250138,0.008762115708527175,5.0,6.0,5.5,2,12,8.158730232577328,OMBeasts,0.15015,8.15873,5.0,6.0,5.5,2
015c8cbd,0.1563461096,-4.0262611489093585,-0.010263244302190881,0.002549075661664671,20.0,114.0,67.0,49,4,-4.0262611489093585,Kiwi,0.15635,-4.02626,20.0,114.0,67.0,49
015c8cbd,0.15682610959999999,-2.972068367765277,-0.006634368697545143,0.002232239597682465,35.0,171.0,103.0,105,5,-2.972068367765277,Kiwi,0.15683,-2.97207,35.0,171.0,103.0,105
015c8cbd,0.16406050960000002,0.9867367678594238,0.0024007955166566695,0.0024330658336212934,122.0,142.0,132.0,149,6,0.9867367678594238,Kiwi,0.16406,0.98674,122.0,142.0,132.0,149
015c8cbd,0.16003570960000002,-5.045514848997319,-0.010507604602879464,0.0020825634087604777,85.0,127.0,106.0,81,7,-5.045514848997319,Kiwi,0.16004,-5.04551,85.0,127.0,106.0,81
015c8cbd,0.16097650959999998,-4.146360863608775,-0.010342006546245064,0.0024942369674124127,103.0,113.0,108.0,96,8,-4.146360863608775,Kiwi,0.16098,-4.14636,103.0,113.0,108.0,96
015c8cbd,0.16306610959999998,0.7757963875259828,0.002203599901417135,0.002840435888654267,117.0,145.0,131.0,139,9,0.7757963875259828,Kiwi,0.16307,0.7758,117.0,145.0,131.0,139
015c8cbd,0.1586501096,-0.19859735049574634,-0.0002867433988054187,0.001443843022525924,46.0,121.0,83.5,55,10,-0.19859735049574634,Kiwi,0.15865,-0.1986,46.0,121.0,83.5,55
015c8cbd,0.1513957096,-2.6893093130699524,-0.004380067649223891,0.0016286961220626094,8.0,204.0,106.0,106,11,-2.6893093130699524,Kiwi,0.1514,-2.68931,8.0,204.0,106.0,106
015c8cbd,0.1539821096,2.8919366684086585,0.0058190561933062,0.0020121658461173158,12.0,114.0,63.0,35,12,2.8919366684086585,Kiwi,0.15398,2.89194,12.0,114.0,63.0,35
0509c220,0.2032,4.3237429301151815,0.05470244735106482,0.012651641930434467,130.0,24.0,77.0,79,1,4.3237429301151815,Droid,0.2032,4.32374,130.0,24.0,77.0,79
0509c220,0.20640000000000003,-6.109860411511499,-0.10124247173090811,0.016570341204548412,148.0,132.0,140.0,166,2,-6.109860411511499,Droid,0.2064,-6.10986,148.0,132.0,140.0,166
0509c220,0.20319999999999996,0.4128510225699836,0.009504315405090322,0.0230211744321869,162.0,117.0,139.5,164,3,0.4128510225699836,Droid,0.2032,0.41285,162.0,117.0,139.5,164
0509c220,0.2028,-2.343319080613055,-0.04834530863158354,0.020631124899531617,171.0,75.0,123.0,144,4,-2.343319080613055,Droid,0.2028,-2.34332,171.0,75.0,123.0,144
0509c220,0.20680000000000004,-0.5265600108966775,-0.008537422718290144,0.016213579728076563,172.0,118.0,145.0,166,5,-0.5265600108966775,Droid,0.2068,-0.52656,172.0,118.0,145.0,166
0509c220,0.2032,3.850274965857737,0.06164603775624826,0.01601081437115367,175.0,116.0,145.5,162,6,3.850274965857737,Droid,0.2032,3.85027,175.0,116.0,145.5,162
0509c220,0.20199999999999999,-4.036836137064926,-0.06017555348852449,0.014906612863477909,176.0,84.0,130.0,151,7,-4.036836137064926,Droid,0.202,-4.03684,176.0,84.0,130.0,151
0509c220,0.20479999999999998,-4.572288765846026,-0.08268136488694072,0.01808314590813949,179.0,129.0,154.0,179,8,-4.572288765846026,Droid,0.2048,-4.57229,179.0,129.0,154.0,179
0509c220,0.20520000000000008,4.900295819491402,0.09093293936847746,0.018556622440380616,182.0,109.0,145.5,165,9,4.900295819491402,Droid,0.2052,4.9003,182.0,109.0,145.5,165
0509c220,0.20759999999999998,-6.307976854844771,-0.06337092097667925,0.010046156229632949,189.0,207.0,198.0,217,10,-6.307976854844771,Droid,0.2076,-6.30798,189.0,207.0,198.0,217
0509c220,0.2028,-0.5457077656582242,-0.006435945217478468,0.011793757799498292,188.0,160.0,174.0,195,11,-0.5457077656582242,Droid,0.2028,-0.54571,188.0,160.0,174.0,195
0509c220,0.20400000000000001,6.08652040157493,0.06530721206857007,0.010729810755529772,194.0,32.0,113.0,119,12,6.08652040157493,Droid,0.204,6.08652,194.0,32.0,113.0,119
05cd7224,0.324,-2.9061611723773213,-0.03760763074741944,0.012940655564761863,159.0,148.0,153.5,162,1,-2.9061611723773213,ma7,0.324,-2.90616,159.0,148.0,153.5,162
05cd7224,0.26,4.5814588402589225,0.04923178458292683,0.010745875123947307,159.0,10.0,84.5,81,2,4.5814588402589225,ma7,0.26,4.58146,159.0,10.0,84.5,81
05cd7224,0.316,-0.7728449289676738,-0.005588943216979378,0.0072316489472795,181.0,141.0,161.0,179,3,-0.7728449289676738,ma7,0.316,-0.77285,181.0,141.0,161.0,179
05cd7224,0.34,-0.2943403030461536,-0.002320133975976083,0.007882488235436375,196.0,48.0,122.0,141,4,-0.2943403030461536,ma7,0.34,-0.29434,196.0,48.0,122.0,141
05cd7224,0.1602938562668,-0.9675575321653372,-0.010843408073836557,0.011206990502745241,100.0,132.0,116.0,127,5,-0.9675575321653372,ma7,0.16029,-0.96756,100.0,132.0,116.0,127
05cd7224,0.15866997626680002,4.762001205006834,0.03191801110606451,0.006702646583227544,62.0,98.0,80.0,78,6,4.762001205006834,ma7,0.15867,4.762,62.0,98.0,80.0,78
05cd7224,0.1645784562668,-4.8252367460719725,-0.06216272605141021,0.012882834422997863,123.0,116.0,119.5,131,7,-4.8252367460719725,ma7,0.16458,-4.82524,123.0,116.0,119.5,131
05cd7224,0.1577407762668,5.264023951989205,0.06268933456872461,0.011909013929360094,25.0,25.0,25.0,9,8,5.264023951989205,ma7,0.15774,5.26402,25.0,25.0,25.0,9
05cd7224,0.1607681362668,-6.715814655322345,-0.09760565872834355,0.014533703465295929,105.0,190.0,147.5,170,9,-6.715814655322345,ma7,0.16077,-6.71582,105.0,190.0,147.5,170
05cd7224,0.16042613626680002,0.8296856108527515,0.004966538159704017,0.0059860483232912825,115.0,70.0,92.5,66,10,0.8296856108527515,ma7,0.16043,0.82969,115.0,70.0,92.5,66
05cd7224,0.1593463762668,2.145401620366041,0.009654753967423914,0.004500208201472624,66.0,26.0,46.0,23,11,2.145401620366041,ma7,0.15935,2.1454,66.0,26.0,46.0,23
05cd7224,0.16611081626679997,-8.208246947403593,-0.05152790433911505,0.006277577254838099,144.0,206.0,175.0,196,12,-8.208246947403593,ma7,0.16611,-8.20825,144.0,206.0,175.0,196
067500b1,0.161235,1.365383870540224,0.025591570398727836,0.018743132206917274,108.0,54.0,81.0,72,3,1.365383870540224,FlashCrash,0.16123,1.36538,108.0,54.0,81.0,72
067500b1,0.16123499999999996,-3.586884077241489,-0.06102919791345138,0.017014544267175254,111.0,101.0,106.0,104,4,-3.586884077241489,FlashCrash,0.16123,-3.58688,111.0,101.0,106.0,104
067500b1,0.16643499999999997,-0.4977420271447224,-0.00515829630486314,0.010363393130480672,127.0,116.0,121.5,134,5,-0.4977420271447224,FlashCrash,0.16643,-0.49774,127.0,116.0,121.5,134
067500b1,0.159635,6.421025720867857,0.06231457088227069,0.009704768924963648,66.0,36.0,51.0,30,6,6.421025720867857,FlashCrash,0.15963,6.42103,66.0,36.0,51.0,30
067500b1,0.160435,-4.330510707892065,-0.057951561726738585,0.013382154123560011,91.0,94.0,92.5,65,7,-4.330510707892065,FlashCrash,0.16043,-4.33051,91.0,94.0,92.5,65
067500b1,0.163435,-4.964370241676223,-0.08300106961795958,0.01671935524090448,129.0,168.0,148.5,173,8,-4.964370241676223,FlashCrash,0.16343,-4.96437,129.0,168.0,148.5,173
067500b1,0.15903499999999998,7.634491901781762,0.11762464592755334,0.015407003824328077,40.0,63.0,51.5,21,9,7.634491901781762,FlashCrash,0.15904,7.63449,40.0,63.0,51.5,21
067500b1,0.166435,-1.2790360836476957,-0.013492021896280005,0.010548585820817481,148.0,160.0,154.0,178,10,-1.2790360836476957,FlashCrash,0.16643,-1.27904,148.0,160.0,154.0,178
067500b1,0.16263499999999997,1.3587162966501598,0.015461188183591157,0.011379261602815735,137.0,40.0,88.5,63,11,1.3587162966501598,FlashCrash,0.16264,1.35872,137.0,40.0,88.5,63
067500b1,0.16043500000000002,4.503452629344797,0.03836747170441754,0.008519568176294904,118.0,86.0,102.0,102,12,4.503452629344797,FlashCrash,0.16043,4.50345,118.0,86.0,102.0,102
07449c03,0.30057880000000003,-2.9221962313394236,-0.01688740072376976,0.005779009822358582,187.0,90.0,138.5,159,4,-2.9221962313394236,TSCOE,0.30058,-2.9222,187.0,90.0,138.5,159
07449c03,0.31581879999999996,-2.7532799546626165,-0.01660714770245409,0.00603176864536796,191.0,167.0,179.0,195,5,-2.7532799546626165,TSCOE,0.31582,-2.75328,191.0,167.0,179.0,195
07449c03,0.33517880000000005,-3.146264178691739,-0.01944246943861562,0.006179541301805137,198.0,174.0,186.0,193,6,-3.146264178691739,TSCOE,0.33518,-3.14626,198.0,174.0,186.0,193
07449c03,0.20609879999999997,3.1728052474086352,0.014558720144484151,0.004588595583159375,178.0,39.0,108.5,104,7,3.1728052474086352,TSCOE,0.2061,3.1728,178.0,39.0,108.5,104
07449c03,0.2412988,4.3365584456455055,0.015061215446051227,0.00347308023974051,192.0,39.0,115.5,125,8,4.3365584456455055,TSCOE,0.2413,4.33656,192.0,39.0,115.5,125
07449c03,0.3088987999999999,-1.31522681764153,-0.009510423516800077,0.00723101398879184,205.0,155.0,180.0,197,9,-1.31522681764153,TSCOE,0.3089,-1.31523,205.0,155.0,180.0,197
07449c03,0.21881880000000004,0.4285362774007633,0.0010776031896280102,0.002514613689566929,198.0,81.0,139.5,157,10,0.4285362774007633,TSCOE,0.21882,0.42854,198.0,81.0,139.5,157
07449c03,0.24609879999999998,3.5626683669401085,0.014018630602034704,0.003934868238683404,206.0,12.0,109.0,110,11,3.5626683669401085,TSCOE,0.2461,3.56267,206.0,12.0,109.0,110
07449c03,0.3118588,-8.2681105849267,-0.03395418650855121,0.004106643973830235,216.0,208.0,212.0,221,12,-8.2681105849267,TSCOE,0.31186,-8.26811,216.0,208.0,212.0,221
07c9170b,0.1519343977338,2.1437786277971274,0.02107120974514213,0.009829004483916408,13.0,93.0,53.0,30,1,2.1437786277971274,Dream Team,0.15193,2.14378,13.0,93.0,53.0,30
07c9170b,0.1678122170476,-6.115160930829479,-0.023871778964863852,0.003903704127313263,99.0,133.0,116.0,138,2,-6.115160930829479,Dream Team,0.16781,-6.11516,99.0,133.0,116.0,138
07c9170b,0.1607313856184,-3.6579968633963835,-0.016986400939147814,0.00464363463761318,102.0,172.0,137.0,162,3,-3.6579968633963835,Dream Team,0.16073,-3.658,102.0,172.0,137.0,162
07c9170b,0.1557965028818,-5.059172922039901,-0.04358297299310711,0.008614643868613625,14.0,174.0,94.0,84,4,-5.059172922039901,Dream Team,0.1558,-5.05917,14.0,174.0,94.0,84
07c9170b,0.1564176228032,2.0053063466606216,0.00675751586333136,0.003369817222482966,29.0,23.0,26.0,9,5,2.0053063466606216,Dream Team,0.15642,2.00531,29.0,23.0,26.0,9
07c9170b,0.16117290967999998,-7.902637130962075,-0.036531843668306155,0.004622740872812761,111.0,199.0,155.0,169,6,-7.902637130962075,Dream Team,0.16117,-7.90264,111.0,199.0,155.0,169
07c9170b,0.16096801545999997,4.869333409769197,0.018280796585929005,0.003754270871912938,98.0,29.0,63.5,39,7,4.869333409769197,Dream Team,0.16097,4.86933,98.0,29.0,63.5,39
07c9170b,0.15977502581999997,4.5785583792879985,0.03848976461435936,0.008406524811057409,47.0,33.0,40.0,26,8,4.5785583792879985,Dream Team,0.15978,4.57856,47.0,33.0,40.0,26
07c9170b,0.16031553715999997,-7.009061768485839,-0.09262910147009173,0.013215620653618853,99.0,191.0,145.0,163,9,-7.009061768485839,Dream Team,0.16032,-7.00906,99.0,191.0,145.0,163
07c9170b,0.16,-0.9928305139449941,-0.0064731230332486225,0.00651986712971561,83.5,153.0,118.25,121,10,-0.9928305139449941,Dream Team,0.16,-0.99283,83.5,153.0,118.25,121
07c9170b,0.16,3.0214561465366203,0.012846433774865279,0.004251735968298151,92.0,15.0,53.5,29,11,3.0214561465366203,Dream Team,0.16,3.02146,92.0,15.0,53.5,29
07c9170b,0.16,6.938387001807338,0.0472963985100213,0.006816627336829345,91.5,18.0,54.75,25,12,6.938387001807338,Dream Team,0.16,6.93839,91.5,18.0,54.75,25
08986844,0.16,6.593952296067286,0.06879860042151288,0.010433590862121525,63.5,2.0,32.75,9,1,6.593952296067286,Peters_STU,0.16,6.59395,63.5,2.0,32.75,9
08986844,0.16,-1.436589239260981,-0.022139806323989153,0.015411368621540316,48.5,45.0,46.75,23,2,-1.436589239260981,Peters_STU,0.16,-1.43659,48.5,45.0,46.75,23
08986844,0.15632,-0.03753200085187768,-0.0009315720839889116,0.024820741309940213,24.0,123.0,73.5,42,3,-0.03753200085187768,Peters_STU,0.15632,-0.03753,24.0,123.0,73.5,42
08986844,0.15694,-1.7590972559371427,-0.03294943176630765,0.01873087554147434,27.0,63.0,45.0,27,4,-1.7590972559371427,Peters_STU,0.15694,-1.7591,27.0,63.0,45.0,27
08986844,0.1557,0.11755824226807464,0.0013122369688561269,0.011162441216701416,18.0,98.0,58.0,36,5,0.11755824226807464,Peters_STU,0.1557,0.11756,18.0,98.0,58.0,36
08986844,0.15766,6.0328452831056465,0.06692672855095456,0.01109372533361263,54.0,65.0,59.5,37,6,6.0328452831056465,Peters_STU,0.15766,6.03285,54.0,65.0,59.5,37
08986844,0.15827999999999998,-4.396984333965336,-0.06985469236477229,0.01588695502623617,25.0,98.0,61.5,37,7,-4.396984333965336,Peters_STU,0.15828,-4.39698,25.0,98.0,61.5,37
08986844,0.15814000000000003,-3.2645350824767196,-0.05608089690999554,0.017178831133114487,29.0,97.0,63.0,45,8,-3.2645350824767196,Peters_STU,0.15814,-3.26453,29.0,97.0,63.0,45
08986844,0.15996,3.9969882706852484,0.08189113456994741,0.02048820987806099,51.0,115.0,83.0,75,9,3.9969882706852484,Peters_STU,0.15996,3.99699,51.0,115.0,83.0,75
08986844,0.1579,-1.4187795659573856,-0.01518069221698672,0.010699824399248985,35.0,162.0,98.5,93,10,-1.4187795659573856,Peters_STU,0.1579,-1.41878,35.0,162.0,98.5,93
08986844,0.15678,-0.21995226172665536,-0.0026967597599287,0.012260659375624358,42.5,145.0,93.75,93,11,-0.21995226172665536,Peters_STU,0.15678,-0.21995,42.5,145.0,93.75,93
08986844,0.15774,6.36711466978012,0.07518812990375719,0.011808822960361998,46.0,27.0,36.5,13,12,6.36711466978012,Peters_STU,0.15774,6.36712,46.0,27.0,36.5,13
0b1bfb9c,0.16,3.048162264676732,0.04719344246655018,0.015482588644786337,63.5,81.0,72.25,72,1,3.048162264676732,T,0.16,3.04816,63.5,81.0,72.25,72
0b1bfb9c,0.15510150456479999,-1.3027010891602486,-0.014621967244992052,0.011224345605189992,6.0,43.0,24.5,8,2,-1.3027010891602486,T,0.1551,-1.3027,6.0,43.0,24.5,8
0b1bfb9c,0.16044444331479998,-0.6689309998108691,-0.009280173560202477,0.013873140223470458,99.0,139.0,119.0,143,3,-0.6689309998108691,T,0.16044,-0.66893,99.0,139.0,119.0,143
0b1bfb9c,0.1615027496166,-6.297724222286355,-0.09713392867576169,0.015423655474151223,117.0,188.0,152.5,170,4,-6.297724222286355,T,0.1615,-6.29772,117.0,188.0,152.5,170
0b1bfb9c,0.16249289049159998,1.8575424237404192,0.008885768089225275,0.0047836151549812515,116.0,26.0,71.0,49,5,1.8575424237404192,T,0.16249,1.85754,116.0,26.0,71.0,49
0b1bfb9c,0.15595937801039997,-0.5312811692874796,-0.0023067486299786343,0.00434186032430304,44.0,153.0,98.5,97,6,-0.5312811692874796,T,0.15596,-0.53128,44.0,153.0,98.5,97
0b1bfb9c,0.1611678736088,-5.740656808186944,-0.058807812170526476,0.010244091248698002,100.0,184.0,142.0,170,7,-5.740656808186944,T,0.16117,-5.74066,100.0,184.0,142.0,170
0b1bfb9c,0.15987655946020002,5.434081577362504,0.051279820857450906,0.00943670427604073,49.0,22.0,35.5,23,8,5.434081577362504,T,0.15988,5.43408,49.0,22.0,35.5,23
0b1bfb9c,0.160192848,-7.028027345213063,-0.09607677613523292,0.013670518257256473,98.0,192.0,145.0,163,9,-7.028027345213063,T,0.16019,-7.02803,98.0,192.0,145.0,163
0b1bfb9c,0.15940215400000002,-6.605361938736663,-0.016494510474252176,0.002497139540154692,52.0,209.0,130.5,143,10,-6.605361938736663,T,0.1594,-6.60536,52.0,209.0,130.5,143
0b1bfb9c,0.15891036600000003,2.869888777117882,0.00904833296293802,0.003152851439777715,61.0,16.0,38.5,19,11,2.869888777117882,T,0.15891,2.86989,61.0,16.0,38.5,19
0b1bfb9c,0.162546364,-6.577330025882431,-0.02291419463612509,0.003483814031826822,131.0,189.0,160.0,179,12,-6.577330025882431,T,0.16255,-6.57733,131.0,189.0,160.0,179
0bdd6c11,0.29279999999999995,-4.466951871962444,-0.06100123891151838,0.013656121816400723,184.0,160.0,172.0,190,4,-4.466951871962444,Forctech_STU,0.2928,-4.46695,184.0,160.0,172.0,190
0bdd6c11,0.27319999999999994,1.9015086902945497,0.00457697139362674,0.0024070210233526476,184.0,24.0,104.0,106,5,1.9015086902945497,Forctech_STU,0.2732,1.90151,184.0,24.0,104.0,106
0bdd6c11,0.21785999999999997,4.358426826484482,0.020391380692647853,0.004678610311577857,178.0,106.0,142.0,157,6,4.358426826484482,Forctech_STU,0.21786,4.35843,178.0,106.0,142.0,157
0bdd6c11,0.22376000000000001,-5.013705910224952,-0.04646845311452394,0.009268284567660056,186.0,124.0,155.0,186,7,-5.013705910224952,Forctech_STU,0.22376,-5.01371,186.0,124.0,155.0,186
0bdd6c11,0.25261500000000003,-6.080215952951692,-0.049212512825848945,0.00809387581076924,197.0,197.0,197.0,206,8,-6.080215952951692,Forctech_STU,0.25261,-6.08022,197.0,197.0,197.0,206
0bdd6c11,0.216815,5.184729082156174,0.04496655010384367,0.008672883267633229,187.0,102.0,144.5,160,9,5.184729082156174,Forctech_STU,0.21682,5.18473,187.0,102.0,144.5,160
0bdd6c11,0.20831499999999997,2.8303839599909884,0.015003010608323557,0.005300698004369458,190.0,36.0,113.0,113,10,2.8303839599909884,Forctech_STU,0.20832,2.83038,190.0,36.0,113.0,113
0bdd6c11,0.22231499999999993,0.8229953547743096,0.004993442548909389,0.006067400648061668,198.0,61.0,129.5,151,11,0.8229953547743096,Forctech_STU,0.22232,0.823,198.0,61.0,129.5,151
0bdd6c11,0.176315,7.345266789661813,0.03758509379498999,0.005116913363567624,169.0,15.0,92.0,89,12,7.345266789661813,Forctech_STU,0.17631,7.34527,169.0,15.0,92.0,89
0cf24559,0.16,-3.8933568050142653,-0.06743450244065895,0.01732040134462114,83.5,108.0,95.75,88,4,-3.8933568050142653,Equally Weighted,0.16,-3.89336,83.5,108.0,95.75,88
0cf24559,0.16,0.32520187349577195,0.003275221078537076,0.010071347508948648,79.5,90.0,84.75,81,5,0.32520187349577195,Equally Weighted,0.16,0.3252,79.5,90.0,84.75,81
0cf24559,0.16,6.40764045104904,0.05973249666653237,0.009322073721654145,88.5,37.0,62.75,43,6,6.40764045104904,Equally Weighted,0.16,6.40764,88.5,37.0,62.75,43
0cf24559,0.16,-4.929117566308696,-0.06713179520218823,0.013619434776935481,64.0,119.0,91.5,64,7,-4.929117566308696,Equally Weighted,0.16,-4.92912,64.0,119.0,91.5,64
0cf24559,0.16,-4.629393758499372,-0.07998664488408856,0.017277995577117726,69.0,130.0,99.5,81,8,-4.629393758499372,Equally Weighted,0.16,-4.62939,69.0,130.0,99.5,81
0cf24559,0.15999999999999998,7.956122844541108,0.1259915451347183,0.01583579685690301,73.0,28.0,50.5,20,9,7.956122844541108,Equally Weighted,0.16,7.95612,73.0,28.0,50.5,20
0cf24559,0.16,-0.3645266563873974,-0.0033794169660546097,0.009270699156944959,83.5,126.0,104.75,101,10,-0.3645266563873974,Equally Weighted,0.16,-0.36453,83.5,126.0,104.75,101
0cf24559,0.16,0.5452445692052653,0.006437333105548993,0.011806322280168488,92.0,110.0,101.0,102,11,0.5452445692052653,Equally Weighted,0.16,0.54524,92.0,110.0,101.0,102
0cf24559,0.16,4.578976055387034,0.03580313769659969,0.007819027062715983,91.5,84.0,87.75,81,12,4.578976055387034,Equally Weighted,0.16,4.57898,91.5,84.0,87.75,81
0db5fc0c,0.14457611184,-2.229015635341175,-0.009288578766103402,0.004167121404997091,1.0,138.0,69.5,64,1,-2.229015635341175,USYD_PRAZ,0.14458,-2.22902,1.0,138.0,69.5,64
0db5fc0c,0.18294935492000003,12.795482302145833,0.041785429932603584,0.003265639305022216,136.0,1.0,68.5,46,2,12.795482302145833,USYD_PRAZ,0.18295,12.79548,136.0,1.0,68.5,46
0db5fc0c,0.1598992518,-6.114574914121253,-0.01672756060570364,0.002735686591568666,58.0,180.0,119.0,143,3,-6.114574914121253,USYD_PRAZ,0.1599,-6.11458,58.0,180.0,119.0,143
0db5fc0c,0.14739472945080004,2.2292496779300244,0.009558405260319678,0.004287723064378845,2.0,24.0,13.0,4,4,2.2292496779300244,USYD_PRAZ,0.14739,2.22925,2.0,24.0,13.0,4
0db5fc0c,0.16549565341239997,-2.5154825771927234,-0.01382230328176612,0.005494891281334892,124.0,163.0,143.5,160,5,-2.5154825771927234,USYD_PRAZ,0.1655,-2.51548,124.0,163.0,143.5,160
0db5fc0c,0.13870510290719998,7.5670336450069815,0.05420670371122559,0.007163534121061196,3.0,16.0,9.5,2,6,7.5670336450069815,USYD_PRAZ,0.1387,7.56703,3.0,16.0,9.5,2
0db5fc0c,0.17831428548160003,-4.595677751927973,-0.05312366760237594,0.011559484905156714,162.0,106.0,134.0,153,7,-4.595677751927973,USYD_PRAZ,0.17831,-4.59568,162.0,106.0,134.0,153
0db5fc0c,0.15662609378599998,0.10160954789796246,0.00019228194859673533,0.0018923610288063399,20.0,67.0,43.5,29,8,0.10160954789796246,USYD_PRAZ,0.15663,0.10161,20.0,67.0,43.5,29
0db5fc0c,0.18761859679400003,-8.905725386577506,-0.07400172978673525,0.008309455611360851,177.0,208.0,192.5,205,9,-8.905725386577506,USYD_PRAZ,0.18762,-8.90573,177.0,208.0,192.5,205
0db5fc0c,0.17621366094559995,-0.4696935973726926,-0.001898095444626255,0.004041135444987029,165.0,132.0,148.5,169,10,-0.4696935973726926,USYD_PRAZ,0.17621,-0.46969,165.0,132.0,148.5,169
0db5fc0c,0.1620558607712,1.7570531823285291,0.007735907408765061,0.004402773624935515,135.0,32.0,83.5,56,11,1.7570531823285291,USYD_PRAZ,0.16206,1.75705,135.0,32.0,83.5,56
0db5fc0c,0.20165069378519998,-7.445681991031064,-0.0507191612780433,0.0068118892720826245,190.0,198.0,194.0,212,12,-7.445681991031064,USYD_PRAZ,0.20165,-7.44568,190.0,198.0,194.0,212
104bc1c3,0.17136835546039997,-0.0657013298665101,-0.00011473803575955837,0.0017463578894472837,106.0,38.0,72.0,49,2,-0.0657013298665101,PolarisAI,0.17137,-0.0657,106.0,38.0,72.0,49
104bc1c3,0.17370811546039996,-1.1697405793249314,-0.0035804804215816,0.003060918365034348,141.0,146.0,143.5,172,3,-1.1697405793249314,PolarisAI,0.17371,-1.16974,141.0,146.0,143.5,172
104bc1c3,0.16580815546039995,6.644909857686722,0.013416513271180883,0.002019066256506231,135.0,2.0,68.5,51,4,6.644909857686722,PolarisAI,0.16581,6.64491,135.0,2.0,68.5,51
104bc1c3,0.16947507546039997,-2.2412260064829277,-0.004406167426244951,0.0019659630102005577,144.0,159.0,151.5,174,5,-2.2412260064829277,PolarisAI,0.16947,-2.24123,144.0,159.0,151.5,174
104bc1c3,0.1730216354604,-6.309136960366836,-0.011507664977146188,0.001823968167030739,157.0,195.0,176.0,189,6,-6.309136960366836,PolarisAI,0.17302,-6.30914,157.0,195.0,176.0,189
104bc1c3,0.1749084754604,0.1635482726104442,0.000258560287107917,0.0015809417181909468,158.0,59.0,108.5,104,7,0.1635482726104442,PolarisAI,0.17491,0.16355,158.0,59.0,108.5,104
104bc1c3,0.1751950354604,-0.37711312148178333,-0.0011227533672629646,0.0029772323032711016,161.0,70.0,115.5,125,8,-0.37711312148178333,PolarisAI,0.17519,-0.37711,161.0,70.0,115.5,125
104bc1c3,0.1730081954604,-10.148206294653205,-0.023078697532236698,0.002274165193547178,156.0,211.0,183.5,200,9,-10.148206294653205,PolarisAI,0.17301,-10.14821,156.0,211.0,183.5,200
104bc1c3,0.14826139546040001,12.275471915245816,0.018805719955236205,0.0015319753150899226,2.0,1.0,1.5,1,10,12.275471915245816,PolarisAI,0.14826,12.27547,2.0,1.0,1.5,1
104bc1c3,0.16658103546039996,1.0282552491894796,0.0016157053954712244,0.0015713077047209837,150.0,47.0,98.5,98,11,1.0282552491894796,PolarisAI,0.16658,1.02825,150.0,47.0,98.5,98
104bc1c3,0.1699614354604,1.324906575250278,0.002211448530269469,0.0016691354481743145,156.0,128.0,142.0,158,12,1.324906575250278,PolarisAI,0.16996,1.32491,156.0,128.0,142.0,158
121c1584,0.1465338916632,4.991068248057387,0.06772731684138197,0.013569703613598683,10.0,91.0,50.5,29,6,4.991068248057387,Blue and Gold,0.14653,4.99107,10.0,91.0,50.5,29
121c1584,0.1704216916632,-5.01962306149323,-0.08432418765262266,0.016798908328295475,145.0,125.0,135.0,155,7,-5.01962306149323,Blue and Gold,0.17042,-5.01962,145.0,125.0,135.0,155
121c1584,0.15783321166320002,-4.252581460627426,-0.07324358927315935,0.017223324221131556,26.0,117.0,71.5,52,8,-4.252581460627426,Blue and Gold,0.15783,-4.25258,26.0,117.0,71.5,52
121c1584,0.1565960516632,2.5520319527604713,0.0567164378443803,0.02222403124029521,22.0,132.0,77.0,61,9,2.5520319527604713,Blue and Gold,0.1566,2.55203,22.0,132.0,77.0,61
121c1584,0.20962305200000003,1.535731511650337,0.011248884812456842,0.007324773065552649,191.0,50.0,120.5,123,10,1.535731511650337,Blue and Gold,0.20962,1.53573,191.0,50.0,120.5,123
121c1584,0.25553505200000004,-0.6805890009645451,-0.0062816873003868415,0.009229780809687347,210.0,165.0,187.5,208,11,-0.6805890009645451,Blue and Gold,0.25554,-0.68059,210.0,165.0,187.5,208
121c1584,0.27083105199999996,0.5738716182771038,0.0031461839949273283,0.005482382983798546,207.0,139.0,173.0,190,12,0.5738716182771038,Blue and Gold,0.27083,0.57387,207.0,139.0,173.0,190
1240bcc8,0.15796212665999998,-1.0308883356880514,-0.0018080070170910264,0.001753834003645311,38.0,123.0,80.5,84,1,-1.0308883356880514,cn ccc,0.15796,-1.03089,38.0,123.0,80.5,84
1240bcc8,0.20563360346,-7.17782909481401,-0.019223135352629817,0.0026781266450769292,147.0,161.0,154.0,173,2,-7.17782909481401,cn ccc,0.20563,-7.17783,147.0,161.0,154.0,173
1240bcc8,0.15976690050000003,-1.4163437250837327,-0.0031007128114070486,0.0021892375109888933,57.0,150.0,103.5,113,3,-1.4163437250837327,cn ccc,0.15977,-1.41634,57.0,150.0,103.5,113
1240bcc8,0.15825970050000002,3.2285849432578924,0.005675302375486998,0.0017578296607430061,45.0,19.0,32.0,11,4,3.2285849432578924,cn ccc,0.15826,3.22858,45.0,19.0,32.0,11
1240bcc8,0.1577205005,1.4595471450773378,0.0029356453774148387,0.002011339878479421,45.0,39.0,42.0,20,5,1.4595471450773378,cn ccc,0.15772,1.45955,45.0,39.0,42.0,20
1240bcc8,0.15707610049999998,-1.7086701525806818,-0.004376553813153696,0.002561380150840459,48.0,161.0,104.5,110,6,-1.7086701525806818,cn ccc,0.15708,-1.70867,48.0,161.0,104.5,110
1240bcc8,0.1629841005,2.2895596281219666,0.001982176085563372,0.0008657455613808456,115.0,45.0,80.0,54,7,2.2895596281219666,cn ccc,0.16298,2.28956,115.0,45.0,80.0,54
1240bcc8,0.16130090050000004,-4.153832086034082,-0.007741554452604193,0.0018637138652360717,108.0,115.0,111.5,117,8,-4.153832086034082,cn ccc,0.1613,-4.15383,108.0,115.0,111.5,117
1240bcc8,0.1574773005,1.1009292705457459,0.0027906233184531674,0.002534788921607849,27.0,141.0,84.0,77,9,1.1009292705457459,cn ccc,0.15748,1.10093,27.0,141.0,84.0,77
1240bcc8,0.1613805005,4.841225803086279,0.008086288470547948,0.001670297730255206,124.0,14.0,69.0,46,10,4.841225803086279,cn ccc,0.16138,4.84123,124.0,14.0,69.0,46
1240bcc8,0.1605501005,2.4406554407521353,0.004430945706797895,0.0018154736767892205,120.0,24.0,72.0,46,11,2.4406554407521353,cn ccc,0.16055,2.44066,120.0,24.0,72.0,46
1240bcc8,0.15665490049999997,2.5014255839657697,0.004519646687549442,0.0018068283608037529,32.0,120.0,76.0,49,12,2.5014255839657697,cn ccc,0.15665,2.50143,32.0,120.0,76.0,49
12b14bfc,0.27712000000000003,-1.0512694441299137,-0.016646632294068976,0.015834791343951417,147.0,124.0,135.5,153,1,-1.0512694441299137,Drazencap,0.27712,-1.05127,147.0,124.0,135.5,153
12b14bfc,0.21464,-1.0916672941219725,-0.00855391688682127,0.007835644552950705,152.0,41.0,96.5,107,2,-1.0916672941219725,Drazencap,0.21464,-1.09167,152.0,41.0,96.5,107
12b14bfc,0.21144000000000002,6.107397637281792,0.052935997918097194,0.008667521105054053,164.0,9.0,86.5,77,3,6.107397637281792,Drazencap,0.21144,6.1074,164.0,9.0,86.5,77
12b14bfc,0.23464000000000002,-4.569814895018435,-0.027886812759550517,0.006102394385809803,179.0,165.0,172.0,190,4,-4.569814895018435,Drazencap,0.23464,-4.56982,179.0,165.0,172.0,190
12b14bfc,0.29024,-1.5895849223749599,-0.009519280224111961,0.005988532031298736,186.0,145.0,165.5,190,5,-1.5895849223749599,Drazencap,0.29024,-1.58959,186.0,145.0,165.5,190
12b14bfc,0.22224000000000005,1.4065983820620307,0.007866914206625063,0.005592864535427949,180.0,139.0,159.5,172,6,1.4065983820620307,Drazencap,0.22224,1.4066,180.0,139.0,159.5,172
12b14bfc,0.21824,-0.5532092565701091,-0.0017801647502753838,0.0032178867745496238,183.0,62.0,122.5,140,7,-0.5532092565701091,Drazencap,0.21824,-0.55321,183.0,62.0,122.5,140
12b14bfc,0.22943999999999998,-5.362373496958391,-0.059971082281677635,0.011183682433850239,190.0,182.0,186.0,201,8,-5.362373496958391,Drazencap,0.22944,-5.36237,190.0,182.0,186.0,201
12b14bfc,0.25664000000000003,8.279947092932412,0.12453314747756833,0.015040331306448466,197.0,12.0,104.5,110,9,8.279947092932412,Drazencap,0.25664,8.27995,197.0,12.0,104.5,110
12b14bfc,0.21584000000000003,4.094213655840608,0.018781087182356233,0.004587226940529603,195.0,20.0,107.5,103,10,4.094213655840608,Drazencap,0.21584,4.09421,195.0,20.0,107.5,103
12b14bfc,0.24704,-1.8480600603755752,-0.03558618536112966,0.019255967987262056,208.0,192.0,200.0,220,11,-1.8480600603755752,Drazencap,0.24704,-1.84806,208.0,192.0,200.0,220
12b14bfc,0.16,-7.761270830922743,-0.18240142644123,0.023501489693478997,91.5,201.0,146.25,165,12,-7.761270830922743,Drazencap,0.16,-7.76127,91.5,201.0,146.25,165
1374c1f1,0.16165340378000004,4.787441558559987,0.04052679416876842,0.008465230055144206,89.0,12.0,50.5,25,1,4.787441558559987,Lo Kheng Hong,0.16165,4.78744,89.0,12.0,50.5,25
1374c1f1,0.15932900378,-7.487028863231135,-0.05027570975833978,0.006715041530725791,23.0,166.0,94.5,100,2,-7.487028863231135,Lo Kheng Hong,0.15933,-7.48703,23.0,166.0,94.5,100
1374c1f1,0.15687100378000002,0.7235534180754172,0.006796205153786771,0.00939281742578734,34.0,106.0,70.0,38,3,0.7235534180754172,Lo Kheng Hong,0.15687,0.72355,34.0,106.0,70.0,38
1374c1f1,0.15616500378,-4.439603650937906,-0.04800048941461253,0.0108118861926947,17.0,159.0,88.0,69,4,-4.439603650937906,Lo Kheng Hong,0.15616,-4.4396,17.0,159.0,88.0,69
1374c1f1,0.15705460378,1.1168067523699143,0.007341768949815338,0.006573893768313786,36.0,46.0,41.0,18,5,1.1168067523699143,Lo Kheng Hong,0.15706,1.11681,36.0,46.0,41.0,18
1374c1f1,0.16446100378,6.06113579079919,0.035007505310278866,0.0057757335454223435,127.0,45.0,86.0,83,6,6.06113579079919,Lo Kheng Hong,0.16446,6.06114,127.0,45.0,86.0,83
1374c1f1,0.16052140377999996,-5.805963060599995,-0.04665906381556622,0.008036403836634886,94.0,186.0,140.0,165,7,-5.805963060599995,Lo Kheng Hong,0.16052,-5.80596,94.0,186.0,140.0,165
1374c1f1,0.16105980377999998,-5.759921857948698,-0.05860012571549965,0.010173770957436065,104.0,188.0,146.0,167,8,-5.759921857948698,Lo Kheng Hong,0.16106,-5.75992,104.0,188.0,146.0,167
1374c1f1,0.16533540378,8.20235430853181,0.07444327656403477,0.009075842589072434,131.0,15.0,73.0,56,9,8.20235430853181,Lo Kheng Hong,0.16534,8.20235,131.0,15.0,73.0,56
1374c1f1,0.16026180378,0.4891249915670683,0.0024453234084146373,0.004999383492101399,110.0,77.0,93.5,67,10,0.4891249915670683,Lo Kheng Hong,0.16026,0.48912,110.0,77.0,93.5,67
1374c1f1,0.15267460378,1.1345835343527795,0.008130821636037924,0.007166349052188679,17.0,43.0,30.0,7,11,1.1345835343527795,Lo Kheng Hong,0.15268,1.13458,17.0,43.0,30.0,7
1374c1f1,0.15612740378,4.471133750393653,0.019148489481113026,0.004282692164918379,28.0,87.0,57.5,29,12,4.471133750393653,Lo Kheng Hong,0.15613,4.47113,28.0,87.0,57.5,29
14cbb019,0.16275929984,3.9903564609732767,0.04404783020812661,0.011038570272837988,95.0,50.5,72.75,73,1,3.9903564609732767,NEOMABS_STU,0.16276,3.99036,95.0,50.5,72.75,73
14cbb019,0.16103719558359997,-4.845983020051255,-0.06503244114611356,0.01341986566544464,73.0,85.0,79.0,57,2,-4.845983020051255,NEOMABS_STU,0.16104,-4.84598,73.0,85.0,79.0,57
14cbb019,0.1603064,1.2949877177799347,0.022709107540401917,0.017536156697557974,95.0,60.0,77.5,62,3,1.2949877177799347,NEOMABS_STU,0.16031,1.29499,95.0,60.0,77.5,62
14cbb019,0.16022639999999996,-3.7993127488712806,-0.06845663238418351,0.018018161943767583,101.0,105.0,103.0,99,4,-3.7993127488712806,NEOMABS_STU,0.16023,-3.79931,101.0,105.0,103.0,99
14cbb019,0.16084664999999998,1.0111102302382518,0.010568700318339485,0.010452569860606734,108.0,48.0,78.0,71,5,1.0111102302382518,NEOMABS_STU,0.16085,1.01111,108.0,48.0,78.0,71
14cbb019,0.16833424828880003,0.13208344745800982,0.0008214421923065695,0.006219115325315166,142.0,145.0,143.5,160,6,0.13208344745800982,NEOMABS_STU,0.16833,0.13208,142.0,145.0,143.5,160
14cbb019,0.155650191054,-4.876813115028305,-0.07084432294676316,0.014526765999798203,11.0,117.0,64.0,41,7,-4.876813115028305,NEOMABS_STU,0.15565,-4.87681,11.0,117.0,64.0,41
14cbb019,0.16054523105399998,5.310043539589644,0.07097608972655706,0.01336638564211133,98.0,23.0,60.5,43,8,5.310043539589644,NEOMABS_STU,0.16054,5.31004,98.0,23.0,60.5,43
14cbb019,0.15999999999999998,-5.445170940549434,-0.022321862014500093,0.004099386825172425,73.0,185.0,129.0,137,9,-5.445170940549434,NEOMABS_STU,0.16,-5.44517,73.0,185.0,129.0,137
14cbb019,0.16,2.1047342930432213,0.005435428185645812,0.002582477134340203,83.5,45.0,64.25,42,10,2.1047342930432213,NEOMABS_STU,0.16,2.10473,83.5,45.0,64.25,42
14cbb019,0.16,3.6318150510648346,0.011067099794257271,0.0030472641471686285,92.0,11.0,51.5,27,11,3.6318150510648346,NEOMABS_STU,0.16,3.63182,92.0,11.0,51.5,27
14cbb019,0.16,-8.468120548677591,-0.023183041888767877,0.0027376844431422523,91.5,210.0,150.75,171,12,-8.468120548677591,NEOMABS_STU,0.16,-8.46812,91.5,210.0,150.75,171
15db49cb,0.16,3.9903564609732767,0.04404783020812661,0.011038570272837988,63.5,50.5,57.0,35,1,3.9903564609732767,bingo,0.16,3.99036,63.5,50.5,57.0,35
15db49cb,0.16,-5.972217322696222,-0.0625144726295192,0.010467548190509646,48.5,119.5,84.0,63,2,-5.972217322696222,bingo,0.16,-5.97222,48.5,119.5,84.0,63
15db49cb,0.16,1.2145320363375662,0.017810997445674638,0.014664905422654707,76.5,77.0,76.75,44,3,1.2145320363375662,bingo,0.16,1.21453,76.5,77.0,76.75,44
15db49cb,0.16,-4.138886891126123,-0.06348132628488458,0.015337777512352444,83.5,130.0,106.75,109,4,-4.138886891126123,bingo,0.16,-4.13889,83.5,130.0,106.75,109
15db49cb,0.16,0.5773235167057652,0.0051771401370592236,0.008967485278618521,79.5,72.0,75.75,52,5,0.5773235167057652,bingo,0.16,0.57732,79.5,72.0,75.75,52
15db49cb,0.16,6.0600597491224875,0.05115238333481326,0.008440904125115311,88.5,55.0,71.75,51,6,6.0600597491224875,bingo,0.16,6.06006,88.5,55.0,71.75,51
15db49cb,0.16,-5.27299710725435,-0.06368220384153285,0.012077041300463028,64.0,150.0,107.0,83,7,-5.27299710725435,bingo,0.16,-5.273,64.0,150.0,107.0,83
15db49cb,0.16,-4.834453883606947,-0.07309001273604356,0.015118566542517455,69.0,152.5,110.75,99,8,-4.834453883606947,bingo,0.16,-4.83445,69.0,152.5,110.75,99
15db49cb,0.15999999999999998,7.838877206432681,0.1097793302513922,0.014004471222142108,73.0,43.5,58.25,24,9,7.838877206432681,bingo,0.16,7.83888,73.0,43.5,58.25,24
15db49cb,0.16,-0.017296953794923936,-0.00014163688740659406,0.00818854516730915,83.5,105.0,94.25,69,10,-0.017296953794923936,bingo,0.16,-0.0173,83.5,105.0,94.25,69
15db49cb,0.16,0.5700101716406613,0.006051048095388376,0.010615684414844095,92.0,94.0,93.0,72,11,0.5700101716406613,bingo,0.16,0.57001,92.0,94.0,93.0,72
15db49cb,0.16,5.1218135718674525,0.0342011818958729,0.0066775530612300064,91.5,64.0,77.75,51,12,5.1218135718674525,bingo,0.16,5.12181,91.5,64.0,77.75,51
169b45f0,0.312,-2.2285689194676412,-0.008602522843582074,0.0038601107501925664,157.0,137.0,147.0,161,1,-2.2285689194676412,Overfitters,0.312,-2.22857,157.0,137.0,147.0,161
169b45f0,0.30800000000000005,3.099974696426204,0.01712095100917874,0.0055229325029383545,166.0,21.0,93.5,99,2,3.099974696426204,Overfitters,0.308,3.09998,166.0,21.0,93.5,99
169b45f0,0.37599999999999995,-3.705321498688628,-0.020242029311963478,0.005462961667193374,185.0,173.0,179.0,183,3,-3.705321498688628,Overfitters,0.376,-3.70532,185.0,173.0,179.0,183
169b45f0,0.30400000000000005,1.2620781314642862,0.005741655891806168,0.004549366436723369,188.0,32.0,110.0,125,4,1.2620781314642862,Overfitters,0.304,1.26208,188.0,32.0,110.0,125
169b45f0,0.276,3.2633045381833736,0.008664604034007511,0.0026551625607185744,185.0,10.0,97.5,97,5,3.2633045381833736,Overfitters,0.276,3.2633,185.0,10.0,97.5,97
169b45f0,0.3520000000000001,-10.811497477471129,-0.02636933158597894,0.0024390082540302156,200.0,200.0,200.0,200,6,-10.811497477471129,Overfitters,0.352,-10.8115,200.0,200.0,200.0,200
169b45f0,0.34000000000000014,3.1815457200280255,0.011776966483878045,0.003701649298874229,204.0,38.0,121.0,135,7,3.1815457200280255,Overfitters,0.34,3.18155,204.0,38.0,121.0,135
169b45f0,0.316,3.5857340271476073,0.02228802231952606,0.006215748895702623,203.0,46.0,124.5,138,8,3.5857340271476073,Overfitters,0.316,3.58573,203.0,46.0,124.5,138
169b45f0,0.35200000000000004,-5.478581210421633,-0.0250827003885592,0.004578320449251647,212.0,186.0,199.0,212,9,-5.478581210421633,Overfitters,0.352,-5.47858,212.0,186.0,199.0,212
169b45f0,0.3,2.279950104488119,0.007629197432200181,0.003346212453150611,218.0,41.0,129.5,141,10,2.279950104488119,Overfitters,0.3,2.27995,218.0,41.0,129.5,141
169b45f0,0.3440000000000001,-3.2648672244016925,-0.008972634330208024,0.0027482386613294253,225.0,210.0,217.5,225,11,-3.2648672244016925,Overfitters,0.344,-3.26487,225.0,210.0,217.5,225
169b45f0,0.3,-2.8478897993727443,-0.01001269417459114,0.003515829220918753,214.0,161.0,187.5,204,12,-2.8478897993727443,Overfitters,0.3,-2.84789,214.0,161.0,187.5,204
190cb995,0.2652348009,4.282290503892252,0.029362228159694945,0.006856664239151239,143.0,28.0,85.5,97,1,4.282290503892252,Placeholder,0.26523,4.28229,143.0,28.0,85.5,97
190cb995,0.17860002701999997,-8.160053529500033,-0.06443938175238502,0.007896931254118039,130.0,174.0,152.0,171,2,-8.160053529500033,Placeholder,0.1786,-8.16005,130.0,174.0,152.0,171
190cb995,0.17297402702,0.7112914614636302,0.006505538727584973,0.009146094224438564,140.0,107.0,123.5,151,3,0.7112914614636302,Placeholder,0.17297,0.71129,140.0,107.0,123.5,151
190cb995,0.18147562701999997,-5.6667779095699755,-0.06170867083863105,0.010889551668227249,158.0,182.0,170.0,187,4,-5.6667779095699755,Placeholder,0.18148,-5.66678,158.0,182.0,170.0,187
190cb995,0.18347522701999996,-2.2422018894437854,-0.015779852758608576,0.007037659201385753,162.0,160.0,161.0,182,5,-2.2422018894437854,Placeholder,0.18347,-2.2422,162.0,160.0,161.0,182
190cb995,0.15247722702,6.274723741309513,0.051638539090172075,0.008229611568428236,21.0,40.0,30.5,12,6,6.274723741309513,Placeholder,0.15248,6.27472,21.0,40.0,30.5,12
190cb995,0.16922642702000001,-3.703583575640578,-0.03590601561999499,0.009694938668633832,140.0,82.0,111.0,111,7,-3.703583575640578,Placeholder,0.16923,-3.70358,140.0,82.0,111.0,111
190cb995,0.16122082702,-2.791761144461892,-0.03293486716201997,0.011797165107535776,107.0,93.0,100.0,83,8,-2.791761144461892,Placeholder,0.16122,-2.79176,107.0,93.0,100.0,83
190cb995,0.19022402702000002,3.70837966015891,0.03878106180795691,0.010457683776179238,178.0,118.0,148.0,171,9,3.70837966015891,Placeholder,0.19022,3.70838,178.0,118.0,148.0,171
190cb995,0.17660562702,-0.5808047063468799,-0.003932980642901022,0.006771606014762711,166.0,141.0,153.5,176,10,-0.5808047063468799,Placeholder,0.17661,-0.58081,166.0,141.0,153.5,176
190cb995,0.19385002701999998,-1.661881187473458,-0.011950024036140493,0.007190660876490214,183.0,188.0,185.5,207,11,-1.661881187473458,Placeholder,0.19385,-1.66188,183.0,188.0,185.5,207
190cb995,0.20297482702,-1.7974476824871966,-0.011082505988911646,0.006165690438108531,193.0,154.0,173.5,191,12,-1.7974476824871966,Placeholder,0.20297,-1.79745,193.0,154.0,173.5,191
1995b9c2,0.16,-2.9453642693784947,-0.06075671283493822,0.02062791127963217,63.5,149.0,106.25,119,1,-2.9453642693784947,FunWithFlags,0.16,-2.94536,63.5,149.0,106.25,119
1995b9c2,0.16,-2.115707348513924,-0.02037506247065538,0.009630378457099397,48.5,49.0,48.75,26,2,-2.115707348513924,FunWithFlags,0.16,-2.11571,48.5,49.0,48.75,26
1995b9c2,0.16,6.212715475260183,0.08259252262819046,0.013294109951933948,76.5,8.0,42.25,23,3,6.212715475260183,FunWithFlags,0.16,6.21272,76.5,8.0,42.25,23
1995b9c2,0.16,-5.399129400470299,-0.09310430722670107,0.01724431854116908,83.5,180.0,131.75,155,4,-5.399129400470299,FunWithFlags,0.16,-5.39913,83.5,180.0,131.75,155
1995b9c2,0.16,0.67342868864649,0.006200347589056136,0.00920713312870303,79.5,58.0,68.75,45,5,0.67342868864649,FunWithFlags,0.16,0.67343,79.5,58.0,68.75,45
1995b9c2,0.16,10.551579439965618,0.10348505727895764,0.009807541882023194,88.5,3.0,45.75,25,6,10.551579439965618,FunWithFlags,0.16,10.55158,88.5,3.0,45.75,25
1995b9c2,0.16,-4.182545909449065,-0.04795972017802722,0.011466633293774077,64.0,90.0,77.0,51,7,-4.182545909449065,FunWithFlags,0.16,-4.18255,64.0,90.0,77.0,51
1995b9c2,0.16,-5.894609708281597,-0.09927938342213843,0.01684240150499811,69.0,190.0,129.5,147,8,-5.894609708281597,FunWithFlags,0.16,-5.89461,69.0,190.0,129.5,147
1995b9c2,0.15999999999999998,7.661509440439258,0.1035100595814193,0.013510400318123833,73.0,61.0,67.0,51,9,7.661509440439258,FunWithFlags,0.16,7.66151,73.0,61.0,67.0,51
1995b9c2,0.16,3.842922292904843,0.03036292319234307,0.007900998479308804,83.5,25.0,54.25,34,10,3.842922292904843,FunWithFlags,0.16,3.84292,83.5,25.0,54.25,34
1995b9c2,0.16,0.8406233358555304,0.008245140788216808,0.009808365336212625,92.0,59.0,75.5,48,11,0.8406233358555304,FunWithFlags,0.16,0.84062,92.0,59.0,75.5,48
1995b9c2,0.16,-1.9473982291298877,-0.016849101711421465,0.008652108982840028,91.5,155.0,123.25,134,12,-1.9473982291298877,FunWithFlags,0.16,-1.9474,91.5,155.0,123.25,134
1bdff261,0.16078,3.915751976431746,0.043519327252417396,0.011113913116651138,82.0,66.0,74.0,75,1,3.915751976431746,Arnoud,0.16078,3.91575,82.0,66.0,74.0,75
1bdff261,0.15958000000000003,-5.957733644574987,-0.06238351077032673,0.010471013726357524,25.0,109.0,67.0,44,2,-5.957733644574987,Arnoud,0.15958,-5.95773,25.0,109.0,67.0,44
1bdff261,0.16038,1.1799441601683234,0.017440718320259185,0.014780969226349831,97.0,88.0,92.5,91,3,1.1799441601683234,Arnoud,0.16038,1.17994,97.0,88.0,92.5,91
1bdff261,0.15957999999999997,-4.090601471176618,-0.06281740304518699,0.015356519936692398,62.0,117.0,89.5,74,4,-4.090601471176618,Arnoud,0.15958,-4.0906,62.0,117.0,89.5,74
1bdff261,0.16038,0.6340227182730482,0.005671886388722105,0.00894587248256844,102.0,59.0,80.5,74,5,0.6340227182730482,Arnoud,0.16038,0.63402,102.0,59.0,80.5,74
1bdff261,0.15958,6.071535989444716,0.05135043911581442,0.008457569749250679,65.0,43.0,54.0,33,6,6.071535989444716,Arnoud,0.15958,6.07154,65.0,43.0,54.0,33
1bdff261,0.16038,-5.299239838242101,-0.06413576822465529,0.012102824212978222,90.0,166.0,128.0,149,7,-5.299239838242101,Arnoud,0.16038,-5.29924,90.0,166.0,128.0,149
1bdff261,0.16038,-4.859162455867089,-0.073447839161983,0.015115328995288068,97.0,167.0,132.0,152,8,-4.859162455867089,Arnoud,0.16038,-4.85916,97.0,167.0,132.0,152
1bdff261,0.16038,7.824912836530179,0.1101898034903666,0.014081920884275095,100.0,57.0,78.5,68,9,7.824912836530179,Arnoud,0.16038,7.82491,100.0,57.0,78.5,68
1bdff261,0.16038,-0.11759762904496082,-0.0009657521981031297,0.008212344125865802,113.0,118.0,115.5,115,10,-0.11759762904496082,Arnoud,0.16038,-0.1176,113.0,118.0,115.5,115
1bdff261,0.16078,0.5283967942567059,0.005632301297309272,0.010659226850973258,122.0,113.0,117.5,125,11,0.5283967942567059,Arnoud,0.16078,0.5284,122.0,113.0,117.5,125
1bdff261,0.15958,5.169406006445963,0.03473204833327917,0.006718769678754237,62.0,48.0,55.0,26,12,5.169406006445963,Arnoud,0.15958,5.16941,62.0,48.0,55.0,26
1cc29c68,0.16,-5.27299710725435,-0.06368220384153285,0.012077041300463028,64.0,150.0,107.0,83,7,-5.27299710725435,BusiMath,0.16,-5.273,64.0,150.0,107.0,83
1cc29c68,0.16,-4.834453883606947,-0.07309001273604356,0.015118566542517455,69.0,152.5,110.75,99,8,-4.834453883606947,BusiMath,0.16,-4.83445,69.0,152.5,110.75,99
1cc29c68,0.15999999999999998,7.838877206432681,0.1097793302513922,0.014004471222142108,73.0,43.5,58.25,24,9,7.838877206432681,BusiMath,0.16,7.83888,73.0,43.5,58.25,24
1cc29c68,0.16,-0.017296953794923936,-0.00014163688740659406,0.00818854516730915,83.5,105.0,94.25,69,10,-0.017296953794923936,BusiMath,0.16,-0.0173,83.5,105.0,94.25,69
1cc29c68,0.16,0.5700101716406613,0.006051048095388376,0.010615684414844095,92.0,94.0,93.0,72,11,0.5700101716406613,BusiMath,0.16,0.57001,92.0,94.0,93.0,72
1cc29c68,0.16,5.1218135718674525,0.0342011818958729,0.0066775530612300064,91.5,64.0,77.75,51,12,5.1218135718674525,BusiMath,0.16,5.12181,91.5,64.0,77.75,51
1cd83ccc,0.16084966,5.6478938810132036,0.04604501059778647,0.008152598396470975,83.0,5.0,44.0,17,1,5.6478938810132036,Hustlers,0.16085,5.64789,83.0,5.0,44.0,17
1cd83ccc,0.16084965999999998,-4.44258234656403,-0.04186846874398208,0.009424354008061074,72.0,77.0,74.5,53,2,-4.44258234656403,Hustlers,0.16085,-4.44258,72.0,77.0,74.5,53
1cd83ccc,0.16084966,1.2402881166543511,0.01692207047123975,0.013643660891379536,104.0,64.0,84.0,76,3,1.2402881166543511,Hustlers,0.16085,1.24029,104.0,64.0,84.0,76
1cd83ccc,0.16084965999999998,-5.064628625424619,-0.0740146473796137,0.014614032509325067,107.0,175.0,141.0,163,4,-5.064628625424619,Hustlers,0.16085,-5.06463,107.0,175.0,141.0,163
1cd83ccc,0.16084966,0.10876483866243451,0.001018037853123377,0.009359990467902837,109.0,100.0,104.5,107,5,0.10876483866243451,Hustlers,0.16085,0.10877,109.0,100.0,104.5,107
1cd83ccc,0.16084966,7.312195106626451,0.06338765471675065,0.008668758668557345,110.0,18.0,64.0,45,6,7.312195106626451,Hustlers,0.16085,7.3122,110.0,18.0,64.0,45
1cd83ccc,0.16084965999999998,-5.5060015861481695,-0.06338288415400845,0.011511599327080685,97.0,177.0,137.0,160,7,-5.5060015861481695,Hustlers,0.16085,-5.506,97.0,177.0,137.0,160
1cd83ccc,0.16084965999999998,-4.145336432961029,-0.059150912018856194,0.014269266916076212,100.0,112.0,106.0,92,8,-4.145336432961029,Hustlers,0.16085,-4.14534,100.0,112.0,106.0,92
1cd83ccc,0.16084966,7.0671148176855505,0.09557325038048037,0.013523658925323671,107.0,72.0,89.5,87,9,7.0671148176855505,Hustlers,0.16085,7.06712,107.0,72.0,89.5,87
1cd83ccc,0.16084966,-3.022655224787448,-0.022399915386232823,0.007410674959731134,117.0,185.0,151.0,173,10,-3.022655224787448,Hustlers,0.16085,-3.02265,117.0,185.0,151.0,173
1cd83ccc,0.16084965999999998,0.4026039261251656,0.003980895339044922,0.009887870139168243,124.0,119.0,121.5,130,11,0.4026039261251656,Hustlers,0.16085,0.4026,124.0,119.0,121.5,130
1cd83ccc,0.16084966,2.987493500028511,0.01920245630446297,0.006427614421346761,122.0,112.0,117.0,127,12,2.987493500028511,Hustlers,0.16085,2.98749,122.0,112.0,117.0,127
1d06b200,0.16035044496,-6.938639154727953,-0.04374680469374351,0.006304810456087006,89.0,200.0,144.5,175,7,-6.938639154727953,Team_Finfluers,0.16035,-6.93864,89.0,200.0,144.5,175
1d06b200,0.16011204496,-6.6890366026740615,-0.05323585197626739,0.007958672547102733,89.5,204.0,146.75,169,8,-6.6890366026740615,Team_Finfluers,0.16011,-6.68904,89.5,204.0,146.75,169
1d06b200,0.16357444495999998,7.551700379637257,0.05419375007323779,0.007176363911281259,120.0,64.0,92.0,91,9,7.551700379637257,Team_Finfluers,0.16357,7.5517,120.0,64.0,92.0,91
1d06b200,0.15720004496,0.7061235211820613,0.0027781252045342725,0.003934333188453557,28.0,74.0,51.0,30,10,0.7061235211820613,Team_Finfluers,0.1572,0.70612,28.0,74.0,51.0,30
1d06b200,0.15164324496,-1.0681428681530185,-0.0062896349516514995,0.005888383604084007,9.0,175.0,92.0,69,11,-1.0681428681530185,Team_Finfluers,0.15164,-1.06814,9.0,175.0,92.0,69
1d06b200,0.15502004496,1.5179161067898794,0.006136371896975269,0.004042629147636226,17.0,126.0,71.5,46,12,1.5179161067898794,Team_Finfluers,0.15502,1.51792,17.0,126.0,71.5,46
1d3cd369,0.15197890716700002,4.318457419356521,0.042305017093058825,0.009796326091681727,14.0,26.0,20.0,3,1,4.318457419356521,Big Short,0.15198,4.31846,14.0,26.0,20.0,3
1d3cd369,0.17726475677480003,-6.642880970042325,-0.0685432043346388,0.010318294824753134,125.0,148.0,136.5,164,2,-6.642880970042325,Big Short,0.17727,-6.64288,125.0,148.0,136.5,164
1d3cd369,0.16227767402940002,-2.1174785159073766,-0.018065230377278377,0.008531482251916548,116.0,163.0,139.5,164,3,-2.1174785159073766,Big Short,0.16228,-2.11748,116.0,163.0,139.5,164
1d3cd369,0.16153136212660002,-7.633178091590795,-0.1255286499958491,0.016445135759918874,118.0,192.0,155.0,175,4,-7.633178091590795,Big Short,0.16153,-7.63318,118.0,192.0,155.0,175
1d3cd369,0.153673322771,-2.6750269581693784,-0.01392683119644711,0.005206239568508036,6.0,165.0,85.5,83,5,-2.6750269581693784,Big Short,0.15367,-2.67503,6.0,165.0,85.5,83
1d3cd369,0.14532494705680002,5.604354586369579,0.027633045075413067,0.004930638247376377,7.0,77.0,42.0,21,6,5.604354586369579,Big Short,0.14533,5.60435,7.0,77.0,42.0,21
1d3cd369,0.16958011521999997,-6.226431505064585,-0.04494647625904442,0.007218657464148593,142.0,193.0,167.5,196,7,-6.226431505064585,Big Short,0.16958,-6.22643,142.0,193.0,167.5,196
1d3cd369,0.1609330880756,-1.8629559426834232,-0.030919759404916418,0.01659715009705449,102.0,84.0,93.0,73,8,-1.8629559426834232,Big Short,0.16093,-1.86296,102.0,84.0,93.0,73
1d3cd369,0.15138005327919998,5.815170728557069,0.05578967676799972,0.009593815791861185,8.0,92.0,50.0,19,9,5.815170728557069,Big Short,0.15138,5.81517,8.0,92.0,50.0,19
1d3cd369,0.16220668909619998,-2.466836491326081,-0.01196136583474839,0.00484886853133845,130.0,177.0,153.5,176,10,-2.466836491326081,Big Short,0.16221,-2.46684,130.0,177.0,153.5,176
1d3cd369,0.16,4.29923006983974,0.11839384958148269,0.027538384235830392,92.0,5.0,48.5,24,11,4.29923006983974,Big Short,0.16,4.29923,92.0,5.0,48.5,24
1d3cd369,0.16,6.659631772426084,0.15666264574919236,0.02352422042279383,91.5,23.5,57.5,29,12,6.659631772426084,Big Short,0.16,6.65963,91.5,23.5,57.5,29
1f4595d2,0.16,-4.138886891126123,-0.06348132628488458,0.015337777512352444,83.5,130.0,106.75,109,4,-4.138886891126123,speer,0.16,-4.13889,83.5,130.0,106.75,109
1f4595d2,0.16,0.5773235167057652,0.0051771401370592236,0.008967485278618521,79.5,72.0,75.75,52,5,0.5773235167057652,speer,0.16,0.57732,79.5,72.0,75.75,52
1f4595d2,0.16,6.0600597491224875,0.05115238333481326,0.008440904125115311,88.5,55.0,71.75,51,6,6.0600597491224875,speer,0.16,6.06006,88.5,55.0,71.75,51
1f4595d2,0.16,-5.27299710725435,-0.06368220384153285,0.012077041300463028,64.0,150.0,107.0,83,7,-5.27299710725435,speer,0.16,-5.273,64.0,150.0,107.0,83
1f4595d2,0.16,-4.834453883606947,-0.07309001273604356,0.015118566542517455,69.0,152.5,110.75,99,8,-4.834453883606947,speer,0.16,-4.83445,69.0,152.5,110.75,99
1f4595d2,0.15999999999999998,7.838877206432681,0.1097793302513922,0.014004471222142108,73.0,43.5,58.25,24,9,7.838877206432681,speer,0.16,7.83888,73.0,43.5,58.25,24
1f4595d2,0.16,-0.017296953794923936,-0.00014163688740659406,0.00818854516730915,83.5,105.0,94.25,69,10,-0.017296953794923936,speer,0.16,-0.0173,83.5,105.0,94.25,69
1f4595d2,0.16,0.5700101716406613,0.006051048095388376,0.010615684414844095,92.0,94.0,93.0,72,11,0.5700101716406613,speer,0.16,0.57001,92.0,94.0,93.0,72
1f4595d2,0.16,5.1218135718674525,0.0342011818958729,0.0066775530612300064,91.5,64.0,77.75,51,12,5.1218135718674525,speer,0.16,5.12181,91.5,64.0,77.75,51
203bb693,0.1599033,-3.960143734958203,-0.021233776437823683,0.0053618701387988365,47.0,152.0,99.5,115,1,-3.960143734958203,SKIZIODS,0.1599,-3.96014,47.0,152.0,99.5,115
203bb693,0.160304244,-3.4718419193828485,-0.03207655907033423,0.009239060940895641,68.0,65.0,66.5,42,2,-3.4718419193828485,SKIZIODS,0.1603,-3.47184,68.0,65.0,66.5,42
203bb693,0.16014812399999998,-4.439659097395172,-0.03285550346863279,0.00740045637465942,93.0,177.0,135.0,158,3,-4.439659097395172,SKIZIODS,0.16015,-4.43966,93.0,177.0,135.0,158
203bb693,0.15996105200000002,2.5518424476689763,0.02450906825433788,0.009604459819502613,66.0,23.0,44.5,24,4,2.5518424476689763,SKIZIODS,0.15996,2.55184,66.0,23.0,44.5,24
203bb693,0.159896216,-2.945924081899409,-0.011915159961590557,0.004044625601454114,62.0,170.0,116.0,127,5,-2.945924081899409,SKIZIODS,0.1599,-2.94592,62.0,170.0,116.0,127
203bb693,0.15980011200000002,1.1259863836627122,0.006805342321842841,0.006043893976502448,67.0,141.0,104.0,108,6,1.1259863836627122,SKIZIODS,0.1598,1.12599,67.0,141.0,104.0,108
203bb693,0.159982328,-6.380039716578402,-0.019856585554018924,0.00311229811037414,44.0,195.0,119.5,131,7,-6.380039716578402,SKIZIODS,0.15998,-6.38004,44.0,195.0,119.5,131
203bb693,0.159786328,7.502925917528547,0.0347452485970746,0.0046308931980658065,48.0,9.0,28.5,13,8,7.502925917528547,SKIZIODS,0.15979,7.50293,48.0,9.0,28.5,13
203bb693,0.159878816,0.9658826884417384,0.0064246863510097245,0.006651621804480926,50.0,142.0,96.0,96,9,0.9658826884417384,SKIZIODS,0.15988,0.96588,50.0,142.0,96.0,96
203bb693,0.1612972,-5.3738178534411905,-0.028707861438654086,0.00534217240360513,122.0,200.0,161.0,185,10,-5.3738178534411905,SKIZIODS,0.1613,-5.37382,122.0,200.0,161.0,185
203bb693,0.16107860000000002,0.6008990695557935,0.0034296405265288807,0.005707515122405159,127.0,75.0,101.0,102,11,0.6008990695557935,SKIZIODS,0.16108,0.6009,127.0,75.0,101.0,102
203bb693,0.16121860000000002,7.1253637718367955,0.03273553341775547,0.004594226269140617,125.0,17.0,71.0,44,12,7.1253637718367955,SKIZIODS,0.16122,7.12536,125.0,17.0,71.0,44
20fbd380,0.2784,4.052070685344597,0.02756677937210711,0.006803133882093858,149.0,38.0,93.5,110,1,4.052070685344597,smart,0.2784,4.05207,149.0,38.0,93.5,110
20fbd380,0.1824,-4.626282222052652,-0.04854655342899044,0.010493642864583097,134.0,81.0,107.5,126,2,-4.626282222052652,smart,0.1824,-4.62628,134.0,81.0,107.5,126
20fbd380,0.19319999999999996,1.92094498886758,0.0235707945435681,0.012270416217105397,157.0,41.0,99.0,106,3,1.92094498886758,smart,0.1932,1.92094,157.0,41.0,99.0,106
20fbd380,0.19820000000000007,-6.560397752882967,-0.09169187288051082,0.013976572204058334,170.0,191.0,180.5,195,4,-6.560397752882967,smart,0.1982,-6.5604,170.0,191.0,180.5,195
20fbd380,0.21620000000000006,-0.8111006583093218,-0.006858113862397165,0.008455317835263982,175.0,126.0,150.5,172,5,-0.8111006583093218,smart,0.2162,-0.8111,175.0,126.0,150.5,172
20fbd380,0.19119999999999998,9.7519525651044,0.0634332480777369,0.006504671516217308,172.0,7.0,89.5,86,6,9.7519525651044,smart,0.1912,9.75195,172.0,7.0,89.5,86
20fbd380,0.15,-4.208926299676713,-0.03809512671086173,0.009051032020633816,1.0,91.0,46.0,26,7,-4.208926299676713,smart,0.15,-4.20893,1.0,91.0,46.0,26
20fbd380,0.1552,-4.1136085554108,-0.056041313379724116,0.013623394794337116,18.0,110.0,64.0,47,8,-4.1136085554108,smart,0.1552,-4.11361,18.0,110.0,64.0,47
20fbd380,0.23199999999999998,7.736254842952614,0.07304697226547166,0.009442162098888743,191.0,59.0,125.0,131,9,7.736254842952614,smart,0.232,7.73625,191.0,59.0,125.0,131
20fbd380,0.1672,-1.7333829355894381,-0.011317159326305533,0.0065289435438321795,149.0,166.0,157.5,183,10,-1.7333829355894381,smart,0.1672,-1.73338,149.0,166.0,157.5,183
20fbd380,0.19080000000000003,-1.6087460032335499,-0.013063516302304404,0.008120310027839682,178.0,185.0,181.5,201,11,-1.6087460032335499,smart,0.1908,-1.60875,178.0,185.0,181.5,201
20fbd380,0.27180000000000004,-4.755634403858273,-0.031627213428146776,0.006650471996435941,208.0,177.0,192.5,210,12,-4.755634403858273,smart,0.2718,-4.75563,208.0,177.0,192.5,210
21b46979,0.21465140000000002,0.6980707203114341,0.0023429973567380322,0.003356389673087474,165.0,108.0,136.5,161,3,0.6980707203114341,EnterTheData,0.21465,0.69807,165.0,108.0,136.5,161
21b46979,0.21377139999999997,0.8835981140651606,0.0028005902825294516,0.0031695294930461147,175.0,37.0,106.0,104,4,0.8835981140651606,EnterTheData,0.21377,0.8836,175.0,37.0,106.0,104
21b46979,0.2456514,-1.347961239172741,-0.004119258317533246,0.0030559174832514337,179.0,141.0,160.0,181,5,-1.347961239172741,EnterTheData,0.24565,-1.34796,179.0,141.0,160.0,181
21b46979,0.1818914,5.850663714527518,0.018330321994718332,0.0031330329154285763,167.0,70.0,118.5,131,6,5.850663714527518,EnterTheData,0.18189,5.85066,167.0,70.0,118.5,131
21b46979,0.22129140000000003,3.200596132925068,0.006188120082048601,0.0019334273444844771,184.0,37.0,110.5,110,7,3.200596132925068,EnterTheData,0.22129,3.2006,184.0,37.0,110.5,110
21b46979,0.20985139999999997,3.9026537685169775,0.009024547409297238,0.0023124130257464776,183.0,43.0,113.0,121,8,3.9026537685169775,EnterTheData,0.20985,3.90265,183.0,43.0,113.0,121
21b46979,0.2661714,-4.508458438095428,-0.016686352752601143,0.003701121565545627,199.0,175.0,187.0,201,9,-4.508458438095428,EnterTheData,0.26617,-4.50846,199.0,175.0,187.0,201
21b46979,0.19617139999999997,0.7509173400601531,0.001136852793045609,0.0015139519789948387,184.0,73.0,128.5,139,10,0.7509173400601531,EnterTheData,0.19617,0.75092,184.0,73.0,128.5,139
21b46979,0.2630114,-2.3601664040211565,-0.006385702459128777,0.002705615353328085,213.0,200.0,206.5,224,11,-2.3601664040211565,EnterTheData,0.26301,-2.36017,213.0,200.0,206.5,224
21b46979,0.2931314,-10.178000797556855,-0.02503120736363458,0.0024593442132214327,211.0,220.0,215.5,223,12,-10.178000797556855,EnterTheData,0.29313,-10.178,211.0,220.0,215.5,223
22dcdc75,0.2143017088,3.607439812625469,0.031940078175062434,0.008853946242783375,137.0,72.0,104.5,118,1,3.607439812625469,VTAI,0.2143,3.60744,137.0,72.0,104.5,118
22dcdc75,0.180296980424,-6.354900166565907,-0.05715521250894016,0.008993880471898268,133.0,142.0,137.5,165,2,-6.354900166565907,VTAI,0.1803,-6.3549,133.0,142.0,137.5,165
22dcdc75,0.19326460000000004,2.1394041714350744,0.015313490375185349,0.007157829539480299,158.0,39.0,98.5,104,3,2.1394041714350744,VTAI,0.19326,2.1394,158.0,39.0,98.5,104
22dcdc75,0.17515200000000003,-4.419905245772227,-0.05794306997368864,0.01310957288713665,155.0,155.0,155.0,175,4,-4.419905245772227,VTAI,0.17515,-4.4199,155.0,155.0,155.0,175
22dcdc75,0.19939199999999999,0.9482076038188643,0.007116191528198165,0.0075048876422610595,168.0,50.0,109.0,115,5,0.9482076038188643,VTAI,0.19939,0.94821,168.0,50.0,109.0,115
22dcdc75,0.23475770880000002,5.925592061111049,0.0422366561032531,0.007127837297549931,184.0,68.0,126.0,143,6,5.925592061111049,VTAI,0.23476,5.92559,184.0,68.0,126.0,143
22dcdc75,0.16960570879999998,-5.578321114279061,-0.057598081523602025,0.010325343475865134,143.0,180.0,161.5,191,7,-5.578321114279061,VTAI,0.16961,-5.57832,143.0,180.0,161.5,191
22dcdc75,0.1763829848,-5.2092382905398615,-0.06840571001662682,0.013131614681719151,163.0,178.0,170.5,191,8,-5.2092382905398615,VTAI,0.17638,-5.20924,163.0,178.0,170.5,191
22dcdc75,0.2465169088,8.072872064901132,0.09816047965840141,0.012159300787780238,194.0,20.0,107.0,113,9,8.072872064901132,VTAI,0.24652,8.07287,194.0,20.0,107.0,113
22dcdc75,0.14154090880000003,1.03759211096645,0.007379287798223302,0.007111935143136325,1.0,62.0,31.5,13,10,1.03759211096645,VTAI,0.14154,1.03759,1.0,62.0,31.5,13
22dcdc75,0.1991441088,0.6243098483282332,0.005900706723137066,0.009451567581286572,185.0,72.0,128.5,149,11,0.6243098483282332,VTAI,0.19914,0.62431,185.0,72.0,128.5,149
22dcdc75,0.2360761088,4.630103259983238,0.025679858466707856,0.005546282021105685,202.0,82.0,142.0,158,12,4.630103259983238,VTAI,0.23608,4.6301,202.0,82.0,142.0,158
23c126bd,0.2165499684852,-1.3597925096620962,-0.0033528376711487126,0.0024656979997498894,176.0,58.0,117.0,137,4,-1.3597925096620962,golda2000,0.21655,-1.35979,176.0,58.0,117.0,137
23c126bd,0.2235053684852,-1.8114799138589992,-0.003350637042963422,0.0018496683387593039,176.0,154.0,165.0,189,5,-1.8114799138589992,golda2000,0.22351,-1.81148,176.0,154.0,165.0,189
23c126bd,0.22617448848520003,-3.8231712039071635,-0.011023865542433663,0.0028834349691605784,181.0,179.0,180.0,191,6,-3.8231712039071635,golda2000,0.22617,-3.82317,181.0,179.0,180.0,191
23c126bd,0.21133544848519997,4.619759785348496,0.009942494748968609,0.002152167041347278,182.0,30.0,106.0,81,7,4.619759785348496,golda2000,0.21133,4.61976,182.0,30.0,106.0,81
23c126bd,0.1891696484852,8.161427333057079,0.01740710956638329,0.0021328511369423657,172.0,4.0,88.0,68,8,8.161427333057079,golda2000,0.18917,8.16143,172.0,4.0,88.0,68
23c126bd,0.2239951684852,-4.177396056771883,-0.009982011926741655,0.002389529695313433,189.0,172.0,180.5,199,9,-4.177396056771883,golda2000,0.22399,-4.1774,189.0,172.0,180.5,199
23c126bd,0.21129532848520005,-0.5969846256654524,-0.0011864088610347406,0.0019873357035154185,194.0,144.0,169.0,196,10,-0.5969846256654524,golda2000,0.2113,-0.59698,194.0,144.0,169.0,196
23c126bd,0.2082570084852,3.767330649714429,0.005821844495257457,0.0015453500200994473,193.0,8.0,100.5,101,11,3.767330649714429,golda2000,0.20826,3.76733,193.0,8.0,100.5,101
23c126bd,0.23135740848519998,-12.47910293240556,-0.02103833556491539,0.001685885249835013,199.0,225.0,212.0,221,12,-12.47910293240556,golda2000,0.23136,-12.4791,199.0,225.0,212.0,221
25db2913,0.16,-0.5009889354361722,-0.0031478226020304548,0.006283217810568791,76.5,133.0,104.75,116,3,-0.5009889354361722,Can't spell Gratitude without Guacamole,0.16,-0.50099,76.5,133.0,104.75,116
25db2913,0.16,3.114119369892704,0.01865830722063798,0.00599151959331631,83.5,20.0,51.75,33,4,3.114119369892704,Can't spell Gratitude without Guacamole,0.16,3.11412,83.5,20.0,51.75,33
25db2913,0.1719446222242,-0.9800092797880734,-0.007688660377786922,0.007845497523706706,149.0,134.0,141.5,155,5,-0.9800092797880734,Can't spell Gratitude without Guacamole,0.17194,-0.98001,149.0,134.0,141.5,155
25db2913,0.20948004579120003,4.632754448529893,0.048878645051069265,0.010550666044167283,176.0,101.0,138.5,156,6,4.632754448529893,Can't spell Gratitude without Guacamole,0.20948,4.63275,176.0,101.0,138.5,156
25db2913,0.19109654579180002,-5.9225648850808135,-0.06496926668631085,0.010969785548482741,169.0,187.0,178.0,201,7,-5.9225648850808135,Can't spell Gratitude without Guacamole,0.1911,-5.92256,169.0,187.0,178.0,201
25db2913,0.21036298579180002,-5.079884865388301,-0.06473691029100415,0.012743775106417835,184.0,175.0,179.5,198,8,-5.079884865388301,Can't spell Gratitude without Guacamole,0.21036,-5.07988,184.0,175.0,179.5,198
25db2913,0.22116342579180004,5.1955425466643534,0.07299435488986744,0.014049419138475025,188.0,101.0,144.5,160,9,5.1955425466643534,Can't spell Gratitude without Guacamole,0.22116,5.19554,188.0,101.0,144.5,160
25db2913,0.2006965457918,-2.4115234790565268,-0.01696967849749921,0.007036911995622929,186.0,175.0,180.5,204,10,-2.4115234790565268,Can't spell Gratitude without Guacamole,0.2007,-2.41152,186.0,175.0,180.5,204
25db2913,0.22536318579180004,-1.8258430756670938,-0.01703972549656416,0.009332524642260667,199.0,190.0,194.5,214,11,-1.8258430756670938,Can't spell Gratitude without Guacamole,0.22536,-1.82584,199.0,190.0,194.5,214
25db2913,0.22383042579179996,7.6871031551820455,0.05443407560518754,0.0070812209107005844,198.0,11.0,104.5,107,12,7.6871031551820455,Can't spell Gratitude without Guacamole,0.22383,7.6871,198.0,11.0,104.5,107
263fb01c,0.1619,0.8019043172741193,0.004385374185187885,0.005468700056504134,121.0,39.0,80.0,61,4,0.8019043172741193,vikas,0.1619,0.8019,121.0,39.0,80.0,61
263fb01c,0.1681,-5.6294396445545605,-0.023308472989694955,0.004140460589579565,138.0,194.0,166.0,191,5,-5.6294396445545605,vikas,0.1681,-5.62944,138.0,194.0,166.0,191
263fb01c,0.1711,-6.810474389174438,-0.07523127670500132,0.01104640769585521,152.0,197.0,174.5,187,6,-6.810474389174438,vikas,0.1711,-6.81047,152.0,197.0,174.5,187
263fb01c,0.1579,3.0281747369382908,0.02332097252566258,0.007701329860918729,21.0,40.0,30.5,17,7,3.0281747369382908,vikas,0.1579,3.02818,21.0,40.0,30.5,17
263fb01c,0.1625,1.2198789092071616,0.009199786373561551,0.0075415570382643855,120.0,61.0,90.5,70,8,1.2198789092071616,vikas,0.1625,1.21988,120.0,61.0,90.5,70
263fb01c,0.16350000000000006,-0.691063143269672,-0.00656028866888271,0.009493037984696433,119.0,152.0,135.5,144,9,-0.691063143269672,vikas,0.1635,-0.69106,119.0,152.0,135.5,144
263fb01c,0.18016499999999994,-2.4687645276013583,-0.006934533996026229,0.0028089086336491533,172.0,178.0,175.0,200,10,-2.4687645276013583,vikas,0.18016,-2.46876,172.0,178.0,175.0,200
263fb01c,0.1613488,-6.913088282329369,-0.013862590009632797,0.002005267319537512,128.0,223.0,175.5,196,11,-6.913088282329369,vikas,0.16135,-6.91309,128.0,223.0,175.5,196
263fb01c,0.1619888,-5.376177194323545,-0.026725073429342314,0.004971017967480698,129.0,180.0,154.5,173,12,-5.376177194323545,vikas,0.16199,-5.37618,129.0,180.0,154.5,173
2b6cb11d,0.154771161503,3.9150039313643115,0.05995292942111322,0.015313631984073298,23.0,67.0,45.0,18,1,3.9150039313643115,Team_QWERTY,0.15477,3.915,23.0,67.0,45.0,18
2b6cb11d,0.1717022872358,-6.369590400194096,-0.06042240315474678,0.009486073571215123,108.0,143.0,125.5,152,2,-6.369590400194096,Team_QWERTY,0.1717,-6.36959,108.0,143.0,125.5,152
2b6cb11d,0.16404804723579997,1.0473823728209721,0.014708668202989127,0.014043264985807873,123.0,93.0,108.0,127,3,1.0473823728209721,Team_QWERTY,0.16405,1.04738,123.0,93.0,108.0,127
2b6cb11d,0.17219036723579997,-4.209325142551216,-0.06258611435791137,0.014868443809493592,148.0,143.0,145.5,165,4,-4.209325142551216,Team_QWERTY,0.17219,-4.20932,148.0,143.0,145.5,165
2b6cb11d,0.16820612723579997,-0.5066935883908652,-0.0046517041479814565,0.009180507222825002,140.0,117.0,128.5,145,5,-0.5066935883908652,Team_QWERTY,0.16821,-0.50669,140.0,117.0,128.5,145
2b6cb11d,0.17753076723580002,4.4171266066065975,0.04055590303195046,0.009181512472676673,163.0,105.0,134.0,152,6,4.4171266066065975,Team_QWERTY,0.17753,4.41713,163.0,105.0,134.0,152
2b6cb11d,0.16878604723580004,-5.443584419874411,-0.06444233873686417,0.011838217939926964,138.0,174.0,156.0,189,7,-5.443584419874411,Team_QWERTY,0.16879,-5.44358,138.0,174.0,156.0,189
2b6cb11d,0.1728397672358,-4.809447061626517,-0.07069119160066485,0.014698403100159636,157.0,139.0,148.0,172,8,-4.809447061626517,Team_QWERTY,0.17284,-4.80945,157.0,139.0,148.0,172
2b6cb11d,0.17705564723580003,8.016255365776319,0.1111433717266901,0.013864749394236224,163.0,23.0,93.0,93,9,8.016255365776319,Team_QWERTY,0.17706,8.01625,163.0,23.0,93.0,93
2b6cb11d,0.1783607272358,-0.2528944654055757,-0.002026469708149431,0.00801310422076462,169.0,122.0,145.5,165,10,-0.2528944654055757,Team_QWERTY,0.17836,-0.25289,169.0,122.0,145.5,165
2b6cb11d,0.18391252723580004,0.10793093882197127,0.0011366674123744307,0.010531432643695689,173.0,132.0,152.5,174,11,0.10793093882197127,Team_QWERTY,0.18391,0.10793,173.0,132.0,152.5,174
2b6cb11d,0.16919612723580002,4.842705629891822,0.031761403368331595,0.0065586070671491735,153.0,80.0,116.5,126,12,4.842705629891822,Team_QWERTY,0.1692,4.84271,153.0,80.0,116.5,126
2b8b032c,0.16224841191160003,5.1634408959804325,0.03924568201642793,0.007600683886394321,91.0,8.0,49.5,24,1,5.1634408959804325,AEML_Inha,0.16225,5.16344,91.0,8.0,49.5,24
2b8b032c,0.1661082919116,-4.502841232972449,-0.0434568447881927,0.009650983132599957,91.0,78.0,84.5,81,2,-4.502841232972449,AEML_Inha,0.16611,-4.50284,91.0,78.0,84.5,81
2b8b032c,0.155656,2.4789762776603466,0.03449303145239597,0.013914224094532454,21.0,35.0,28.0,11,3,2.4789762776603466,AEML_Inha,0.15566,2.47898,21.0,35.0,28.0,11
2b8b032c,0.16093600000000002,1.9427061344622092,0.011872049990598432,0.00611108894958265,108.0,29.0,68.5,51,4,1.9427061344622092,AEML_Inha,0.16094,1.94271,108.0,29.0,68.5,51
2b8b032c,0.164056,-2.8465355562338956,-0.01666386494547522,0.005854086350329072,118.0,169.0,143.5,160,5,-2.8465355562338956,AEML_Inha,0.16406,-2.84654,118.0,169.0,143.5,160
2b8b032c,0.16279999999999997,1.8318969291288032,0.004551349193349845,0.0024845006948695167,115.0,134.0,124.5,141,6,1.8318969291288032,AEML_Inha,0.1628,1.8319,115.0,134.0,124.5,141
2b8b032c,0.16080000000000003,3.0039591256807676,0.0060865142784299504,0.0020261641466411775,96.0,41.0,68.5,45,7,3.0039591256807676,AEML_Inha,0.1608,3.00396,96.0,41.0,68.5,45
2b8b032c,0.1616,-2.780225691861677,-0.006151185326014495,0.002212476974088955,113.0,92.0,102.5,87,8,-2.780225691861677,AEML_Inha,0.1616,-2.78023,113.0,92.0,102.5,87
2b8b032c,0.15839999999999999,9.127240426203805,0.03988684967885734,0.004370088637562827,37.0,7.0,22.0,6,9,9.127240426203805,AEML_Inha,0.1584,9.12724,37.0,7.0,22.0,6
2b8b032c,0.15839999999999999,3.5098324312394076,0.008891275447255292,0.0025332478462840933,43.0,31.0,37.0,18,10,3.5098324312394076,AEML_Inha,0.1584,3.50983,43.0,31.0,37.0,18
2b8b032c,0.15960000000000002,3.280760288699442,0.009143324688841097,0.0027869529877983528,67.0,13.0,40.0,21,11,3.280760288699442,AEML_Inha,0.1596,3.28076,67.0,13.0,40.0,21
2b8b032c,0.1624,-2.7343658170195186,-0.01063183106614422,0.0038882255622011115,130.0,160.0,145.0,161,12,-2.7343658170195186,AEML_Inha,0.1624,-2.73437,130.0,160.0,145.0,161
2bc96665,0.231941474316,-0.22044398420628145,-0.0018866248039344042,0.008558295708214866,140.0,109.0,124.5,142,1,-0.22044398420628145,Command Line Heroes,0.23194,-0.22044,140.0,109.0,124.5,142
2bc96665,0.1989096034262,-6.9708433079395,-0.04845004296408037,0.006950384741670751,145.0,158.0,151.5,169,2,-6.9708433079395,Command Line Heroes,0.19891,-6.97084,145.0,158.0,151.5,169
2bc96665,0.1727288834262,1.7073297292613339,0.01604125074941251,0.00939552007704608,138.0,46.0,92.0,89,3,1.7073297292613339,Command Line Heroes,0.17273,1.70733,138.0,46.0,92.0,89
2bc96665,0.18583148342619998,-4.428345763681031,-0.04781834390032828,0.010798240799647864,161.0,158.0,159.5,180,4,-4.428345763681031,Command Line Heroes,0.18583,-4.42835,161.0,158.0,159.5,180
2bc96665,0.18293556342620002,1.2727166723764531,0.007944034611205845,0.00624179346717641,159.0,42.0,100.5,101,5,1.2727166723764531,Command Line Heroes,0.18294,1.27272,159.0,42.0,100.5,101
2bc96665,0.15486804342620003,4.144915850715102,0.02590198568511387,0.006249098080156471,36.0,109.0,72.5,68,6,4.144915850715102,Command Line Heroes,0.15487,4.14492,36.0,109.0,72.5,68
2bc96665,0.19239944342620002,-5.279829193898047,-0.04589234291563159,0.00869201279629838,170.0,165.0,167.5,196,7,-5.279829193898047,Command Line Heroes,0.1924,-5.27983,170.0,165.0,167.5,196
2bc96665,0.18251912342620003,-5.260315398810057,-0.05806890570070009,0.011039053991674328,168.0,179.0,173.5,194,8,-5.260315398810057,Command Line Heroes,0.18252,-5.26032,168.0,179.0,173.5,194
2bc96665,0.18195368342620002,8.231909781131858,0.079614018560008,0.009671391047371436,168.0,13.0,90.5,90,9,8.231909781131858,Command Line Heroes,0.18195,8.23191,168.0,13.0,90.5,90
2bc96665,0.19593636342619994,2.2539917882690315,0.013253824485679244,0.005880156509291283,182.0,42.0,112.0,111,10,2.2539917882690315,Command Line Heroes,0.19594,2.25399,182.0,42.0,112.0,111
2bc96665,0.19034960342619997,0.797348221828367,0.006350791636409871,0.007964890950464688,177.0,62.0,119.5,127,11,0.797348221828367,Command Line Heroes,0.19035,0.79735,177.0,62.0,119.5,127
2bc96665,0.19953872342620002,3.46754548211382,0.01559352120636645,0.004496991109936537,189.0,101.0,145.0,161,12,3.46754548211382,Command Line Heroes,0.19954,3.46754,189.0,101.0,145.0,161
2c1cbbbf,0.16,3.9903564609732767,0.04404783020812661,0.011038570272837988,63.5,50.5,57.0,35,1,3.9903564609732767,Fortuneteller,0.16,3.99036,63.5,50.5,57.0,35
2c1cbbbf,0.16,-5.972217322696222,-0.0625144726295192,0.010467548190509646,48.5,119.5,84.0,63,2,-5.972217322696222,Fortuneteller,0.16,-5.97222,48.5,119.5,84.0,63
2c1cbbbf,0.16,1.2145320363375662,0.017810997445674638,0.014664905422654707,76.5,77.0,76.75,44,3,1.2145320363375662,Fortuneteller,0.16,1.21453,76.5,77.0,76.75,44
2c1cbbbf,0.16,-4.138886891126123,-0.06348132628488458,0.015337777512352444,83.5,130.0,106.75,109,4,-4.138886891126123,Fortuneteller,0.16,-4.13889,83.5,130.0,106.75,109
2c1cbbbf,0.16,0.5773235167057652,0.0051771401370592236,0.008967485278618521,79.5,72.0,75.75,52,5,0.5773235167057652,Fortuneteller,0.16,0.57732,79.5,72.0,75.75,52
2c1cbbbf,0.16,6.0600597491224875,0.05115238333481326,0.008440904125115311,88.5,55.0,71.75,51,6,6.0600597491224875,Fortuneteller,0.16,6.06006,88.5,55.0,71.75,51
2c1cbbbf,0.16,-5.27299710725435,-0.06368220384153285,0.012077041300463028,64.0,150.0,107.0,83,7,-5.27299710725435,Fortuneteller,0.16,-5.273,64.0,150.0,107.0,83
2c1cbbbf,0.16,-4.834453883606947,-0.07309001273604356,0.015118566542517455,69.0,152.5,110.75,99,8,-4.834453883606947,Fortuneteller,0.16,-4.83445,69.0,152.5,110.75,99
2c1cbbbf,0.15999999999999998,7.838877206432681,0.1097793302513922,0.014004471222142108,73.0,43.5,58.25,24,9,7.838877206432681,Fortuneteller,0.16,7.83888,73.0,43.5,58.25,24
2c1cbbbf,0.16,-0.017296953794923936,-0.00014163688740659406,0.00818854516730915,83.5,105.0,94.25,69,10,-0.017296953794923936,Fortuneteller,0.16,-0.0173,83.5,105.0,94.25,69
2c1cbbbf,0.16,0.5700101716406613,0.006051048095388376,0.010615684414844095,92.0,94.0,93.0,72,11,0.5700101716406613,Fortuneteller,0.16,0.57001,92.0,94.0,93.0,72
2c1cbbbf,0.16,5.1218135718674525,0.0342011818958729,0.0066775530612300064,91.5,64.0,77.75,51,12,5.1218135718674525,Fortuneteller,0.16,5.12181,91.5,64.0,77.75,51
2c504851,0.16603435600000002,0.5700101716406613,0.006051048095388376,0.010615684414844095,148.0,94.0,121.0,128,11,0.5700101716406613,statworx Trainee Team One,0.16603,0.57001,148.0,94.0,121.0,128
2c504851,0.176338356,5.1218135718674525,0.0342011818958729,0.0066775530612300064,170.0,64.0,117.0,127,12,5.1218135718674525,statworx Trainee Team One,0.17634,5.12181,170.0,64.0,117.0,127
2c78c015,0.16,3.9903564609732767,0.04404783020812661,0.011038570272837988,63.5,50.5,57.0,35,1,3.9903564609732767,flsck,0.16,3.99036,63.5,50.5,57.0,35
2c78c015,0.16,-5.972217322696222,-0.0625144726295192,0.010467548190509646,48.5,119.5,84.0,63,2,-5.972217322696222,flsck,0.16,-5.97222,48.5,119.5,84.0,63
2c78c015,0.16,1.2145320363375662,0.017810997445674638,0.014664905422654707,76.5,77.0,76.75,44,3,1.2145320363375662,flsck,0.16,1.21453,76.5,77.0,76.75,44
2c78c015,0.16,-4.138886891126123,-0.06348132628488458,0.015337777512352444,83.5,130.0,106.75,109,4,-4.138886891126123,flsck,0.16,-4.13889,83.5,130.0,106.75,109
2c78c015,0.16,0.5773235167057652,0.0051771401370592236,0.008967485278618521,79.5,72.0,75.75,52,5,0.5773235167057652,flsck,0.16,0.57732,79.5,72.0,75.75,52
2c78c015,0.16,6.0600597491224875,0.05115238333481326,0.008440904125115311,88.5,55.0,71.75,51,6,6.0600597491224875,flsck,0.16,6.06006,88.5,55.0,71.75,51
2c78c015,0.16,-5.27299710725435,-0.06368220384153285,0.012077041300463028,64.0,150.0,107.0,83,7,-5.27299710725435,flsck,0.16,-5.273,64.0,150.0,107.0,83
2c78c015,0.16,-4.834453883606947,-0.07309001273604356,0.015118566542517455,69.0,152.5,110.75,99,8,-4.834453883606947,flsck,0.16,-4.83445,69.0,152.5,110.75,99
2c78c015,0.15999999999999998,7.838877206432681,0.1097793302513922,0.014004471222142108,73.0,43.5,58.25,24,9,7.838877206432681,flsck,0.16,7.83888,73.0,43.5,58.25,24
2c78c015,0.16,-0.017296953794923936,-0.00014163688740659406,0.00818854516730915,83.5,105.0,94.25,69,10,-0.017296953794923936,flsck,0.16,-0.0173,83.5,105.0,94.25,69
2c78c015,0.16,0.5700101716406613,0.006051048095388376,0.010615684414844095,92.0,94.0,93.0,72,11,0.5700101716406613,flsck,0.16,0.57001,92.0,94.0,93.0,72
2c78c015,0.16,5.1218135718674525,0.0342011818958729,0.0066775530612300064,91.5,64.0,77.75,51,12,5.1218135718674525,flsck,0.16,5.12181,91.5,64.0,77.75,51
2d729675,0.16,3.9903564609732767,0.04404783020812661,0.011038570272837988,63.5,50.5,57.0,35,1,3.9903564609732767,JackofAllTrades,0.16,3.99036,63.5,50.5,57.0,35
2d729675,0.16,-5.972217322696222,-0.0625144726295192,0.010467548190509646,48.5,119.5,84.0,63,2,-5.972217322696222,JackofAllTrades,0.16,-5.97222,48.5,119.5,84.0,63
2d729675,0.16,1.2145320363375662,0.017810997445674638,0.014664905422654707,76.5,77.0,76.75,44,3,1.2145320363375662,JackofAllTrades,0.16,1.21453,76.5,77.0,76.75,44
2d729675,0.16,-4.138886891126123,-0.06348132628488458,0.015337777512352444,83.5,130.0,106.75,109,4,-4.138886891126123,JackofAllTrades,0.16,-4.13889,83.5,130.0,106.75,109
2d729675,0.16,0.5773235167057652,0.0051771401370592236,0.008967485278618521,79.5,72.0,75.75,52,5,0.5773235167057652,JackofAllTrades,0.16,0.57732,79.5,72.0,75.75,52
2d729675,0.16,6.0600597491224875,0.05115238333481326,0.008440904125115311,88.5,55.0,71.75,51,6,6.0600597491224875,JackofAllTrades,0.16,6.06006,88.5,55.0,71.75,51
2d729675,0.16,-5.27299710725435,-0.06368220384153285,0.012077041300463028,64.0,150.0,107.0,83,7,-5.27299710725435,JackofAllTrades,0.16,-5.273,64.0,150.0,107.0,83
2d729675,0.16,-4.834453883606947,-0.07309001273604356,0.015118566542517455,69.0,152.5,110.75,99,8,-4.834453883606947,JackofAllTrades,0.16,-4.83445,69.0,152.5,110.75,99
2d729675,0.15999999999999998,7.838877206432681,0.1097793302513922,0.014004471222142108,73.0,43.5,58.25,24,9,7.838877206432681,JackofAllTrades,0.16,7.83888,73.0,43.5,58.25,24
2d729675,0.16,-0.017296953794923936,-0.00014163688740659406,0.00818854516730915,83.5,105.0,94.25,69,10,-0.017296953794923936,JackofAllTrades,0.16,-0.0173,83.5,105.0,94.25,69
2d729675,0.16,0.5700101716406613,0.006051048095388376,0.010615684414844095,92.0,94.0,93.0,72,11,0.5700101716406613,JackofAllTrades,0.16,0.57001,92.0,94.0,93.0,72
2d729675,0.16,5.1218135718674525,0.0342011818958729,0.0066775530612300064,91.5,64.0,77.75,51,12,5.1218135718674525,JackofAllTrades,0.16,5.12181,91.5,64.0,77.75,51
2ddbfd56,0.18072000000000002,6.992090166079916,0.049199446519918,0.007036443374056408,121.0,1.0,61.0,52,1,6.992090166079916,impulsive response,0.18072,6.99209,121.0,1.0,61.0,52
2ddbfd56,0.17460311986160001,-6.395019916729193,-0.08845647730931536,0.013832087852911247,117.0,144.0,130.5,158,2,-6.395019916729193,impulsive response,0.1746,-6.39502,117.0,144.0,130.5,158
2ddbfd56,0.15289198209699997,-5.715570594146888,-0.21005740956458996,0.03675178288930632,1.0,179.0,90.0,85,3,-5.715570594146888,impulsive response,0.15289,-5.71557,1.0,179.0,90.0,85
2ddbfd56,0.15878550047099999,-4.146203229213844,-0.0635185525655437,0.015319691065309254,49.0,141.0,95.0,86,4,-4.146203229213844,impulsive response,0.15879,-4.1462,49.0,141.0,95.0,86
2ddbfd56,0.1609828291964,-4.305313535991306,-0.07896888341729594,0.018342191052320933,111.0,186.0,148.5,170,5,-4.305313535991306,impulsive response,0.16098,-4.30531,111.0,186.0,148.5,170
2ddbfd56,0.16558520175959998,1.5752080063126188,0.021490399699932154,0.013642896438952666,131.0,138.0,134.5,154,6,1.5752080063126188,impulsive response,0.16559,1.57521,131.0,138.0,134.5,154
2ddbfd56,0.15767012829839996,0.1621485824931536,0.002817361634201085,0.01737518509802602,18.0,60.0,39.0,22,7,0.1621485824931536,impulsive response,0.15767,0.16215,18.0,60.0,39.0,22
2ddbfd56,0.1586609929844,-1.8528198120955317,-0.046967707274719855,0.02534931188025217,35.0,83.0,59.0,42,8,-1.8528198120955317,impulsive response,0.15866,-1.85282,35.0,83.0,59.0,42
2ddbfd56,0.16731900615239997,5.549535796372473,0.1297309042844206,0.023376892959086938,141.0,95.0,118.0,129,9,5.549535796372473,impulsive response,0.16732,5.54954,141.0,95.0,118.0,129
2ddbfd56,0.1504031443706,-10.249655899066362,-0.11789029775867929,0.011501878591789397,4.0,219.0,111.5,110,10,-10.249655899066362,impulsive response,0.1504,-10.24966,4.0,219.0,111.5,110
2ddbfd56,0.1507063622198,-2.179103890354779,-0.07055549900247485,0.032378217172099925,3.0,196.0,99.5,99,11,-2.179103890354779,impulsive response,0.15071,-2.1791,3.0,196.0,99.5,99
2ddbfd56,0.16,1.9691963264045032,0.010110692914798002,0.005134426049462937,91.5,123.0,107.25,112,12,1.9691963264045032,impulsive response,0.16,1.9692,91.5,123.0,107.25,112
2f030cc5,0.16,3.008064774801641,0.017261995938269797,0.005738571882784038,63.5,85.0,74.25,76,1,3.008064774801641,Sushant,0.16,3.00807,63.5,85.0,74.25,76
2f030cc5,0.16,-7.946352672057857,-0.05124408304313251,0.006448755190960068,48.5,172.0,110.25,131,2,-7.946352672057857,Sushant,0.16,-7.94635,48.5,172.0,110.25,131
2f030cc5,0.16,-0.5264244987363544,-0.003643253915720958,0.006920752974959063,76.5,134.0,105.25,120,3,-0.5264244987363544,Sushant,0.16,-0.52642,76.5,134.0,105.25,120
2f030cc5,0.16,2.1897984747771146,0.014020265860783475,0.00640253704725523,83.5,25.0,54.25,36,4,2.1897984747771146,Sushant,0.16,2.1898,83.5,25.0,54.25,36
2f030cc5,0.16,-3.254371576917787,-0.022057359997405893,0.0067777632258871935,79.5,176.0,127.75,143,5,-3.254371576917787,Sushant,0.16,-3.25437,79.5,176.0,127.75,143
2f030cc5,0.16,4.017219181662558,0.02335042468733499,0.005812584186076507,88.5,113.0,100.75,102,6,4.017219181662558,Sushant,0.16,4.01722,88.5,113.0,100.75,102
2f030cc5,0.16,-5.689715891405419,-0.033018667710717486,0.005803219060655334,64.0,183.0,123.5,142,7,-5.689715891405419,Sushant,0.16,-5.68972,64.0,183.0,123.5,142
2f030cc5,0.16,-3.389233311863539,-0.016081356516879163,0.00474483608448808,69.0,99.0,84.0,63,8,-3.389233311863539,Sushant,0.16,-3.38923,69.0,99.0,84.0,63
2f030cc5,0.15999999999999998,0.155510948725335,0.0015651965821634542,0.010064864210480255,73.0,147.0,110.0,120,9,0.155510948725335,Sushant,0.16,0.15551,73.0,147.0,110.0,120
2f030cc5,0.16,-1.7931212858829366,-0.00930623961411061,0.0051899666170814535,83.5,167.0,125.25,133,10,-1.7931212858829366,Sushant,0.16,-1.79312,83.5,167.0,125.25,133
2f030cc5,0.16,-2.8015791602628224,-0.013480512681410942,0.004811755053227304,92.0,206.0,149.0,169,11,-2.8015791602628224,Sushant,0.16,-2.80158,92.0,206.0,149.0,169
2f030cc5,0.16,6.866067349182533,0.04741322767418768,0.006905441683416148,91.5,21.0,56.25,28,12,6.866067349182533,Sushant,0.16,6.86607,91.5,21.0,56.25,28
30c5c41c,0.15795950651819998,4.03401628700254,0.02808161710115055,0.006961205682691103,37.0,39.0,38.0,14,1,4.03401628700254,Axios,0.15796,4.03402,37.0,39.0,38.0,14
30c5c41c,0.17354843940739995,3.0110593970813597,0.027757554859447406,0.009218534475391947,112.0,23.0,67.5,45,2,3.0110593970813597,Axios,0.17355,3.01106,112.0,23.0,67.5,45
30c5c41c,0.17108403940739997,-5.424075556111138,-0.04990535856642435,0.009200712278094565,135.0,178.0,156.5,177,3,-5.424075556111138,Axios,0.17108,-5.42408,135.0,178.0,156.5,177
30c5c41c,0.1699338394074,1.0485150257278335,0.009532787580570426,0.009091703358235786,145.0,36.0,90.5,77,4,1.0485150257278335,Axios,0.16993,1.04852,145.0,36.0,90.5,77
30c5c41c,0.17931615940739995,-5.284844491353559,-0.018930156519663656,0.003581970396789338,157.0,191.0,174.0,193,5,-5.284844491353559,Axios,0.17932,-5.28484,157.0,191.0,174.0,193
30c5c41c,0.18524919940739998,-0.4579251661381311,-0.00217698746524216,0.00475402451365925,169.0,152.0,160.5,174,6,-0.4579251661381311,Axios,0.18525,-0.45793,169.0,152.0,160.5,174
30c5c41c,0.17294363940739998,-2.690273669124991,-0.015512127476792868,0.005766003531469039,152.0,71.0,111.5,113,7,-2.690273669124991,Axios,0.17294,-2.69027,152.0,71.0,111.5,113
30c5c41c,0.16911123940739997,2.4450745662699984,0.022345228419628955,0.009138874015493511,147.0,58.0,102.5,87,8,2.4450745662699984,Axios,0.16911,2.44508,147.0,58.0,102.5,87
30c5c41c,0.1652083194074,-10.692247265771751,-0.05734190538264883,0.005362942322350976,128.0,212.0,170.0,191,9,-10.692247265771751,Axios,0.16521,-10.69225,128.0,212.0,170.0,191
30c5c41c,0.16481659940739996,-4.650704161006336,-0.025160095846871622,0.005409954057672718,140.0,196.0,168.0,194,10,-4.650704161006336,Axios,0.16482,-4.6507,140.0,196.0,168.0,194
30c5c41c,0.1703553194074,-4.684987608311478,-0.03183071808972826,0.006794194723857638,161.0,216.0,188.5,209,11,-4.684987608311478,Axios,0.17036,-4.68499,161.0,216.0,188.5,209
30c5c41c,0.1680394394074,-6.901857771646263,-0.041021335399558545,0.0059435208253753894,149.0,194.0,171.5,188,12,-6.901857771646263,Axios,0.16804,-6.90186,149.0,194.0,171.5,188
31bb28c9,0.159414519335,1.931948756021597,0.006147828430359234,0.003182190216586939,44.0,97.0,70.5,67,1,1.931948756021597,ouranos,0.15942,1.93195,44.0,97.0,70.5,67
31bb28c9,0.16117923930039996,-4.708132798390919,-0.030381011730934663,0.006452879099187234,76.0,83.0,79.5,59,2,-4.708132798390919,ouranos,0.16118,-4.70813,76.0,83.0,79.5,59
31bb28c9,0.1595783372758,1.2283403741390826,0.012652938355497828,0.0103008405665783,53.0,67.0,60.0,29,3,1.2283403741390826,ouranos,0.15958,1.22834,53.0,67.0,60.0,29
31bb28c9,0.15995370570140002,-2.900584885735473,-0.0170685595290464,0.005884523363886485,65.0,89.0,77.0,58,4,-2.900584885735473,ouranos,0.15995,-2.90058,65.0,89.0,77.0,58
31bb28c9,0.1583365212844,1.5937210653047391,0.003971141172841552,0.002491741660001351,54.0,35.0,44.5,21,5,1.5937210653047391,ouranos,0.15834,1.59372,54.0,35.0,44.5,21
31bb28c9,0.15954132309100003,4.833639868163948,0.014947640029264438,0.00309241905416141,64.0,95.0,79.5,76,6,4.833639868163948,ouranos,0.15954,4.83364,64.0,95.0,79.5,76
31bb28c9,0.1621319959532,-4.6090120815101985,-0.0169952366292414,0.00368739251029967,111.0,109.0,110.0,107,7,-4.6090120815101985,ouranos,0.16213,-4.60901,111.0,109.0,110.0,107
31bb28c9,0.16111759813739998,-3.684101622182409,-0.01536839956324835,0.004171546048217945,105.0,102.0,103.5,90,8,-3.684101622182409,ouranos,0.16112,-3.6841,105.0,102.0,103.5,90
31bb28c9,0.15985826140440001,4.508513990792965,0.0065332423022605324,0.0014490899475087258,49.0,111.0,80.0,70,9,4.508513990792965,ouranos,0.15986,4.50851,49.0,111.0,80.0,70
31bb28c9,0.159636785204,-0.26566753631034035,-0.0013083886263941867,0.004924909699413889,55.0,124.0,89.5,63,10,-0.26566753631034035,ouranos,0.15964,-0.26567,55.0,124.0,89.5,63
31bb28c9,0.15925570520399998,0.5928344314268827,0.003696855605560472,0.00623589894511116,64.0,78.0,71.0,43,11,0.5928344314268827,ouranos,0.15926,0.59283,64.0,78.0,71.0,43
31bb28c9,0.15710170520400002,5.639349324096689,0.022956831542234157,0.00407082984629816,36.0,39.0,37.5,14,12,5.639349324096689,ouranos,0.1571,5.63935,36.0,39.0,37.5,14
32cdcc24,0.16,3.9903564609732767,0.04404783020812661,0.011038570272837988,63.5,50.5,57.0,35,1,3.9903564609732767,M6 Dummy,0.16,3.99036,63.5,50.5,57.0,35
32cdcc24,0.16,-5.972217322696222,-0.0625144726295192,0.010467548190509646,48.5,119.5,84.0,63,2,-5.972217322696222,M6 Dummy,0.16,-5.97222,48.5,119.5,84.0,63
32cdcc24,0.16,1.2145320363375662,0.017810997445674638,0.014664905422654707,76.5,77.0,76.75,44,3,1.2145320363375662,M6 Dummy,0.16,1.21453,76.5,77.0,76.75,44
32cdcc24,0.16,-4.138886891126123,-0.06348132628488458,0.015337777512352444,83.5,130.0,106.75,109,4,-4.138886891126123,M6 Dummy,0.16,-4.13889,83.5,130.0,106.75,109
32cdcc24,0.16,0.5773235167057652,0.0051771401370592236,0.008967485278618521,79.5,72.0,75.75,52,5,0.5773235167057652,M6 Dummy,0.16,0.57732,79.5,72.0,75.75,52
32cdcc24,0.16,6.0600597491224875,0.05115238333481326,0.008440904125115311,88.5,55.0,71.75,51,6,6.0600597491224875,M6 Dummy,0.16,6.06006,88.5,55.0,71.75,51
32cdcc24,0.16,-5.27299710725435,-0.06368220384153285,0.012077041300463028,64.0,150.0,107.0,83,7,-5.27299710725435,M6 Dummy,0.16,-5.273,64.0,150.0,107.0,83
32cdcc24,0.16,-4.834453883606947,-0.07309001273604356,0.015118566542517455,69.0,152.5,110.75,99,8,-4.834453883606947,M6 Dummy,0.16,-4.83445,69.0,152.5,110.75,99
32cdcc24,0.15999999999999998,7.838877206432681,0.1097793302513922,0.014004471222142108,73.0,43.5,58.25,24,9,7.838877206432681,M6 Dummy,0.16,7.83888,73.0,43.5,58.25,24
32cdcc24,0.16,-0.017296953794923936,-0.00014163688740659406,0.00818854516730915,83.5,105.0,94.25,69,10,-0.017296953794923936,M6 Dummy,0.16,-0.0173,83.5,105.0,94.25,69
32cdcc24,0.16,0.5700101716406613,0.006051048095388376,0.010615684414844095,92.0,94.0,93.0,72,11,0.5700101716406613,M6 Dummy,0.16,0.57001,92.0,94.0,93.0,72
32cdcc24,0.16,5.1218135718674525,0.0342011818958729,0.0066775530612300064,91.5,64.0,77.75,51,12,5.1218135718674525,M6 Dummy,0.16,5.12181,91.5,64.0,77.75,51
34cf2f3f,0.16,3.9903564609732767,0.04404783020812661,0.011038570272837988,63.5,50.5,57.0,35,1,3.9903564609732767,Team Sahand,0.16,3.99036,63.5,50.5,57.0,35
34cf2f3f,0.16,-5.972217322696222,-0.0625144726295192,0.010467548190509646,48.5,119.5,84.0,63,2,-5.972217322696222,Team Sahand,0.16,-5.97222,48.5,119.5,84.0,63
34cf2f3f,0.16,1.2145320363375662,0.017810997445674638,0.014664905422654707,76.5,77.0,76.75,44,3,1.2145320363375662,Team Sahand,0.16,1.21453,76.5,77.0,76.75,44
34cf2f3f,0.16,-4.138886891126123,-0.06348132628488458,0.015337777512352444,83.5,130.0,106.75,109,4,-4.138886891126123,Team Sahand,0.16,-4.13889,83.5,130.0,106.75,109
34cf2f3f,0.16,0.5773235167057652,0.0051771401370592236,0.008967485278618521,79.5,72.0,75.75,52,5,0.5773235167057652,Team Sahand,0.16,0.57732,79.5,72.0,75.75,52
34cf2f3f,0.16,6.0600597491224875,0.05115238333481326,0.008440904125115311,88.5,55.0,71.75,51,6,6.0600597491224875,Team Sahand,0.16,6.06006,88.5,55.0,71.75,51
34cf2f3f,0.16,-5.27299710725435,-0.06368220384153285,0.012077041300463028,64.0,150.0,107.0,83,7,-5.27299710725435,Team Sahand,0.16,-5.273,64.0,150.0,107.0,83
34cf2f3f,0.16,-4.834453883606947,-0.07309001273604356,0.015118566542517455,69.0,152.5,110.75,99,8,-4.834453883606947,Team Sahand,0.16,-4.83445,69.0,152.5,110.75,99
34cf2f3f,0.15999999999999998,7.838877206432681,0.1097793302513922,0.014004471222142108,73.0,43.5,58.25,24,9,7.838877206432681,Team Sahand,0.16,7.83888,73.0,43.5,58.25,24
34cf2f3f,0.16,-0.017296953794923936,-0.00014163688740659406,0.00818854516730915,83.5,105.0,94.25,69,10,-0.017296953794923936,Team Sahand,0.16,-0.0173,83.5,105.0,94.25,69
34cf2f3f,0.16,0.5700101716406613,0.006051048095388376,0.010615684414844095,92.0,94.0,93.0,72,11,0.5700101716406613,Team Sahand,0.16,0.57001,92.0,94.0,93.0,72
34cf2f3f,0.16,5.1218135718674525,0.0342011818958729,0.0066775530612300064,91.5,64.0,77.75,51,12,5.1218135718674525,Team Sahand,0.16,5.12181,91.5,64.0,77.75,51
3653df28,0.16,3.9903564609732767,0.04404783020812661,0.011038570272837988,63.5,50.5,57.0,35,1,3.9903564609732767,fright131,0.16,3.99036,63.5,50.5,57.0,35
3653df28,0.16,-5.972217322696222,-0.0625144726295192,0.010467548190509646,48.5,119.5,84.0,63,2,-5.972217322696222,fright131,0.16,-5.97222,48.5,119.5,84.0,63
3653df28,0.16,1.2145320363375662,0.017810997445674638,0.014664905422654707,76.5,77.0,76.75,44,3,1.2145320363375662,fright131,0.16,1.21453,76.5,77.0,76.75,44
3653df28,0.16,-4.138886891126123,-0.06348132628488458,0.015337777512352444,83.5,130.0,106.75,109,4,-4.138886891126123,fright131,0.16,-4.13889,83.5,130.0,106.75,109
3653df28,0.16,0.5773235167057652,0.0051771401370592236,0.008967485278618521,79.5,72.0,75.75,52,5,0.5773235167057652,fright131,0.16,0.57732,79.5,72.0,75.75,52
3653df28,0.16,6.0600597491224875,0.05115238333481326,0.008440904125115311,88.5,55.0,71.75,51,6,6.0600597491224875,fright131,0.16,6.06006,88.5,55.0,71.75,51
3653df28,0.16,-5.27299710725435,-0.06368220384153285,0.012077041300463028,64.0,150.0,107.0,83,7,-5.27299710725435,fright131,0.16,-5.273,64.0,150.0,107.0,83
3653df28,0.16,-4.834453883606947,-0.07309001273604356,0.015118566542517455,69.0,152.5,110.75,99,8,-4.834453883606947,fright131,0.16,-4.83445,69.0,152.5,110.75,99
3653df28,0.15999999999999998,7.838877206432681,0.1097793302513922,0.014004471222142108,73.0,43.5,58.25,24,9,7.838877206432681,fright131,0.16,7.83888,73.0,43.5,58.25,24
3653df28,0.16,-0.017296953794923936,-0.00014163688740659406,0.00818854516730915,83.5,105.0,94.25,69,10,-0.017296953794923936,fright131,0.16,-0.0173,83.5,105.0,94.25,69
3653df28,0.16,0.5700101716406613,0.006051048095388376,0.010615684414844095,92.0,94.0,93.0,72,11,0.5700101716406613,fright131,0.16,0.57001,92.0,94.0,93.0,72
3653df28,0.16,5.1218135718674525,0.0342011818958729,0.0066775530612300064,91.5,64.0,77.75,51,12,5.1218135718674525,fright131,0.16,5.12181,91.5,64.0,77.75,51
373b51b4,0.32800000000000007,-5.246687936827989,-0.030891723363592312,0.00588785224803529,209.0,182.0,195.5,210,9,-5.246687936827989,Chaotician,0.328,-5.24669,209.0,182.0,195.5,210
373b51b4,0.272,2.709475819414871,0.007936801872406389,0.0029292757719167955,213.0,37.0,125.0,132,10,2.709475819414871,Chaotician,0.272,2.70948,213.0,37.0,125.0,132
373b51b4,0.32,-0.6920284702221053,-0.002601349148026461,0.0037590204160120213,220.5,166.0,193.25,213,11,-0.6920284702221053,Chaotician,0.32,-0.69203,220.5,166.0,193.25,213
373b51b4,0.40399999999999997,-10.772907898576777,-0.03572855416370175,0.003316519040176877,225.0,221.0,223.0,226,12,-10.772907898576777,Chaotician,0.404,-10.77291,225.0,221.0,223.0,226
37888cb7,0.18184800000000004,-4.276997931515453,-0.027151317663605037,0.0063482185631978105,174.0,193.0,183.5,208,10,-4.276997931515453,Pain,0.18185,-4.277,174.0,193.0,183.5,208
37888cb7,0.23088800000000004,0.5937028124025931,0.004224035433064082,0.007114730374899656,202.0,77.0,139.5,161,11,0.5937028124025931,Pain,0.23089,0.5937,202.0,77.0,139.5,161
37888cb7,0.236008,-1.5069360115616701,-0.02702493878937774,0.017933700291209588,201.0,152.0,176.5,197,12,-1.5069360115616701,Pain,0.23601,-1.50694,201.0,152.0,176.5,197
380c6343,0.18279632848,4.072510502609423,0.032072371796465424,0.007875331880891493,122.0,36.0,79.0,81,1,4.072510502609423,PREMIA,0.1828,4.07251,122.0,36.0,79.0,81
380c6343,0.16899999999999998,-3.086290412423207,-0.018334284046118157,0.00594055697815001,101.0,59.0,80.0,60,2,-3.086290412423207,PREMIA,0.169,-3.08629,101.0,59.0,80.0,60
380c6343,0.1619453125,0.3492056891592534,0.007582056613581304,0.02171229406896503,114.0,119.0,116.5,140,3,0.3492056891592534,PREMIA,0.16195,0.34921,114.0,119.0,116.5,140
380c6343,0.16182499999999997,-6.4535523206747705,-0.08353057040018456,0.012943347516155378,120.0,189.0,154.5,172,4,-6.4535523206747705,PREMIA,0.16182,-6.45355,120.0,189.0,154.5,172
380c6343,0.16022929687499998,-4.491675854384734,-0.015241974079758674,0.003393382464337802,98.0,188.0,143.0,158,5,-4.491675854384734,PREMIA,0.16023,-4.49168,98.0,188.0,143.0,158
380c6343,0.158127734375,5.006892121476804,0.03436981563159671,0.006864500931459891,57.0,90.0,73.5,72,6,5.006892121476804,PREMIA,0.15813,5.00689,57.0,90.0,73.5,72
380c6343,0.16154999999999997,-3.8417187142437856,-0.07245761647839302,0.018860729238125852,107.0,83.0,95.0,66,7,-3.8417187142437856,PREMIA,0.16155,-3.84172,107.0,83.0,95.0,66
380c6343,0.15536015625,-3.244275856448129,-0.06551359623742192,0.020193596086230156,19.0,96.0,57.5,41,8,-3.244275856448129,PREMIA,0.15536,-3.24428,19.0,96.0,57.5,41
380c6343,0.15935078125,4.801571515383122,0.047492457562922225,0.0098910236806361,44.0,110.0,77.0,61,9,4.801571515383122,PREMIA,0.15935,4.80157,44.0,110.0,77.0,61
380c6343,0.16165937500000002,1.6494738726134723,0.02251441448219705,0.013649452019827743,128.0,48.0,88.0,60,10,1.6494738726134723,PREMIA,0.16166,1.64947,128.0,48.0,88.0,60
380c6343,0.15923281250000001,3.1578933526867123,0.032056910284361737,0.010151359372883176,62.0,14.0,38.0,16,11,3.1578933526867123,PREMIA,0.15923,3.15789,62.0,14.0,38.0,16
380c6343,0.16734999999999997,3.102860846295807,0.026905814949898785,0.008671292810961512,147.0,108.0,127.5,141,12,3.102860846295807,PREMIA,0.16735,3.10286,147.0,108.0,127.5,141
3862cc83,0.1598435242768,4.285076003264031,0.055211075404451485,0.012884503183233172,46.0,27.0,36.5,12,1,4.285076003264031,Dull AI,0.15984,4.28508,46.0,27.0,36.5,12
3862cc83,0.16619490962779998,-6.088037597830467,-0.09591631543703996,0.01575488224172937,92.0,131.0,111.5,132,2,-6.088037597830467,Dull AI,0.1662,-6.08804,92.0,131.0,111.5,132
3862cc83,0.16131636188159998,0.041199642291187555,0.0007665587969907899,0.018605957585091797,109.0,122.0,115.5,138,3,0.041199642291187555,Dull AI,0.16132,0.0412,109.0,122.0,115.5,138
3862cc83,0.159489055004,-1.9618416115252462,-0.03498812335811813,0.017834326253747056,60.0,68.0,64.0,46,4,-1.9618416115252462,Dull AI,0.15949,-1.96184,60.0,68.0,64.0,46
3862cc83,0.1537359914644,-0.7612306922958475,-0.009861052971819372,0.012954092723296206,7.0,123.0,65.0,42,5,-0.7612306922958475,Dull AI,0.15374,-0.76123,7.0,123.0,65.0,42
3862cc83,0.144230312927,5.988908613047936,0.05853320698681405,0.009773601630735977,4.0,67.0,35.5,18,6,5.988908613047936,Dull AI,0.14423,5.98891,4.0,67.0,35.5,18
3862cc83,0.189060352927,-4.911315489971852,-0.07055888399434633,0.01436659569893579,167.0,118.0,142.5,172,7,-4.911315489971852,Dull AI,0.18906,-4.91132,167.0,118.0,142.5,172
3862cc83,0.17592973463040007,-5.002316240035648,-0.0897859147757943,0.017948868177745287,162.0,172.0,167.0,188,8,-5.002316240035648,Dull AI,0.17593,-5.00232,162.0,172.0,167.0,188
3862cc83,0.15231400672,3.1585427260765493,0.061954514045961,0.01961490453634582,11.0,128.0,69.5,54,9,3.1585427260765493,Dull AI,0.15231,3.15854,11.0,128.0,69.5,54
3862cc83,0.1780750481642,-2.240104823225449,-0.02273073404051363,0.01014717427722174,168.0,172.0,170.0,197,10,-2.240104823225449,Dull AI,0.17808,-2.2401,168.0,172.0,170.0,197
3862cc83,0.1581082081642,-0.5686767615871748,-0.006343971963184789,0.01115567294411466,55.0,161.0,108.0,109,11,-0.5686767615871748,Dull AI,0.15811,-0.56868,55.0,161.0,108.0,109
3862cc83,0.1606909539086,3.0509685822110937,0.020867383064243798,0.006839592903680711,121.0,110.0,115.5,123,12,3.0509685822110937,Dull AI,0.16069,3.05097,121.0,110.0,115.5,123
388c6ccc,0.1660285596682,-6.275789176302976,-0.13684373377978679,0.021805024027336826,90.0,139.0,114.5,137,2,-6.275789176302976,Dileep,0.16603,-6.27579,90.0,139.0,114.5,137
388c6ccc,0.15991433144519998,0.8623275956466603,0.015959554276420585,0.018507530498838437,59.0,101.0,80.0,69,3,0.8623275956466603,Dileep,0.15991,0.86233,59.0,101.0,80.0,69
388c6ccc,0.1611941556782,-3.499650037144128,-0.06505754183377382,0.01858972787086554,110.0,100.0,105.0,102,4,-3.499650037144128,Dileep,0.16119,-3.49965,110.0,100.0,105.0,102
388c6ccc,0.1610720702624,0.6961404827099243,0.0066819220550613425,0.009598525327890808,112.0,57.0,84.5,80,5,0.6961404827099243,Dileep,0.16107,0.69614,112.0,57.0,84.5,80
388c6ccc,0.1511079761416,9.356172797577697,0.06346619559065607,0.0067833500902299915,14.0,11.0,12.5,4,6,9.356172797577697,Dileep,0.15111,9.35617,14.0,11.0,12.5,4
388c6ccc,0.1635963939994,-4.512787321971488,-0.058766158590703124,0.013022142281021595,117.0,103.0,110.0,107,7,-4.512787321971488,Dileep,0.1636,-4.51279,117.0,103.0,110.0,107
388c6ccc,0.16294550312840003,-1.4904354862252704,-0.024402527985094416,0.016372750253616893,125.0,79.0,102.0,85,8,-1.4904354862252704,Dileep,0.16295,-1.49043,125.0,79.0,102.0,85
388c6ccc,0.1541877348662,2.3246215114925928,0.05233809861081887,0.02251467533620715,15.0,135.0,75.0,58,9,2.3246215114925928,Dileep,0.15419,2.32462,15.0,135.0,75.0,58
388c6ccc,0.1590276022382,0.328499875932628,0.0028198359460056017,0.008583978724497057,50.0,86.0,68.0,45,10,0.328499875932628,Dileep,0.15903,0.3285,50.0,86.0,68.0,45
388c6ccc,0.1587167814854,-0.46130917639202185,-0.0045074744659112966,0.00977104878156777,59.0,156.0,107.5,108,11,-0.46130917639202185,Dileep,0.15872,-0.46131,59.0,156.0,107.5,108
388c6ccc,0.1560005432794,3.053043203251692,0.024187319407922635,0.007922363948915477,26.0,109.0,67.5,40,12,3.053043203251692,Dileep,0.156,3.05304,26.0,109.0,67.5,40
38c7fc7b,0.153993988603,3.7690061792039926,0.023835980970565086,0.006324208514722892,19.0,71.0,45.0,18,1,3.7690061792039926,MP - Miguel Pérez Michaus,0.15399,3.76901,19.0,71.0,45.0,18
38c7fc7b,0.1587344870812,-5.630868707864389,-0.015563194921601324,0.0027639065531513615,19.0,98.0,58.5,37,2,-5.630868707864389,MP - Miguel Pérez Michaus,0.15873,-5.63087,19.0,98.0,58.5,37
38c7fc7b,0.15531464319559998,-6.517829736820943,-0.01514318275303382,0.002323347396984916,16.0,181.0,98.5,104,3,-6.517829736820943,MP - Miguel Pérez Michaus,0.15532,-6.51783,16.0,181.0,98.5,104
38c7fc7b,0.1579054885874,-4.233154123184788,-0.018459732859620846,0.004360751421385239,41.0,144.0,92.5,81,4,-4.233154123184788,MP - Miguel Pérez Michaus,0.1579,-4.23315,41.0,144.0,92.5,81
38c7fc7b,0.15542276244660003,-0.15350100393569033,-0.005244097690975835,0.034163279434790306,16.0,106.0,61.0,40,5,-0.15350100393569033,MP - Miguel Pérez Michaus,0.15542,-0.1535,16.0,106.0,61.0,40
38c7fc7b,0.1563871524464,-0.24629259163540201,-0.007769217385013329,0.031544665364983654,46.0,150.0,98.0,95,6,-0.24629259163540201,MP - Miguel Pérez Michaus,0.15639,-0.24629,46.0,150.0,98.0,95
38c7fc7b,0.157835062239,5.261138073987605,0.08170779552894418,0.015530441204903583,20.0,23.0,21.5,11,7,5.261138073987605,MP - Miguel Pérez Michaus,0.15784,5.26114,20.0,23.0,21.5,11
38c7fc7b,0.157217960035,0.3126182763040648,6.169379751100554e-05,0.00019734545990202995,23.0,65.0,44.0,30,8,0.3126182763040648,MP - Miguel Pérez Michaus,0.15722,0.31262,23.0,65.0,44.0,30
38c7fc7b,0.157549623815,-3.5462774157662618,-0.0007104228263149892,0.00020032917423677771,29.0,168.0,98.5,99,9,-3.5462774157662618,MP - Miguel Pérez Michaus,0.15755,-3.54628,29.0,168.0,98.5,99
38c7fc7b,0.1570838904234,3.3835562674764237,0.0016694858015679408,0.0004934115674727947,25.0,33.0,29.0,11,10,3.3835562674764237,MP - Miguel Pérez Michaus,0.15708,3.38356,25.0,33.0,29.0,11
38c7fc7b,0.1544105787518,0.9296813150351573,0.009147892061044997,0.009839814905497004,24.0,53.0,38.5,19,11,0.9296813150351573,MP - Miguel Pérez Michaus,0.15441,0.92968,24.0,53.0,38.5,19
38c7fc7b,0.1559509602176,1.1476991824439418,1.6402283490283863e-05,1.4291448265525813e-05,24.0,131.0,77.5,50,12,1.1476991824439418,MP - Miguel Pérez Michaus,0.15595,1.1477,24.0,131.0,77.5,50
3900b673,0.149299255848,2.4192402088635205,0.020028849101873844,0.008278983223118113,4.0,89.0,46.5,21,1,2.4192402088635205,Stochoshi,0.1493,2.41924,4.0,89.0,46.5,21
3900b673,0.17148982329960002,-7.3165436156181585,-0.06424011468235637,0.008780117779278606,107.0,163.0,135.0,163,2,-7.3165436156181585,Stochoshi,0.17149,-7.31654,107.0,163.0,135.0,163
3900b673,0.1590459806478,3.9632081287365337,0.038805816214347956,0.009791516103576222,50.0,21.0,35.5,15,3,3.9632081287365337,Stochoshi,0.15905,3.96321,50.0,21.0,35.5,15
3900b673,0.15852190064780003,-4.532326105800249,-0.05020569669165875,0.011077247205890142,47.0,164.0,105.5,103,4,-4.532326105800249,Stochoshi,0.15852,-4.53233,47.0,164.0,105.5,103
3900b673,0.14994334064780002,-1.784651072536728,-0.011510454880171488,0.00644969487722346,5.0,152.0,78.5,72,5,-1.784651072536728,Stochoshi,0.14994,-1.78465,5.0,152.0,78.5,72
3900b673,0.1475243406478,5.64763724429791,0.03097051126075044,0.005483799670741877,13.0,75.0,44.0,24,6,5.64763724429791,Stochoshi,0.14752,5.64764,13.0,75.0,44.0,24
3900b673,0.17208394064779997,-4.373388619898767,-0.03849995392924447,0.008803231835851726,148.0,97.0,122.5,140,7,-4.373388619898767,Stochoshi,0.17208,-4.37339,148.0,97.0,122.5,140
3900b673,0.16960446064779997,-4.987446602792451,-0.06425928043065438,0.012884204192717746,149.0,170.0,159.5,183,8,-4.987446602792451,Stochoshi,0.1696,-4.98745,149.0,170.0,159.5,183
3900b673,0.1503127006478,9.528745126545493,0.08118914768832323,0.00852044488650912,5.0,5.0,5.0,1,9,9.528745126545493,Stochoshi,0.15031,9.52875,5.0,5.0,5.0,1
3900b673,0.16480046064780002,1.0601986506488734,0.006581232753597698,0.006207546811694003,139.0,61.0,100.0,97,10,1.0601986506488734,Stochoshi,0.1648,1.0602,139.0,61.0,100.0,97
3900b673,0.15960706064780003,1.6560332043905501,0.0126363491727613,0.007630492637019136,68.0,35.0,51.5,27,11,1.6560332043905501,Stochoshi,0.15961,1.65603,68.0,35.0,51.5,27
3900b673,0.14564246064779998,0.07983252666071282,0.00044050769252404476,0.005517897415375522,1.0,142.0,71.5,46,12,0.07983252666071282,Stochoshi,0.14564,0.07983,1.0,142.0,71.5,46
39b9b3b1,0.1563104465836,3.9672272230420873,0.03808646443902937,0.009600273011290869,30.0,62.0,46.0,20,1,3.9672272230420873,gvg_1327,0.15631,3.96723,30.0,62.0,46.0,20
39b9b3b1,0.17837752851320002,-6.161302864847644,-0.06683486831078395,0.01084752198956164,129.0,136.0,132.5,160,2,-6.161302864847644,gvg_1327,0.17838,-6.1613,129.0,136.0,132.5,160
39b9b3b1,0.1773133685132,1.2097427866967632,0.018667718681208305,0.015431146923538216,144.0,87.0,115.5,138,3,1.2097427866967632,gvg_1327,0.17731,1.20974,144.0,87.0,115.5,138
39b9b3b1,0.1619029285132,-3.732850892714971,-0.05959320496971188,0.015964528635744313,122.0,104.0,113.0,129,4,-3.732850892714971,gvg_1327,0.1619,-3.73285,122.0,104.0,113.0,129
39b9b3b1,0.1677321285132,0.3530647621672231,0.0033032328118476123,0.009355883582296136,133.0,88.0,110.5,117,5,0.3530647621672231,gvg_1327,0.16773,0.35307,133.0,88.0,110.5,117
39b9b3b1,0.16984620851319998,5.4928878293306775,0.04654920706512957,0.008474450691777864,147.0,79.0,113.0,124,6,5.4928878293306775,gvg_1327,0.16985,5.49289,147.0,79.0,113.0,124
39b9b3b1,0.1676946485132,-5.429756349230836,-0.06640093080209196,0.012229081109965114,134.0,172.0,153.0,184,7,-5.429756349230836,gvg_1327,0.1677,-5.42976,134.0,172.0,153.0,184
39b9b3b1,0.17504256851320005,-4.676583707217437,-0.0729750776422687,0.015604356130661199,160.0,133.0,146.5,168,8,-4.676583707217437,gvg_1327,0.17504,-4.67658,160.0,133.0,146.5,168
39b9b3b1,0.1814540885132,8.36928387835737,0.11959009478045839,0.01428916697278169,167.0,11.0,89.0,86,9,8.36928387835737,gvg_1327,0.18145,8.36928,167.0,11.0,89.0,86
39b9b3b1,0.1646384485132,-0.5254214469505846,-0.004233496416518228,0.008057334623640486,138.0,135.0,136.5,152,10,-0.5254214469505846,gvg_1327,0.16464,-0.52542,138.0,135.0,136.5,152
39b9b3b1,0.17270712851320003,0.8376862648654657,0.00909095343753392,0.010852456126869822,165.0,60.0,112.5,114,11,0.8376862648654657,gvg_1327,0.17271,0.83769,165.0,60.0,112.5,114
39b9b3b1,0.1701564885132,5.6107814745858455,0.03905866655581093,0.0069613594349963535,157.0,40.0,98.5,98,12,5.6107814745858455,gvg_1327,0.17016,5.61078,157.0,40.0,98.5,98
3b28f32c,0.148592576,3.9903564609732767,0.04404783020812661,0.011038570272837988,2.0,50.5,26.25,6,1,3.9903564609732767,Shipwreck,0.14859,3.99036,2.0,50.5,26.25,6
3b28f32c,0.17763141683999997,-5.972217322696222,-0.0625144726295192,0.010467548190509646,126.0,119.5,122.75,149,2,-5.972217322696222,Shipwreck,0.17763,-5.97222,126.0,119.5,122.75,149
3b28f32c,0.16085541684000002,1.2145320363375662,0.017810997445674638,0.014664905422654707,105.0,77.0,91.0,88,3,1.2145320363375662,Shipwreck,0.16085,1.21453,105.0,77.0,91.0,88
3b28f32c,0.16241021684,-4.138886891126123,-0.06348132628488458,0.015337777512352444,126.0,130.0,128.0,151,4,-4.138886891126123,Shipwreck,0.16241,-4.13889,126.0,130.0,128.0,151
3b28f32c,0.15596741684,0.5773235167057652,0.0051771401370592236,0.008967485278618521,24.0,72.0,48.0,27,5,0.5773235167057652,Shipwreck,0.15597,0.57732,24.0,72.0,48.0,27
3b28f32c,0.14429821684,6.0600597491224875,0.05115238333481326,0.008440904125115311,5.0,55.0,30.0,11,6,6.0600597491224875,Shipwreck,0.1443,6.06006,5.0,55.0,30.0,11
3b28f32c,0.17607701684000002,-5.27299710725435,-0.06368220384153285,0.012077041300463028,161.0,150.0,155.5,187,7,-5.27299710725435,Shipwreck,0.17608,-5.273,161.0,150.0,155.5,187
3b28f32c,0.16907821684,-4.834453883606947,-0.07309001273604356,0.015118566542517455,146.0,152.5,149.25,174,8,-4.834453883606947,Shipwreck,0.16908,-4.83445,146.0,152.5,149.25,174
3b28f32c,0.15151981684000002,7.838877206432681,0.1097793302513922,0.014004471222142108,9.0,43.5,26.25,9,9,7.838877206432681,Shipwreck,0.15152,7.83888,9.0,43.5,26.25,9
3b28f32c,0.16951981684,-0.017296953794923936,-0.00014163688740659406,0.00818854516730915,153.0,105.0,129.0,140,10,-0.017296953794923936,Shipwreck,0.16952,-0.0173,153.0,105.0,129.0,140
3b28f32c,0.16740781683999997,0.5700101716406613,0.006051048095388376,0.010615684414844095,152.0,94.0,123.0,134,11,0.5700101716406613,Shipwreck,0.16741,0.57001,152.0,94.0,123.0,134
3b28f32c,0.15463221684,5.1218135718674525,0.0342011818958729,0.0066775530612300064,16.0,64.0,40.0,15,12,5.1218135718674525,Shipwreck,0.15463,5.12181,16.0,64.0,40.0,15
3b48240b,0.2232336809968,-4.96964701146776,-0.02793194572168833,0.005620508993341717,185.0,120.0,152.5,183,7,-4.96964701146776,PowerForecast.S,0.22323,-4.96965,185.0,120.0,152.5,183
3b48240b,0.22575020099680004,-7.119252488474607,-0.04154717629367985,0.005835890265296922,188.0,206.0,197.0,206,8,-7.119252488474607,PowerForecast.S,0.22575,-7.11925,188.0,206.0,197.0,206
3b48240b,0.17739056099680003,4.318683700338747,0.03636629364418176,0.008420689304319572,164.0,113.0,138.5,147,9,4.318683700338747,PowerForecast.S,0.17739,4.31868,164.0,113.0,138.5,147
3b48240b,0.2047620409968,-1.1563290677835192,-0.004267677291746332,0.0036907117624628465,188.0,157.0,172.5,198,10,-1.1563290677835192,PowerForecast.S,0.20476,-1.15633,188.0,157.0,172.5,198
3b48240b,0.23019984099680002,-3.142642241337438,-0.014433865149655617,0.004592907509418854,200.0,208.0,204.0,222,11,-3.142642241337438,PowerForecast.S,0.2302,-3.14264,200.0,208.0,204.0,222
3b48240b,0.16121088099679998,8.873979800696723,0.042455438144209046,0.0047842613007611015,124.0,5.0,64.5,39,12,8.873979800696723,PowerForecast.S,0.16121,8.87398,124.0,5.0,64.5,39
3bdbc3c0,0.15346261128,-5.098202558249367,-0.021169419589659563,0.00415233003157269,18.0,158.0,88.0,99,1,-5.098202558249367,Fred Viole,0.15346,-5.0982,18.0,158.0,88.0,99
3bdbc3c0,0.17503124519999996,-11.521176116998488,-0.018767862600816906,0.0016289884305410944,119.0,176.0,147.5,167,2,-11.521176116998488,Fred Viole,0.17503,-11.52118,119.0,176.0,147.5,167
3bdbc3c0,0.1634410008,-1.748276062714815,-0.0037017828096717565,0.0021173903187368666,120.0,159.0,139.5,164,3,-1.748276062714815,Fred Viole,0.16344,-1.74828,120.0,159.0,139.5,164
3bdbc3c0,0.16131011039999998,3.577288093121228,0.003553067137337565,0.0009932292409352667,113.0,14.0,63.5,44,4,3.577288093121228,Fred Viole,0.16131,3.57729,113.0,14.0,63.5,44
3bdbc3c0,0.1593435092,-7.629521051516678,-0.008902781080256557,0.001166885970972813,60.0,196.0,128.0,144,5,-7.629521051516678,Fred Viole,0.15934,-7.62952,60.0,196.0,128.0,144
3bdbc3c0,0.1530637148,-3.0258861200487637,-0.12169678271833806,0.04021856008129508,24.0,173.0,98.5,97,6,-3.0258861200487637,Fred Viole,0.15306,-3.02589,24.0,173.0,98.5,97
3bdbc3c0,0.17421731480000002,0.6921566296998116,0.017538260170470124,0.025338571383873718,156.0,54.0,105.0,80,7,0.6921566296998116,Fred Viole,0.17422,0.69216,156.0,54.0,105.0,80
3bdbc3c0,0.16762531479999995,3.2769057045270524,0.05945967145031842,0.018145066355792525,142.0,50.0,96.0,76,8,3.2769057045270524,Fred Viole,0.16762,3.27691,142.0,50.0,96.0,76
3bdbc3c0,0.1573429148,-4.796602693183804,-0.0970609710667134,0.020235357663590015,26.0,177.0,101.5,104,9,-4.796602693183804,Fred Viole,0.15734,-4.7966,26.0,177.0,101.5,104
3bdbc3c0,0.16923011479999997,4.506210640541932,0.07118769374704838,0.01579768444612414,152.0,15.0,83.5,55,10,4.506210640541932,Fred Viole,0.16923,4.50621,152.0,15.0,83.5,55
3bdbc3c0,0.16310931480000002,6.141404466837336,0.10882440519424216,0.017719791259780664,138.0,1.0,69.5,40,11,6.141404466837336,Fred Viole,0.16311,6.1414,138.0,1.0,69.5,40
3bdbc3c0,0.16,-3.281685498089293,-1.4582906218996796e-05,4.443724490810424e-06,91.5,165.0,128.25,143,12,-3.281685498089293,Fred Viole,0.16,-3.28168,91.5,165.0,128.25,143
3cd1929f,0.172955,3.7997190543243806,0.03813733468414991,0.010036882763936616,112.0,70.0,91.0,107,1,3.7997190543243806,Thedenizens,0.17295,3.79972,112.0,70.0,91.0,107
3cd1929f,0.17275499999999996,-5.7098627919702425,-0.05921594460956535,0.010370817437652004,110.0,102.0,106.0,123,2,-5.7098627919702425,Thedenizens,0.17275,-5.70986,110.0,102.0,106.0,123
3cd1929f,0.17275500000000002,1.3541268064249532,0.01874876523558893,0.013845649570358758,139.0,55.0,97.0,102,3,1.3541268064249532,Thedenizens,0.17275,1.35413,139.0,55.0,97.0,102
3cd1929f,0.17295500000000005,-3.6650308210887736,-0.05208531626436452,0.014211426535532243,150.0,103.0,126.5,150,4,-3.6650308210887736,Thedenizens,0.17295,-3.66503,150.0,103.0,126.5,150
3cd1929f,0.17315499999999998,0.41798095969402405,0.003512304174912536,0.008403024332696062,150.0,86.0,118.0,131,5,0.41798095969402405,Thedenizens,0.17316,0.41798,150.0,86.0,118.0,131
3cd1929f,0.172355,5.729213606708016,0.04634877441226388,0.008089901615467207,155.0,74.0,114.5,126,6,5.729213606708016,Thedenizens,0.17236,5.72921,155.0,74.0,114.5,126
3cd1929f,0.17275500000000002,-4.976754224996025,-0.05577452765195911,0.011207008650704196,150.0,121.0,135.5,157,7,-4.976754224996025,Thedenizens,0.17275,-4.97675,150.0,121.0,135.5,157
3cd1929f,0.17275500000000002,-4.38284932876974,-0.06181500599517174,0.01410384007257743,156.0,121.0,138.5,163,8,-4.38284932876974,Thedenizens,0.17275,-4.38285,156.0,121.0,138.5,163
3cd1929f,0.17275499999999996,7.163360543326386,0.09549449695317773,0.013330963362181097,155.0,70.0,112.5,124,9,7.163360543326386,Thedenizens,0.17275,7.16336,155.0,70.0,112.5,124
3cd1929f,0.17335500000000004,-0.5847786719888991,-0.0045185336124705195,0.007726912469468953,160.0,142.0,151.0,173,10,-0.5847786719888991,Thedenizens,0.17336,-0.58478,160.0,142.0,151.0,173
3cd1929f,0.17275499999999996,0.7749214936254352,0.007520166022322968,0.009704423072768587,166.0,64.0,115.0,118,11,0.7749214936254352,Thedenizens,0.17275,0.77492,166.0,64.0,115.0,118
3cd1929f,0.172955,5.6922082142518295,0.03747179034940534,0.006582997132041936,162.0,37.0,99.5,100,12,5.6922082142518295,Thedenizens,0.17295,5.69221,162.0,37.0,99.5,100
3d227c13,0.16,3.224851966441038,0.05067059548315171,0.015712533787736006,63.5,77.0,70.25,66,1,3.224851966441038,Spyros M,0.16,3.22485,63.5,77.0,70.25,66
3d227c13,0.16,-2.8533048021701823,-0.034307955178960736,0.012023936297610617,48.5,55.0,51.75,30,2,-2.8533048021701823,Spyros M,0.16,-2.85331,48.5,55.0,51.75,30
3d227c13,0.16,-1.2529498400426788,-0.02358183952136722,0.01882105633260144,76.5,148.0,112.25,135,3,-1.2529498400426788,Spyros M,0.16,-1.25295,76.5,148.0,112.25,135
3d227c13,0.16,-4.120469023187466,-0.07917064539422652,0.019213988734948086,83.5,119.0,101.25,98,4,-4.120469023187466,Spyros M,0.16,-4.12047,83.5,119.0,101.25,98
3d227c13,0.16,0.522315320506916,0.006067275040592792,0.011616115404588167,79.5,83.0,81.25,76,5,0.522315320506916,Spyros M,0.16,0.52231,79.5,83.0,81.25,76
3d227c13,0.16,4.087435683194083,0.0454806642885584,0.011126943104097488,88.5,110.0,99.25,100,6,4.087435683194083,Spyros M,0.16,4.08744,88.5,110.0,99.25,100
3d227c13,0.16,-3.4436880370200136,-0.0512696838540011,0.014888016365839918,64.0,80.0,72.0,48,7,-3.4436880370200136,Spyros M,0.16,-3.44369,64.0,80.0,72.0,48
3d227c13,0.16,-5.116453454386803,-0.08464395691557439,0.01654348225194962,69.0,177.0,123.0,136,8,-5.116453454386803,Spyros M,0.16,-5.11645,69.0,177.0,123.0,136
3d227c13,0.15999999999999998,6.540533088698126,0.11353508081710709,0.01735868915842545,73.0,80.0,76.5,60,9,6.540533088698126,Spyros M,0.16,6.54053,73.0,80.0,76.5,60
3d227c13,0.16,2.6809370472350236,0.024977195014395805,0.00931659139111676,83.5,38.0,60.75,37,10,2.6809370472350236,Spyros M,0.16,2.68094,83.5,38.0,60.75,37
3d227c13,0.16,-1.3506138439510045,-0.017249823100659794,0.012771839395780365,92.0,180.0,136.0,158,11,-1.3506138439510045,Spyros M,0.16,-1.35061,92.0,180.0,136.0,158
3d227c13,0.16,9.134801930931664,0.06754334745786984,0.0073940680891130236,91.5,2.0,46.75,19,12,9.134801930931664,Spyros M,0.16,9.1348,91.5,2.0,46.75,19
41c16cc4,0.1568,-0.28123256266385677,-0.00355218165577347,0.012630762320433055,33.0,111.0,72.0,71,1,-0.28123256266385677,Felix_STU,0.1568,-0.28123,33.0,111.0,72.0,71
41c16cc4,0.1592,5.47441336125944,0.03058795002977976,0.00558743887449937,22.0,8.0,15.0,4,2,5.47441336125944,Felix_STU,0.1592,5.47441,22.0,8.0,15.0,4
41c16cc4,0.15500000000000003,2.961015802813865,0.017521378125017684,0.0059173538041799876,13.0,27.0,20.0,6,3,2.961015802813865,Felix_STU,0.155,2.96102,13.0,27.0,20.0,6
41c16cc4,0.172425,-2.6257013032876704,-0.01279857873647177,0.004874346796585935,149.0,79.0,114.0,131,4,-2.6257013032876704,Felix_STU,0.17242,-2.6257,149.0,79.0,114.0,131
41c16cc4,0.16862499999999994,-3.728386481944944,-0.025549144269938002,0.006852600821739403,141.0,182.0,161.5,183,5,-3.728386481944944,Felix_STU,0.16862,-3.72839,141.0,182.0,161.5,183
41c16cc4,0.15442499999999998,4.541804290653805,0.02051757975389658,0.004517495347855031,33.0,103.0,68.0,49,6,4.541804290653805,Felix_STU,0.15443,4.5418,33.0,103.0,68.0,49
41c16cc4,0.16582499999999997,0.1433570382974477,0.0006081654620415649,0.004242313242965431,130.0,61.0,95.5,67,7,0.1433570382974477,Felix_STU,0.16583,0.14336,130.0,61.0,95.5,67
41c16cc4,0.16649999999999998,7.97383191916645,0.0300506420105327,0.0037686575683017485,140.0,5.0,72.5,54,8,7.97383191916645,Felix_STU,0.1665,7.97383,140.0,5.0,72.5,54
41c16cc4,0.17689999999999997,-5.087142756479337,-0.029328930683863594,0.005765305219026582,162.0,180.0,171.0,193,9,-5.087142756479337,Felix_STU,0.1769,-5.08714,162.0,180.0,171.0,193
41c16cc4,0.1641,-6.610057181486334,-0.018306904120434585,0.002769553064035386,137.0,210.0,173.5,199,10,-6.610057181486334,Felix_STU,0.1641,-6.61006,137.0,210.0,173.5,199
41c16cc4,0.1641,-1.986762118042679,-0.007733403034772055,0.0038924655169038855,142.0,193.0,167.5,188,11,-1.986762118042679,Felix_STU,0.1641,-1.98676,142.0,193.0,167.5,188
41c16cc4,0.1979,-12.041223497116173,-0.03540688506454486,0.002940472375836615,188.0,224.0,206.0,219,12,-12.041223497116173,Felix_STU,0.1979,-12.04122,188.0,224.0,206.0,219
47604324,0.23194000000000006,-12.632242300631408,-0.023638590440314397,0.001871290138183373,201.0,221.0,211.0,222,10,-12.632242300631408,FRONTLEARNERS - DAILA,0.23194,-12.63224,201.0,221.0,211.0,222
47604324,0.20873999999999998,0.9255992580158938,0.0014900967534568171,0.0016098724588986546,194.0,54.0,124.0,136,11,0.9255992580158938,FRONTLEARNERS - DAILA,0.20874,0.9256,194.0,54.0,124.0,136
47604324,0.20433999999999997,-8.084010580773572,-0.019599349292428903,0.0024244586392603916,195.0,204.0,199.5,213,12,-8.084010580773572,FRONTLEARNERS - DAILA,0.20434,-8.08401,195.0,204.0,199.5,213
47dc617b,0.36247823,0.28362024420063103,0.0023678655578276545,0.008348718422767602,162.0,106.0,134.0,151,1,0.28362024420063103,gmobaz,0.36248,0.28362,162.0,106.0,134.0,151
47dc617b,0.16,-5.972217322696222,-0.0625144726295192,0.010467548190509646,48.5,119.5,84.0,63,2,-5.972217322696222,gmobaz,0.16,-5.97222,48.5,119.5,84.0,63
47dc617b,0.16,1.2145320363375662,0.017810997445674638,0.014664905422654707,76.5,77.0,76.75,44,3,1.2145320363375662,gmobaz,0.16,1.21453,76.5,77.0,76.75,44
47dc617b,0.15774446039999998,-4.493768183748587,-0.06116350337693033,0.01361073844399096,35.0,161.0,98.0,91,4,-4.493768183748587,gmobaz,0.15774,-4.49377,35.0,161.0,98.0,91
47dc617b,0.16068086040000001,-0.4014462374780633,-0.0034234259129302174,0.008527731968386645,105.0,113.0,109.0,115,5,-0.4014462374780633,gmobaz,0.16068,-0.40145,105.0,113.0,109.0,115
47dc617b,0.15414912936,6.557444873904434,0.02026015625160308,0.003089641871368074,31.0,32.0,31.5,13,6,6.557444873904434,gmobaz,0.15415,6.55745,31.0,32.0,31.5,13
47dc617b,0.15872997522,-5.076496860972591,-0.05096227728454983,0.010038867092845226,28.0,129.0,78.5,52,7,-5.076496860972591,gmobaz,0.15873,-5.0765,28.0,129.0,78.5,52
47dc617b,0.14927491592,4.359986953206116,0.027121573076974808,0.006220562898022197,4.0,38.0,21.0,6,8,4.359986953206116,gmobaz,0.14927,4.35999,4.0,38.0,21.0,6
47dc617b,0.16377885812000004,-7.7136487615499245,-0.11801579585980448,0.015299607164909496,121.0,197.0,159.0,180,9,-7.7136487615499245,gmobaz,0.16378,-7.71365,121.0,197.0,159.0,180
47dc617b,0.15408685812,3.4139526400954376,0.016025366048644255,0.004694079777332899,12.0,32.0,22.0,5,10,3.4139526400954376,gmobaz,0.15409,3.41395,12.0,32.0,22.0,5
47dc617b,0.15447369781999998,0.4882004697394812,0.0007243698698364651,0.0014837549628393663,25.0,115.0,70.0,41,11,0.4882004697394812,gmobaz,0.15447,0.4882,25.0,115.0,70.0,41
47dc617b,0.16351716984,3.412069430481948,0.03274732766856722,0.00959749745301687,136.0,103.0,119.5,131,12,3.412069430481948,gmobaz,0.16352,3.41207,136.0,103.0,119.5,131
47dd8149,0.15765490271059998,-1.925469805092286,-0.016624246511990855,0.008633865079589794,36.0,134.0,85.0,94,1,-1.925469805092286,MyBloodyValentine,0.15765,-1.92547,36.0,134.0,85.0,94
47dd8149,0.1599351901316,-6.611604080353791,-0.06433639175205336,0.009730829458349943,31.0,147.0,89.0,91,2,-6.611604080353791,MyBloodyValentine,0.15993,-6.6116,31.0,147.0,89.0,91
47dd8149,0.15925327013159998,2.745857943969456,0.03504349472941684,0.0127623116142554,51.0,31.0,41.0,18,3,2.745857943969456,MyBloodyValentine,0.15925,2.74586,51.0,31.0,41.0,18
47dd8149,0.15928703013159998,-5.389904546793606,-0.06985653947815669,0.012960626458535998,55.0,179.0,117.0,137,4,-5.389904546793606,MyBloodyValentine,0.15929,-5.3899,55.0,179.0,117.0,137
47dd8149,0.1567578701316,-0.27918411491131734,-0.0025530329804774863,0.00914462121631976,34.0,110.0,72.0,50,5,-0.27918411491131734,MyBloodyValentine,0.15676,-0.27918,34.0,110.0,72.0,50
47dd8149,0.1532389501316,7.846941429104934,0.06277379156336675,0.00799977827418639,26.0,15.0,20.5,10,6,7.846941429104934,MyBloodyValentine,0.15324,7.84694,26.0,15.0,20.5,10
47dd8149,0.1614583901316,-4.713678924232916,-0.046578739911652026,0.009881610661301471,104.0,111.0,107.5,101,7,-4.713678924232916,MyBloodyValentine,0.16146,-4.71368,104.0,111.0,107.5,101
47dd8149,0.1592107901316,-2.6101148119934714,-0.040390875879409795,0.015474750648444204,42.0,89.0,65.5,48,8,-2.6101148119934714,MyBloodyValentine,0.15921,-2.61011,42.0,89.0,65.5,48
47dd8149,0.16014159013160004,7.871370638266531,0.08842596371697085,0.011233871174492734,96.5,30.0,63.25,47,9,7.871370638266531,MyBloodyValentine,0.16014,7.87137,96.5,30.0,63.25,47
47dd8149,0.16130095013159998,-4.961126940813445,-0.03741844604362662,0.007542327880344732,123.0,199.0,161.0,185,10,-4.961126940813445,MyBloodyValentine,0.1613,-4.96113,123.0,199.0,161.0,185
47dd8149,0.16146263013159998,0.33315014637278306,0.003096701155343329,0.009295211750794884,131.0,122.0,126.5,144,11,0.33315014637278306,MyBloodyValentine,0.16146,0.33315,131.0,122.0,126.5,144
47dd8149,0.1615918701316,2.315789401080438,0.014778877079759832,0.006381788029975743,127.0,122.0,124.5,137,12,2.315789401080438,MyBloodyValentine,0.16159,2.31579,127.0,122.0,124.5,137
481d2b9c,0.16,-5.27299710725435,-0.06368220384153285,0.012077041300463028,64.0,150.0,107.0,83,7,-5.27299710725435,Forecast,0.16,-5.273,64.0,150.0,107.0,83
481d2b9c,0.16,-4.834453883606947,-0.07309001273604356,0.015118566542517455,69.0,152.5,110.75,99,8,-4.834453883606947,Forecast,0.16,-4.83445,69.0,152.5,110.75,99
481d2b9c,0.15999999999999998,7.838877206432681,0.1097793302513922,0.014004471222142108,73.0,43.5,58.25,24,9,7.838877206432681,Forecast,0.16,7.83888,73.0,43.5,58.25,24
481d2b9c,0.16,-0.017296953794923936,-0.00014163688740659406,0.00818854516730915,83.5,105.0,94.25,69,10,-0.017296953794923936,Forecast,0.16,-0.0173,83.5,105.0,94.25,69
481d2b9c,0.16,0.5700101716406613,0.006051048095388376,0.010615684414844095,92.0,94.0,93.0,72,11,0.5700101716406613,Forecast,0.16,0.57001,92.0,94.0,93.0,72
481d2b9c,0.16,5.1218135718674525,0.0342011818958729,0.0066775530612300064,91.5,64.0,77.75,51,12,5.1218135718674525,Forecast,0.16,5.12181,91.5,64.0,77.75,51
48cf320f,0.28,2.280084729506857,0.02084494353821462,0.009142179353450176,150.0,90.0,120.0,136,1,2.280084729506857,ML6team,0.28,2.28009,150.0,90.0,120.0,136
48cf320f,0.368,2.7135085970450663,0.020221971649359863,0.007452333731826394,176.0,25.0,100.5,112,2,2.7135085970450663,ML6team,0.368,2.71351,176.0,25.0,100.5,112
48cf320f,0.32799999999999996,-7.23909720716288,-0.04615533146756162,0.006375840819196659,183.0,183.0,183.0,185,3,-7.23909720716288,ML6team,0.328,-7.2391,183.0,183.0,183.0,185
48cf320f,0.32000000000000006,4.900863668435293,0.02916659965331294,0.005951318303580766,191.5,6.0,98.75,95,4,4.900863668435293,ML6team,0.32,4.90086,191.5,6.0,98.75,95
48cf320f,0.292,6.828005894016393,0.04668854341949846,0.006837800690888855,187.0,1.0,94.0,90,5,6.828005894016393,ML6team,0.292,6.82801,187.0,1.0,94.0,90
48cf320f,0.34,-3.3990501440562473,-0.022640548929756973,0.006660845815807511,199.0,175.0,187.0,194,6,-3.3990501440562473,ML6team,0.34,-3.39905,199.0,175.0,187.0,194
48cf320f,0.36400000000000005,-2.495060090494132,-0.012186412256116837,0.0048842159363397895,208.0,69.0,138.5,161,7,-2.495060090494132,ML6team,0.364,-2.49506,208.0,69.0,138.5,161
48cf320f,0.34,2.2157986451531397,0.019261162243064768,0.008692650067819488,206.5,59.0,132.75,153,8,2.2157986451531397,ML6team,0.34,2.2158,206.5,59.0,132.75,153
48cf320f,0.28,-5.660384616331323,-0.06502314930243769,0.011487408314062813,202.0,187.0,194.5,209,9,-5.660384616331323,ML6team,0.28,-5.66038,202.0,187.0,194.5,209
48cf320f,0.34800000000000003,-3.5930242868939075,-0.016450429435047726,0.004578435357382115,222.0,189.0,205.5,221,10,-3.5930242868939075,ML6team,0.348,-3.59302,222.0,189.0,205.5,221
48cf320f,0.28800000000000003,0.17924773147436812,0.0010738868091467735,0.005991076150943288,216.0,129.0,172.5,193,11,0.17924773147436812,ML6team,0.288,0.17925,216.0,129.0,172.5,193
48cf320f,0.248,8.077658338820681,0.0754583166211532,0.009341607859112536,204.0,7.0,105.5,110,12,8.077658338820681,ML6team,0.248,8.07766,204.0,7.0,105.5,110
4b556c23,0.1616198686,2.1618377955837245,0.006356157912494363,0.002940164116604372,88.0,91.0,89.5,104,1,2.1618377955837245,Up-and-Down,0.16162,2.16184,88.0,91.0,89.5,104
4b556c23,0.1624014945,3.3581873027797284,0.005499204415777987,0.001637551428780056,82.0,19.0,50.5,29,2,3.3581873027797284,Up-and-Down,0.1624,3.35819,82.0,19.0,50.5,29
4b556c23,0.15522098666,-1.185041630029047,-0.005488635640886957,0.00463159732266319,15.0,147.0,81.0,72,3,-1.185041630029047,Up-and-Down,0.15522,-1.18504,15.0,147.0,81.0,72
4b556c23,0.15494378666,-0.8327284810601642,-0.002707105348447102,0.0032508859850699824,9.0,52.0,30.5,10,4,-0.8327284810601642,Up-and-Down,0.15494,-0.83273,9.0,52.0,30.5,10
4b556c23,0.15580858666,0.43051719011190087,0.0011458323198909708,0.0026615251288645263,20.0,85.0,52.5,31,5,0.43051719011190087,Up-and-Down,0.15581,0.43052,20.0,85.0,52.5,31
4b556c23,0.15499018665999997,-0.7906739264424454,-0.002485103369730674,0.003143019248038362,38.0,155.0,96.5,92,6,-0.7906739264424454,Up-and-Down,0.15499,-0.79067,38.0,155.0,96.5,92
4b556c23,0.15772378666000003,3.4795883858449805,0.00926957985482136,0.002663987468325321,19.0,35.0,27.0,15,7,3.4795883858449805,Up-and-Down,0.15772,3.47959,19.0,35.0,27.0,15
4b556c23,0.15882378666,4.494442696116659,0.01337201419349444,0.0029752329927464167,37.0,35.0,36.0,24,8,4.494442696116659,Up-and-Down,0.15882,4.49444,37.0,35.0,36.0,24
4b556c23,0.15923898666000003,-2.3447428313739596,-0.013118127931309558,0.005594697958250146,43.0,162.0,102.5,106,9,-2.3447428313739596,Up-and-Down,0.15924,-2.34474,43.0,162.0,102.5,106
4b556c23,0.15792178666,1.653946056567739,0.004304070283715844,0.002602303906239621,36.0,47.0,41.5,23,10,1.653946056567739,Up-and-Down,0.15792,1.65395,36.0,47.0,41.5,23
4b556c23,0.15557218666,-2.312798881605091,-0.006749209394417506,0.002918199869473099,35.0,199.0,117.0,124,11,-2.312798881605091,Up-and-Down,0.15557,-2.3128,35.0,199.0,117.0,124
4b556c23,0.15738498666,-6.673968152507663,-0.0256237621773616,0.00383935937238984,43.0,193.0,118.0,129,12,-6.673968152507663,Up-and-Down,0.15738,-6.67397,43.0,193.0,118.0,129
4bc7fc70,0.24097854958680004,-6.412318673084645,-0.09457166618100037,0.014748435160897373,156.0,145.0,150.5,168,2,-6.412318673084645,STATS-UFBA-STU,0.24098,-6.41232,156.0,145.0,150.5,168
4bc7fc70,0.16,1.2145320363375662,0.017810997445674638,0.014664905422654707,76.5,77.0,76.75,44,3,1.2145320363375662,STATS-UFBA-STU,0.16,1.21453,76.5,77.0,76.75,44
4bc7fc70,0.16,-4.138886891126123,-0.06348132628488458,0.015337777512352444,83.5,130.0,106.75,109,4,-4.138886891126123,STATS-UFBA-STU,0.16,-4.13889,83.5,130.0,106.75,109
4bc7fc70,0.16,0.5773235167057652,0.0051771401370592236,0.008967485278618521,79.5,72.0,75.75,52,5,0.5773235167057652,STATS-UFBA-STU,0.16,0.57732,79.5,72.0,75.75,52
4bc7fc70,0.16,6.0600597491224875,0.05115238333481326,0.008440904125115311,88.5,55.0,71.75,51,6,6.0600597491224875,STATS-UFBA-STU,0.16,6.06006,88.5,55.0,71.75,51
4bc7fc70,0.16,-5.27299710725435,-0.06368220384153285,0.012077041300463028,64.0,150.0,107.0,83,7,-5.27299710725435,STATS-UFBA-STU,0.16,-5.273,64.0,150.0,107.0,83
4bc7fc70,0.16,-4.834453883606947,-0.07309001273604356,0.015118566542517455,69.0,152.5,110.75,99,8,-4.834453883606947,STATS-UFBA-STU,0.16,-4.83445,69.0,152.5,110.75,99
4bc7fc70,0.15999999999999998,7.838877206432681,0.1097793302513922,0.014004471222142108,73.0,43.5,58.25,24,9,7.838877206432681,STATS-UFBA-STU,0.16,7.83888,73.0,43.5,58.25,24
4bc7fc70,0.16,-0.017296953794923936,-0.00014163688740659406,0.00818854516730915,83.5,105.0,94.25,69,10,-0.017296953794923936,STATS-UFBA-STU,0.16,-0.0173,83.5,105.0,94.25,69
4bc7fc70,0.16,0.5700101716406613,0.006051048095388376,0.010615684414844095,92.0,94.0,93.0,72,11,0.5700101716406613,STATS-UFBA-STU,0.16,0.57001,92.0,94.0,93.0,72
4bc7fc70,0.16,5.1218135718674525,0.0342011818958729,0.0066775530612300064,91.5,64.0,77.75,51,12,5.1218135718674525,STATS-UFBA-STU,0.16,5.12181,91.5,64.0,77.75,51
4cb8b66c,0.16,4.969635574859808,0.01687121813791922,0.003394860223406855,63.5,10.0,36.75,13,1,4.969635574859808,Spoonman,0.16,4.96964,63.5,10.0,36.75,13
4cb8b66c,0.173865722,-5.502839181598986,-0.02531325773302842,0.004600035890140811,113.0,94.0,103.5,115,2,-5.502839181598986,Spoonman,0.17387,-5.50284,113.0,94.0,103.5,115
4cb8b66c,0.160577454,2.7732360551992534,0.02412502846507187,0.008699233669576143,100.0,29.0,64.5,35,3,2.7732360551992534,Spoonman,0.16058,2.77324,100.0,29.0,64.5,35
4cb8b66c,0.15910474935399999,-11.426805919899026,-0.0644163897630572,0.005637304966463141,53.0,196.0,124.5,146,4,-11.426805919899026,Spoonman,0.1591,-11.42681,53.0,196.0,124.5,146
4cb8b66c,0.16009538937159998,-3.620143978442491,-0.027821566222667845,0.007685209866884252,97.0,179.0,138.0,152,5,-3.620143978442491,Spoonman,0.16009,-3.62014,97.0,179.0,138.0,152
4cb8b66c,0.160181535794,8.977614225504123,0.0383057298206829,0.00426680506184614,108.0,12.0,60.0,38,6,8.977614225504123,Spoonman,0.16018,8.97761,108.0,12.0,60.0,38
4cb8b66c,0.1601334590514,-6.534074055649681,-0.042016820089364304,0.006430416877971332,86.0,198.0,142.0,170,7,-6.534074055649681,Spoonman,0.16013,-6.53407,86.0,198.0,142.0,170
4cb8b66c,0.1602051390514,-2.0772318140107906,-0.015457550417038009,0.007441418099211584,93.0,85.0,89.0,69,8,-2.0772318140107906,Spoonman,0.1602,-2.07723,93.0,85.0,89.0,69
4cb8b66c,0.16013454418480003,4.41357538831206,0.01948672967621844,0.004415179975813441,95.0,112.0,103.5,109,9,4.41357538831206,Spoonman,0.16013,4.41357,95.0,112.0,103.5,109
4cb8b66c,0.16,-0.017296953794923936,-0.00014163688740659406,0.00818854516730915,83.5,105.0,94.25,69,10,-0.017296953794923936,Spoonman,0.16,-0.0173,83.5,105.0,94.25,69
4cb8b66c,0.16,0.5700101716406613,0.006051048095388376,0.010615684414844095,92.0,94.0,93.0,72,11,0.5700101716406613,Spoonman,0.16,0.57001,92.0,94.0,93.0,72
4cb8b66c,0.16,5.1218135718674525,0.0342011818958729,0.0066775530612300064,91.5,64.0,77.75,51,12,5.1218135718674525,Spoonman,0.16,5.12181,91.5,64.0,77.75,51
4db767b2,0.1640608653302,-7.057199890269433,-0.11334120192287295,0.016060364405881346,87.0,160.0,123.5,150,2,-7.057199890269433,Ram_M6,0.16406,-7.0572,87.0,160.0,123.5,150
4db767b2,0.15705607202719998,4.698244724725003,0.00852944841181448,0.0018154542625094363,37.0,17.0,27.0,9,3,4.698244724725003,Ram_M6,0.15706,4.69825,37.0,17.0,27.0,9
4db767b2,0.15683108970119997,-2.7554964593690574,-0.02890982033414809,0.01049169206363914,24.0,83.0,53.5,35,4,-2.7554964593690574,Ram_M6,0.15683,-2.7555,24.0,83.0,53.5,35
4db767b2,0.1558185842506,-5.360020908898367,-0.0733404433249019,0.013682865155086755,21.0,192.0,106.5,110,5,-5.360020908898367,Ram_M6,0.15582,-5.36002,21.0,192.0,106.5,110
4db767b2,0.15189957096899998,7.242923918186978,0.05660890691204791,0.007815753354788523,17.0,20.0,18.5,8,6,7.242923918186978,Ram_M6,0.1519,7.24292,17.0,20.0,18.5,8
4db767b2,0.159067999464,-6.383882317355626,-0.02650413410405567,0.004151726611876891,30.0,196.0,113.0,116,7,-6.383882317355626,Ram_M6,0.15907,-6.38388,30.0,196.0,113.0,116
4db767b2,0.15817550978500003,-3.5126331798321284,-0.047339861910852765,0.013477029762929922,31.0,101.0,66.0,50,8,-3.5126331798321284,Ram_M6,0.15818,-3.51263,31.0,101.0,66.0,50
4db767b2,0.157305210706,5.396765298384869,0.0703050269956479,0.013027253013335344,25.0,98.0,61.5,46,9,5.396765298384869,Ram_M6,0.15731,5.39677,25.0,98.0,61.5,46
4db767b2,0.16029012172119997,5.018785855619686,0.04344707734934176,0.00865689005253985,112.0,13.0,62.5,40,10,5.018785855619686,Ram_M6,0.16029,5.01879,112.0,13.0,62.5,40
4db767b2,0.1587563313274,1.2084484071247876,0.012484695325165376,0.01033117777437409,60.0,41.0,50.5,25,11,1.2084484071247876,Ram_M6,0.15876,1.20845,60.0,41.0,50.5,25
4db767b2,0.15807405885299997,0.8611676556593066,0.006902632124227048,0.008015433555667414,49.0,136.0,92.5,90,12,0.8611676556593066,Ram_M6,0.15807,0.86117,49.0,136.0,92.5,90
4df34b97,0.16816510939999996,0.5700101716406613,0.006051048095388376,0.010615684414844095,154.0,94.0,124.0,136,11,0.5700101716406613,Q4statistics,0.16817,0.57001,154.0,94.0,124.0,136
4df34b97,0.17931230939999998,5.1218135718674525,0.0342011818958729,0.0066775530612300064,175.0,64.0,119.5,131,12,5.1218135718674525,Q4statistics,0.17931,5.12181,175.0,64.0,119.5,131
5004c81c,0.16984000000000002,-1.935419034566353,-0.048902620345801076,0.025267200266405422,109.0,135.0,122.0,140,1,-1.935419034566353,Burakhan Sel_STU,0.16984,-1.93542,109.0,135.0,122.0,140
5004c81c,0.15184,6.427136747314477,0.07871175959036279,0.012246784639093266,3.0,4.0,3.5,1,2,6.427136747314477,Burakhan Sel_STU,0.15184,6.42714,3.0,4.0,3.5,1
5004c81c,0.15424,5.397909732510777,0.06919970084247043,0.012819721757422381,9.0,14.0,11.5,3,3,5.397909732510777,Burakhan Sel_STU,0.15424,5.39791,9.0,14.0,11.5,3
5004c81c,0.16957000000000005,-4.857871930232968,-0.09473090548180917,0.019500494628574155,144.0,169.0,156.5,178,4,-4.857871930232968,Burakhan Sel_STU,0.16957,-4.85787,144.0,169.0,156.5,178
5004c81c,0.17176999999999992,-1.7742110933426922,-0.03366631543507894,0.01897537196188426,148.0,151.0,149.5,171,5,-1.7742110933426922,Burakhan Sel_STU,0.17177,-1.77421,148.0,151.0,149.5,171
5004c81c,0.16897000000000006,4.686363518771018,0.0681952038882523,0.014551838246243485,144.0,100.0,122.0,135,6,4.686363518771018,Burakhan Sel_STU,0.16897,4.68636,144.0,100.0,122.0,135
5004c81c,0.15797,0.35447615784316516,0.004850574874874749,0.013683783147471495,22.0,57.0,39.5,23,7,0.35447615784316516,Burakhan Sel_STU,0.15797,0.35448,22.0,57.0,39.5,23
5004c81c,0.15397000000000002,2.5045520185875874,0.047205578362216664,0.01884791292489812,13.0,57.0,35.0,21,8,2.5045520185875874,Burakhan Sel_STU,0.15397,2.50455,13.0,57.0,35.0,21
5004c81c,0.17257000000000006,3.4552371393063965,0.04326033297008873,0.012520221109562628,154.0,123.0,138.5,147,9,3.4552371393063965,Burakhan Sel_STU,0.17257,3.45524,154.0,123.0,138.5,147
5004c81c,0.17196999999999998,-11.02329930701532,-0.10289141377032854,0.009333994379055605,158.0,220.0,189.0,211,10,-11.02329930701532,Burakhan Sel_STU,0.17197,-11.0233,158.0,220.0,189.0,211
5004c81c,0.15377,3.928895823919244,0.05339768045225794,0.01359101458663555,21.0,7.0,14.0,2,11,3.928895823919244,Burakhan Sel_STU,0.15377,3.9289,21.0,7.0,14.0,2
5004c81c,0.17696999999999996,-4.013239052870734,-0.048861373958311055,0.012175046966952973,172.0,170.0,171.0,187,12,-4.013239052870734,Burakhan Sel_STU,0.17697,-4.01324,172.0,170.0,171.0,187
515b11f9,0.1574696713,4.075940685910954,0.039070541369816164,0.00958565013099156,35.0,35.0,35.0,10,1,4.075940685910954,Venu,0.15747,4.07594,35.0,35.0,35.0,10
515b11f9,0.17449014629380002,-6.346560166264692,-0.07846325737680088,0.012363115659704039,116.0,141.0,128.5,156,2,-6.346560166264692,Venu,0.17449,-6.34656,116.0,141.0,128.5,156
515b11f9,0.159014520049,-0.7505999651099426,-0.008237772553101428,0.010974917314171226,49.0,140.0,94.5,98,3,-0.7505999651099426,Venu,0.15901,-0.7506,49.0,140.0,94.5,98
515b11f9,0.16229724327439998,-5.962642181321374,-0.20216972455887752,0.03390606352200644,125.0,186.0,155.5,177,4,-5.962642181321374,Venu,0.1623,-5.96264,125.0,186.0,155.5,177
515b11f9,0.159368658873,-0.9827328829851372,-0.0055451683119895675,0.005642599742002764,61.0,135.0,98.0,98,5,-0.9827328829851372,Venu,0.15937,-0.98273,61.0,135.0,98.0,98
515b11f9,0.1471805479658,7.506424404073962,0.04340991762669908,0.005783035342784404,12.0,17.0,14.5,6,6,7.506424404073962,Venu,0.14718,7.50642,12.0,17.0,14.5,6
515b11f9,0.1658681658236,-4.7836517453653125,-0.05222580285659659,0.01091755956256558,131.0,113.0,122.0,139,7,-4.7836517453653125,Venu,0.16587,-4.78365,131.0,113.0,122.0,139
515b11f9,0.16205294352760002,-1.2811167915718165,-0.022678451782321595,0.01770209549318072,118.0,77.0,97.5,78,8,-1.2811167915718165,Venu,0.16205,-1.28112,118.0,77.0,97.5,78
515b11f9,0.14846443926619998,6.32088956767427,0.07242812149022539,0.01145853296672526,3.0,85.0,44.0,14,9,6.32088956767427,Venu,0.14846,6.32089,3.0,85.0,44.0,14
515b11f9,0.1648209383474,-0.6120900330159149,-0.004831753637476778,0.007893860995693011,141.0,145.0,143.0,162,10,-0.6120900330159149,Venu,0.16482,-0.61209,141.0,145.0,143.0,162
515b11f9,0.1615687897302,-0.7249547927534772,-0.006517116363945526,0.008989686569548192,132.0,168.0,150.0,171,11,-0.7249547927534772,Venu,0.16157,-0.72496,132.0,168.0,150.0,171
515b11f9,0.159698242439,6.659631772426084,0.15666264574919236,0.02352422042279383,63.5,23.5,43.5,17,12,6.659631772426084,Venu,0.1597,6.65963,63.5,23.5,43.5,17
5257c582,0.15676,3.9117334430859265,0.050381124452581805,0.012879488131184278,11.0,12.0,11.5,2,2,3.9117334430859265,GSub,0.15676,3.91173,11.0,12.0,11.5,2
5257c582,0.15996,-2.272797515271403,-0.03134097192663896,0.013789601456378054,60.0,166.0,113.0,136,3,-2.272797515271403,GSub,0.15996,-2.2728,60.0,166.0,113.0,136
5257c582,0.16226,-2.2197142544178514,-0.012545993561979052,0.0056520759539247095,124.0,72.0,98.0,91,4,-2.2197142544178514,GSub,0.16226,-2.21971,124.0,72.0,98.0,91
5257c582,0.16787999999999992,-1.7975018184571987,-0.018475896001115794,0.010278652189055203,135.0,153.0,144.0,163,5,-1.7975018184571987,GSub,0.16788,-1.7975,135.0,153.0,144.0,163
5257c582,0.17116000000000006,-4.4686135085785175,-0.04632938252900618,0.010367730939376704,153.0,186.0,169.5,181,6,-4.4686135085785175,GSub,0.17116,-4.46861,153.0,186.0,169.5,181
5257c582,0.15956,6.663759262383526,0.055103580851692036,0.00826914338918995,40.0,14.0,27.0,15,7,6.663759262383526,GSub,0.15956,6.66376,40.0,14.0,27.0,15
5257c582,0.16555999999999998,4.524496783680465,0.03311124364193192,0.00731821575415012,136.0,34.0,85.0,64,8,4.524496783680465,GSub,0.16556,4.5245,136.0,34.0,85.0,64
5257c582,0.16276000000000004,-3.833186914938587,-0.04356211402904245,0.011364463824937264,114.0,170.0,142.0,158,9,-3.833186914938587,GSub,0.16276,-3.83319,114.0,170.0,142.0,158
5257c582,0.15196,1.0884371393853967,0.006978191744425215,0.006411203267434959,6.0,60.0,33.0,14,10,1.0884371393853967,GSub,0.15196,1.08844,6.0,60.0,33.0,14
5257c582,0.15596000000000002,2.7694203388398932,0.018600528729747386,0.006716397821191392,37.0,20.0,28.5,5,11,2.7694203388398932,GSub,0.15596,2.76942,37.0,20.0,28.5,5
5257c582,0.18156,-11.11314532793621,-0.06834320356841458,0.0061497624256396195,179.0,222.0,200.5,216,12,-11.11314532793621,GSub,0.18156,-11.11314,179.0,222.0,200.5,216
538b0bb5,0.18680000000000002,-0.4677676196152547,-0.003417771202532,0.00730655791297218,123.0,116.0,119.5,134,1,-0.4677676196152547,Olex,0.1868,-0.46777,123.0,116.0,119.5,134
538b0bb5,0.17680000000000004,6.048765606284177,0.03532582819568943,0.005840171449028998,123.0,6.0,64.5,39,2,6.048765606284177,Olex,0.1768,6.04877,123.0,6.0,64.5,39
538b0bb5,0.19560000000000002,1.3501741420665654,0.01067455650823489,0.00790605905983098,159.0,56.0,107.5,126,3,1.3501741420665654,Olex,0.1956,1.35017,159.0,56.0,107.5,126
538b0bb5,0.18600000000000005,2.1642381402708284,0.012620606858150541,0.0058314316818070784,162.0,26.0,94.0,84,4,2.1642381402708284,Olex,0.186,2.16424,162.0,26.0,94.0,84
538b0bb5,0.17360000000000006,-3.3378314699822123,-0.019581041180825376,0.005866395998995637,151.0,177.0,164.0,187,5,-3.3378314699822123,Olex,0.1736,-3.33783,151.0,177.0,164.0,187
538b0bb5,0.1812,-3.954971667929517,-0.03260124462329865,0.008243104467134112,166.0,180.0,173.0,185,6,-3.954971667929517,Olex,0.1812,-3.95497,166.0,180.0,173.0,185
538b0bb5,0.18920000000000006,1.4834332515574895,0.005438627929570505,0.0036662437786535856,168.0,48.0,108.0,102,7,1.4834332515574895,Olex,0.1892,1.48343,168.0,48.0,108.0,102
538b0bb5,0.16519999999999999,5.004600258820863,0.02642192518761774,0.0052795275988422345,133.0,26.0,79.5,59,8,5.004600258820863,Olex,0.1652,5.0046,133.0,26.0,79.5,59
538b0bb5,0.18240000000000006,-5.409138799873356,-0.03285246579175991,0.006073511330958836,169.0,184.0,176.5,194,9,-5.409138799873356,Olex,0.1824,-5.40914,169.0,184.0,176.5,194
538b0bb5,0.20120000000000005,8.525335719060822,0.03174428663045529,0.003723523351635511,187.0,4.0,95.5,89,10,8.525335719060822,Olex,0.2012,8.52534,187.0,4.0,95.5,89
538b0bb5,0.192,-0.34791049736591967,-0.0016497523684759156,0.004741887298504724,181.0,149.0,165.0,184,11,-0.34791049736591967,Olex,0.192,-0.34791,181.0,149.0,165.0,184
538b0bb5,0.18760000000000002,-8.160762853184732,-0.04633526582956404,0.00567781059971394,181.0,205.0,193.0,211,12,-8.160762853184732,Olex,0.1876,-8.16076,181.0,205.0,193.0,211
551833fc,0.1602654836884,-13.058292717230072,-0.047418795326653156,0.003631316616458238,111.0,222.0,166.5,191,10,-13.058292717230072,DeuStat_Grad.project_STU,0.16026,-13.05829,111.0,222.0,166.5,191
551833fc,0.1548425102904,-3.6020330828123583,-0.007501775326085289,0.002082650312647359,31.0,213.0,122.0,133,11,-3.6020330828123583,DeuStat_Grad.project_STU,0.15484,-3.60203,31.0,213.0,122.0,133
551833fc,0.16329686324379997,0.673399610101055,0.006100649629268533,0.009059479004380516,134.0,138.0,136.0,150,12,0.673399610101055,DeuStat_Grad.project_STU,0.1633,0.6734,134.0,138.0,136.0,150
59405297,0.29600000000000004,-0.7507917204530259,-0.002857041470634267,0.003805371573504214,152.5,118.0,135.25,152,1,-0.7507917204530259,Hamid,0.296,-0.75079,152.5,118.0,135.25,152
59405297,0.31600000000000006,2.4045750721701475,0.013095337232529406,0.005446008895330834,168.0,28.0,98.0,109,2,2.4045750721701475,Hamid,0.316,2.40457,168.0,28.0,98.0,109
59405297,0.21606616384,-0.09276290699423913,-0.0004681479333942737,0.005046714776018686,166.0,124.0,145.0,173,3,-0.09276290699423913,Hamid,0.21607,-0.09276,166.0,124.0,145.0,173
59405297,0.19737576383999997,-5.022490578154872,-0.03128900050969835,0.006229777840856217,169.0,172.0,170.5,188,4,-5.022490578154872,Hamid,0.19738,-5.02249,169.0,172.0,170.5,188
59405297,0.19245176384,4.617347696867147,0.01965464806419842,0.004256696561433748,165.0,5.0,85.0,82,5,4.617347696867147,Hamid,0.19245,4.61735,165.0,5.0,85.0,82
59405297,0.22674896384,-0.9091173800905419,-0.004635536778952768,0.005098941985347481,182.0,158.0,170.0,183,6,-0.9091173800905419,Hamid,0.22675,-0.90912,182.0,158.0,170.0,183
59405297,0.22907576383999997,-5.194771917736391,-0.026830507973093973,0.005164905870359233,188.0,135.0,161.5,191,7,-5.194771917736391,Hamid,0.22908,-5.19477,188.0,135.0,161.5,191
59405297,0.22028376383999998,-6.456576671511068,-0.035332379711234756,0.005472308548140531,187.0,203.0,195.0,205,8,-6.456576671511068,Hamid,0.22028,-6.45658,187.0,203.0,195.0,205
59405297,0.20943256384000006,6.599166848644603,0.03929311854802455,0.005954254445937358,183.0,78.0,130.5,138,9,6.599166848644603,Hamid,0.20943,6.59917,183.0,78.0,130.5,138
59405297,0.21117376384,4.3919985258397745,0.012801636243028101,0.0029147633287468734,193.0,16.0,104.5,100,10,4.3919985258397745,Hamid,0.21117,4.392,193.0,16.0,104.5,100
59405297,0.20396816384000002,0.2146379069179177,0.0012021035493040176,0.005600611590774265,189.0,126.0,157.5,177,11,0.2146379069179177,Hamid,0.20397,0.21464,189.0,126.0,157.5,177
59405297,0.17846096384,6.0571680610857355,0.026600235716344966,0.004391530076115624,173.0,33.0,103.0,104,12,6.0571680610857355,Hamid,0.17846,6.05717,173.0,33.0,103.0,104
5c0347cc,0.16331576016,3.862926971410477,0.0349626306817247,0.009050813266852606,96.0,69.0,82.5,89,1,3.862926971410477,cantabrigian,0.16332,3.86293,96.0,69.0,82.5,89
5c0347cc,0.16012616016,-7.958079487124784,-0.06344555847576601,0.007972471068982573,66.0,173.0,119.5,143,2,-7.958079487124784,cantabrigian,0.16013,-7.95808,66.0,173.0,119.5,143
5c0347cc,0.15531896016,0.824232877513851,0.008570747245132493,0.010398453494095744,17.0,102.0,59.5,28,3,0.824232877513851,cantabrigian,0.15532,0.82423,17.0,102.0,59.5,28
5c0347cc,0.15886136016,-4.291641427633006,-0.052134487811680744,0.012147913261345037,50.0,146.0,98.0,91,4,-4.291641427633006,cantabrigian,0.15886,-4.29164,50.0,146.0,98.0,91
5c0347cc,0.15819656016,1.8461491255016351,0.01293662948506588,0.007007358889033811,51.0,29.0,40.0,17,5,1.8461491255016351,cantabrigian,0.1582,1.84615,51.0,29.0,40.0,17
5c0347cc,0.16496216016,5.445272232038679,0.04011519699935417,0.00736697731351721,128.0,83.0,105.5,113,6,5.445272232038679,cantabrigian,0.16496,5.44527,128.0,83.0,105.5,113
5c0347cc,0.16149096016,-5.937037205842371,-0.05467090085686762,0.009208448416504523,105.0,188.0,146.5,179,7,-5.937037205842371,cantabrigian,0.16149,-5.93704,105.0,188.0,146.5,179
5c0347cc,0.16281496016,-6.0676303329165915,-0.0716179200550405,0.011803276753120054,124.0,196.0,160.0,184,8,-6.0676303329165915,cantabrigian,0.16281,-6.06763,124.0,196.0,160.0,184
5c0347cc,0.16530136016,6.9287139524164605,0.08003668087562242,0.011551448281063588,129.0,73.0,101.0,102,9,6.9287139524164605,cantabrigian,0.1653,6.92871,129.0,73.0,101.0,102
5c0347cc,0.15995256016,1.4146432331280319,0.008993408131846813,0.006357368360615391,60.0,54.0,57.0,36,10,1.4146432331280319,cantabrigian,0.15995,1.41464,60.0,54.0,57.0,36
5c0347cc,0.15196696016,0.47773832585887843,0.0041971112104496385,0.008785376812513561,12.0,116.0,64.0,35,11,0.47773832585887843,cantabrigian,0.15197,0.47774,12.0,116.0,64.0,35
5c0347cc,0.15527656016,4.424019844540124,0.023209460857375835,0.005246237962973796,18.0,89.0,53.5,24,12,4.424019844540124,cantabrigian,0.15528,4.42402,18.0,89.0,53.5,24
5c28385b,0.17259882146380004,-6.95561933973658,-0.1159555375689445,0.016670771056504642,109.0,156.0,132.5,160,2,-6.95561933973658,Meteora,0.1726,-6.95562,109.0,156.0,132.5,160
5c28385b,0.1609436445286,2.466755573168156,0.022191279986425564,0.008996140609879879,106.0,36.0,71.0,39,3,2.466755573168156,Meteora,0.16094,2.46676,106.0,36.0,71.0,39
5c28385b,0.16167928459759998,-3.814507050078726,-0.057074503642552565,0.014962484770181413,119.0,106.0,112.5,127,4,-3.814507050078726,Meteora,0.16168,-3.81451,119.0,106.0,112.5,127
5c28385b,0.1565814199114,3.3007551810868296,0.024965349391727332,0.007563526533193857,32.0,9.0,20.5,6,5,3.3007551810868296,Meteora,0.15658,3.30076,32.0,9.0,20.5,6
5c28385b,0.16,2.8820969047724647,0.01978571860537545,0.006865042800126628,88.5,127.0,107.75,116,6,2.8820969047724647,Meteora,0.16,2.8821,88.5,127.0,107.75,116
5c28385b,0.16858370095800002,-4.474563403843276,-0.04210558078993803,0.009409986403091942,137.0,101.0,119.0,129,7,-4.474563403843276,Meteora,0.16858,-4.47456,137.0,101.0,119.0,129
5c28385b,0.1643784436448,-4.394998442509729,-0.044855596094319924,0.010206055060330238,130.0,122.0,126.0,139,8,-4.394998442509729,Meteora,0.16438,-4.395,130.0,122.0,126.0,139
5c28385b,0.1509327224794,1.8751255971708776,0.01470095148490543,0.007839982296164961,6.0,137.0,71.5,55,9,1.8751255971708776,Meteora,0.15093,1.87513,6.0,137.0,71.5,55
5c28385b,0.16399987077919997,-1.2742133093912407,-0.005187046966124048,0.004070783853766349,135.5,159.0,147.25,167,10,-1.2742133093912407,Meteora,0.164,-1.27421,135.5,159.0,147.25,167
5c28385b,0.1607583107792,-2.6417778874987428,-0.014983882426837264,0.005671893347939303,121.0,203.0,162.0,180,11,-2.6417778874987428,Meteora,0.16076,-2.64178,121.0,203.0,162.0,180
5c28385b,0.15622035077920005,-3.51556862841136,-0.015231306368785115,0.004332529948552859,30.0,167.0,98.5,98,12,-3.51556862841136,Meteora,0.15622,-3.51557,30.0,167.0,98.5,98
5c7bb709,0.15288629844060003,-9.745976517231314,-0.01656354192729106,0.0016995261478422396,16.0,162.0,89.0,102,1,-9.745976517231314,rnrq,0.15289,-9.74598,16.0,162.0,89.0,102
5c7bb709,0.17042860342300004,-6.609241130010468,-0.05787838868346551,0.008757191263707735,104.0,146.0,125.0,151,2,-6.609241130010468,rnrq,0.17043,-6.60924,104.0,146.0,125.0,151
5c7bb709,0.15792488342299998,0.8136064474010228,0.009857360869798,0.012115637604994732,45.0,103.0,74.0,43,3,0.8136064474010228,rnrq,0.15793,0.81361,45.0,103.0,74.0,43
5c7bb709,0.1590308954824,-3.8188582363844037,-0.049493028066217665,0.012960163745977747,52.0,107.0,79.5,60,4,-3.8188582363844037,rnrq,0.15903,-3.81886,52.0,107.0,79.5,60
5c7bb709,0.14670883619,0.33374300343667246,0.0028189025231447023,0.008446326946535038,2.0,89.0,45.5,24,5,0.33374300343667246,rnrq,0.14671,0.33374,2.0,89.0,45.5,24
5c7bb709,0.1556293107088,6.6188953721347055,0.04776591940407117,0.007216599858212573,41.0,30.0,35.5,18,6,6.6188953721347055,rnrq,0.15563,6.6189,41.0,30.0,35.5,18
5c7bb709,0.16830277375279998,-5.11245661448796,-0.05502144509376861,0.010762232179701207,135.0,130.0,132.5,152,7,-5.11245661448796,rnrq,0.1683,-5.11246,135.0,130.0,132.5,152
5c7bb709,0.1675411337528,-4.7302088975361904,-0.067697951795893,0.014311831308582296,141.0,135.0,138.0,160,8,-4.7302088975361904,rnrq,0.16754,-4.73021,141.0,135.0,138.0,160
5c7bb709,0.1575084439036,8.006679792242538,0.0878698252328272,0.010974564677603563,28.0,24.0,26.0,8,9,8.006679792242538,rnrq,0.15751,8.00668,28.0,24.0,26.0,8
5c7bb709,0.15429945925599997,-1.008948273539397,-0.007432253898556732,0.007366337892114466,14.0,154.0,84.0,57,10,-1.008948273539397,rnrq,0.1543,-1.00895,14.0,154.0,84.0,57
5c7bb709,0.1600692961932,0.10191346280544546,0.0009531118075769805,0.009352167822974353,116.0,133.0,124.5,140,11,0.10191346280544546,rnrq,0.16007,0.10191,116.0,133.0,124.5,140
5c7bb709,0.15791654704199998,3.0472663123212027,0.018801829412245126,0.006170064406980943,47.0,111.0,79.0,72,12,3.0472663123212027,rnrq,0.15792,3.04727,47.0,111.0,79.0,72
5f3cc21b,0.15517458195999997,-9.213376704787219,-0.0035338816447142265,0.0003835598779845875,25.0,161.0,93.0,109,1,-9.213376704787219,garch_chen,0.15518,-9.21338,25.0,161.0,93.0,109
5f3cc21b,0.161157382,-6.669606965160123,-0.050163778662536664,0.0075212495915540556,75.0,150.0,112.5,133,2,-6.669606965160123,garch_chen,0.16116,-6.66961,75.0,150.0,112.5,133
5f3cc21b,0.15710678808,-4.00204333712932,-0.014757039806696714,0.0036873763134414213,39.0,174.0,106.5,122,3,-4.00204333712932,garch_chen,0.15711,-4.00204,39.0,174.0,106.5,122
5f3cc21b,0.15723709447999998,-1.816104112373066,-0.0010674573211458486,0.0005877731975129025,29.0,64.0,46.5,28,4,-1.816104112373066,garch_chen,0.15724,-1.8161,29.0,64.0,46.5,28
5f3cc21b,0.16811836008000003,-4.525149714244071,-0.00597537144324023,0.001320480386412678,139.0,189.0,164.0,187,5,-4.525149714244071,garch_chen,0.16812,-4.52515,139.0,189.0,164.0,187
5f3cc21b,0.15272210672640002,0.08856339154865087,0.0005301316372053923,0.005985900358323259,23.0,148.0,85.5,81,6,0.08856339154865087,garch_chen,0.15272,0.08856,23.0,148.0,85.5,81
5f3cc21b,0.15340507363199998,6.217311682198527,0.01637720386463921,0.0026341294600897357,6.0,15.0,10.5,6,7,6.217311682198527,garch_chen,0.15341,6.21731,6.0,15.0,10.5,6
5f3cc21b,0.1458560356804,6.144089694497169,0.021221653974928967,0.003453994819433661,2.0,14.0,8.0,3,8,6.144089694497169,garch_chen,0.14586,6.14409,2.0,14.0,8.0,3
5f3cc21b,0.179578678188,-3.2306171218660684,-0.02722737887492094,0.00842791883031743,165.0,166.0,165.5,183,9,-3.2306171218660684,garch_chen,0.17958,-3.23062,165.0,166.0,165.5,183
5f3cc21b,0.15404836400480001,2.3576352042631,0.009859514894968929,0.004181950997822247,10.0,39.0,24.5,8,10,2.3576352042631,garch_chen,0.15405,2.35764,10.0,39.0,24.5,8
5f3cc21b,0.1525724284136,-3.2777586793715203,-0.013446886061058493,0.00410246371878628,16.0,212.0,114.0,116,11,-3.2777586793715203,garch_chen,0.15257,-3.27776,16.0,212.0,114.0,116
5f3cc21b,0.19233462463159998,-6.235026517233448,-0.031042694252062537,0.004978758978211457,183.0,187.0,185.0,200,12,-6.235026517233448,garch_chen,0.19234,-6.23503,183.0,187.0,185.0,200
5fbf807c,0.16,0.4446678413556818,0.015147766473895388,0.03406535185389978,63.5,104.0,83.75,93,1,0.4446678413556818,Guy in NYC,0.16,0.44467,63.5,104.0,83.75,93
5fbf807c,0.16,-7.605585571665139,-0.09622251464114387,0.012651559006794169,48.5,168.0,108.25,129,2,-7.605585571665139,Guy in NYC,0.16,-7.60559,48.5,168.0,108.25,129
5fbf807c,0.16,-2.7384532747420893,-0.04281897576625812,0.01563619002054759,76.5,169.0,122.75,150,3,-2.7384532747420893,Guy in NYC,0.16,-2.73845,76.5,169.0,122.75,150
5fbf807c,0.16,6.176589735450643,0.09685318810331034,0.015680689871211583,83.5,3.0,43.25,21,4,6.176589735450643,Guy in NYC,0.16,6.17659,83.5,3.0,43.25,21
5fbf807c,0.16,-5.696707267379937,-0.06417308400859179,0.011264943237658524,79.5,195.0,137.25,151,5,-5.696707267379937,Guy in NYC,0.16,-5.69671,79.5,195.0,137.25,151
5fbf807c,0.16,-2.80078520181402,-0.029649766726861725,0.010586233713195174,88.5,171.0,129.75,146,6,-2.80078520181402,Guy in NYC,0.16,-2.80078,88.5,171.0,129.75,146
5fbf807c,0.16,-4.4545010889409555,-0.05407556311415395,0.012139533032869963,64.0,100.0,82.0,56,7,-4.4545010889409555,Guy in NYC,0.16,-4.4545,64.0,100.0,82.0,56
5fbf807c,0.16,-11.721625619539424,-0.10449002049840102,0.008914294304385634,69.0,208.0,138.5,163,8,-11.721625619539424,Guy in NYC,0.16,-11.72163,69.0,208.0,138.5,163
5fbf807c,0.15999999999999998,0.23604408099648447,0.0050930428246544306,0.02157665976267494,73.0,146.0,109.5,119,9,0.23604408099648447,Guy in NYC,0.16,0.23604,73.0,146.0,109.5,119
5fbf807c,0.16,5.656568353055339,0.07760648609407855,0.013719711537147817,83.5,10.0,46.75,28,10,5.656568353055339,Guy in NYC,0.16,5.65657,83.5,10.0,46.75,28
5fbf807c,0.16,0.9909080850000099,0.0132949043652715,0.013416889584942046,92.0,49.0,70.5,42,11,0.9909080850000099,Guy in NYC,0.16,0.99091,92.0,49.0,70.5,42
5fbf807c,0.16,3.7055391370126696,0.044696823930437515,0.012062164850449046,91.5,96.0,93.75,91,12,3.7055391370126696,Guy in NYC,0.16,3.70554,91.5,96.0,93.75,91
5fc3bcc4,0.2135886,4.2181589492599345,0.04742617136912863,0.011243334340790887,136.0,30.0,83.0,91,1,4.2181589492599345,FAB,0.21359,4.21816,136.0,30.0,83.0,91
5fc3bcc4,0.162235884,-6.023012231044429,-0.0638651916709362,0.010603530130946049,80.0,130.0,105.0,120,2,-6.023012231044429,FAB,0.16224,-6.02301,80.0,130.0,105.0,120
5fc3bcc4,0.18106788400000004,1.2667796209500788,0.018683631722220154,0.014748920343546038,149.0,63.0,106.0,121,3,1.2667796209500788,FAB,0.18107,1.26678,149.0,63.0,106.0,121
5fc3bcc4,0.16761700000000004,-4.138886891126123,-0.06348132628488458,0.015337777512352444,141.0,130.0,135.5,156,4,-4.138886891126123,FAB,0.16762,-4.13889,141.0,130.0,135.5,156
5fc3bcc4,0.25267449999999997,0.5797102148390025,0.005189992455719056,0.008952735906439779,180.0,62.0,121.0,133,5,0.5797102148390025,FAB,0.25267,0.57971,180.0,62.0,121.0,133
5fc3bcc4,0.2524465,6.062712921648583,0.051118654817851585,0.008431646934051318,186.0,44.0,115.0,127,6,6.062712921648583,FAB,0.25245,6.06271,186.0,44.0,115.0,127
5fc3bcc4,0.2580985,-5.277724304560071,-0.06366831441390437,0.01206359232499006,194.0,164.0,179.0,204,7,-5.277724304560071,FAB,0.2581,-5.27772,194.0,164.0,179.0,204
5fc3bcc4,0.2465345,-4.838083647581319,-0.0730472207202843,0.01509837903625384,193.0,165.0,179.0,197,8,-4.838083647581319,FAB,0.24653,-4.83808,193.0,165.0,179.0,197
5fc3bcc4,0.2548585,7.8331396444398145,0.10958375831795318,0.013989761869717062,196.0,56.0,126.0,132,9,7.8331396444398145,FAB,0.25486,7.83314,196.0,56.0,126.0,132
5fc3bcc4,0.2473545,-0.0144476068611035,-0.00011818847956977189,0.008180488347033048,203.0,92.0,147.5,168,10,-0.0144476068611035,FAB,0.24735,-0.01445,203.0,92.0,147.5,168
5fc3bcc4,0.2600985,0.5657463385443148,0.006001426853102567,0.010607981783045117,212.0,108.0,160.0,179,11,0.5657463385443148,FAB,0.2601,0.56575,212.0,108.0,160.0,179
5fc3bcc4,0.2568865,5.122556013198969,0.034177891422746076,0.006672038594537969,205.0,50.0,127.5,141,12,5.122556013198969,FAB,0.25689,5.12256,205.0,50.0,127.5,141
5ff2c089,0.16619397828000004,3.9771702947793237,0.05556135348043501,0.013970071523808834,103.0,61.0,82.0,86,1,3.9771702947793237,edo-gin,0.16619,3.97717,103.0,61.0,82.0,86
5ff2c089,0.16936022047000002,-5.87497315731544,-0.06853928770678278,0.011666315040339981,103.0,105.0,104.0,118,2,-5.87497315731544,edo-gin,0.16936,-5.87497,103.0,105.0,104.0,118
5ff2c089,0.17058122047000002,0.504098057523119,0.008334646367442716,0.01653377997208504,134.0,113.0,123.5,151,3,0.504098057523119,edo-gin,0.17058,0.5041,134.0,113.0,123.5,151
5ff2c089,0.16884302047,-3.1267513439696173,-0.05032354476123514,0.016094514473717656,143.0,94.0,118.5,139,4,-3.1267513439696173,edo-gin,0.16884,-3.12675,143.0,94.0,118.5,139
5ff2c089,0.16716522047000001,1.790929451912453,0.017067267801086847,0.009529838142346411,130.0,32.0,81.0,75,5,1.790929451912453,edo-gin,0.16717,1.79093,130.0,32.0,81.0,75
5ff2c089,0.16775782047000004,5.8823138233139725,0.05693303894104779,0.009678680983561143,141.0,69.0,105.0,111,6,5.8823138233139725,edo-gin,0.16776,5.88231,141.0,69.0,105.0,111
5ff2c089,0.17037902047000003,-5.968387490519825,-0.07772647709340028,0.013023027947977718,144.0,189.0,166.5,195,7,-5.968387490519825,edo-gin,0.17038,-5.96839,144.0,189.0,166.5,195
5ff2c089,0.17222962046999998,-5.447100645220189,-0.07959425954649753,0.014612224875327243,155.0,186.0,170.5,191,8,-5.447100645220189,edo-gin,0.17223,-5.4471,155.0,186.0,170.5,191
5ff2c089,0.16776702047000003,6.793216996121436,0.10878850674131368,0.016014284072395465,144.0,74.0,109.0,118,9,6.793216996121436,edo-gin,0.16777,6.79322,144.0,74.0,109.0,118
5ff2c089,0.17049162047000002,0.4842838627633546,0.004346796933736642,0.008975721199821818,155.0,79.0,117.0,117,10,0.4842838627633546,edo-gin,0.17049,0.48428,155.0,79.0,117.0,117
5ff2c089,0.17047282047000004,0.1849452292203226,0.0020871240811357918,0.011285092834968079,162.0,127.0,144.5,166,11,0.1849452292203226,edo-gin,0.17047,0.18494,162.0,127.0,144.5,166
5ff2c089,0.16736102046999998,6.277492106198285,0.04957133912397828,0.007896678846482723,148.0,29.0,88.5,82,12,6.277492106198285,edo-gin,0.16736,6.27749,148.0,29.0,88.5,82
60b1d9cc,0.15633037972,2.03980124780739,0.004858243022145133,0.0023817237230182716,31.0,94.0,62.5,57,1,2.03980124780739,Pike Place Bets,0.15633,2.0398,31.0,94.0,62.5,57
60b1d9cc,0.17304527128,-6.925316317235068,-0.019581793282842316,0.0028275666245177874,111.0,154.0,132.5,160,2,-6.925316317235068,Pike Place Bets,0.17305,-6.92532,111.0,154.0,132.5,160
60b1d9cc,0.16219971936,-1.1028595819417153,-0.004153692277220266,0.003766292958081933,115.0,144.0,129.5,155,3,-1.1028595819417153,Pike Place Bets,0.1622,-1.10286,115.0,144.0,129.5,155
60b1d9cc,0.1624637018,-0.14861905198079117,-0.0002425512299883961,0.0016320332202074976,127.0,46.0,86.5,66,4,-0.14861905198079117,Pike Place Bets,0.16246,-0.14862,127.0,46.0,86.5,66
60b1d9cc,0.15840067846,2.871987890740677,0.004265279204494519,0.0014851313329857097,55.0,15.0,35.0,16,5,2.871987890740677,Pike Place Bets,0.1584,2.87199,55.0,15.0,35.0,16
60b1d9cc,0.15222072464,3.9580190758014147,0.008658011888350884,0.002187460879429395,19.0,114.0,66.5,48,6,3.9580190758014147,Pike Place Bets,0.15222,3.95802,19.0,114.0,66.5,48
60b1d9cc,0.16933195943999999,-8.258030975148182,-0.013029067231912743,0.0015777450182885696,141.0,205.0,173.0,199,7,-8.258030975148182,Pike Place Bets,0.16933,-8.25803,141.0,205.0,173.0,199
60b1d9cc,0.17060820192,-6.147257406924611,-0.02806056646163294,0.004564729375090746,150.0,199.0,174.5,195,8,-6.147257406924611,Pike Place Bets,0.17061,-6.14726,150.0,199.0,174.5,195
60b1d9cc,0.15116985398,6.1175477431962655,0.02929604319213566,0.004788854034644479,7.0,87.0,47.0,16,9,6.1175477431962655,Pike Place Bets,0.15117,6.11755,7.0,87.0,47.0,16
60b1d9cc,0.15935968098,2.981416061306197,0.004604025917185947,0.0015442413344915248,51.0,34.0,42.5,24,10,2.981416061306197,Pike Place Bets,0.15936,2.98142,51.0,34.0,42.5,24
60b1d9cc,0.16360888098,-8.517360387334058,-0.014241041527872658,0.0016720017564420704,139.0,226.0,182.5,202,11,-8.517360387334058,Pike Place Bets,0.16361,-8.51736,139.0,226.0,182.5,202
60b1d9cc,0.15260429274,2.856027375880272,0.0060000058595729225,0.0021008222506003213,10.0,115.0,62.5,34,12,2.856027375880272,Pike Place Bets,0.1526,2.85603,10.0,115.0,62.5,34
611c19d0,0.155328134,-4.0125119950791595,-0.054630089146188755,0.013614934787281801,26.0,153.0,89.5,104,1,-4.0125119950791595,Chris Miles,0.15533,-4.01251,26.0,153.0,89.5,104
611c19d0,0.16500373200000001,-5.972217322696222,-0.0625144726295192,0.010467548190509646,88.0,119.5,103.75,116,2,-5.972217322696222,Chris Miles,0.165,-5.97222,88.0,119.5,103.75,116
611c19d0,0.159766468,-0.538957578429453,-0.003865722954730512,0.0071725922585510445,56.0,136.0,96.0,100,3,-0.538957578429453,Chris Miles,0.15977,-0.53896,56.0,136.0,96.0,100
611c19d0,0.157834468,0.8071871897442687,0.005283316628812648,0.006545342512789997,38.0,38.0,38.0,15,4,0.8071871897442687,Chris Miles,0.15783,0.80719,38.0,38.0,38.0,15
611c19d0,0.155326468,2.483113716213775,0.012882230542007853,0.005187934188390913,15.0,17.0,16.0,2,5,2.483113716213775,Chris Miles,0.15533,2.48311,15.0,17.0,16.0,2
611c19d0,0.15367046799999998,4.698262994492612,0.01863937536488082,0.0039672907597404035,29.0,99.0,64.0,45,6,4.698262994492612,Chris Miles,0.15367,4.69826,29.0,99.0,64.0,45
611c19d0,0.16374246799999997,-4.517279297086156,-0.024592714398193674,0.005444142985371096,118.0,104.0,111.0,111,7,-4.517279297086156,Chris Miles,0.16374,-4.51728,118.0,104.0,111.0,111
611c19d0,0.161966468,-4.125609820609874,-0.020854127308134476,0.005054798736408787,115.0,111.0,113.0,121,8,-4.125609820609874,Chris Miles,0.16197,-4.12561,115.0,111.0,113.0,121
611c19d0,0.156330468,3.764795442828224,0.025824070938090082,0.006859355662280096,21.0,116.0,68.5,53,9,3.764795442828224,Chris Miles,0.15633,3.76479,21.0,116.0,68.5,53
611c19d0,0.160114468,-2.122694907451017,-0.0069180577360276685,0.003259091879734633,108.0,170.0,139.0,155,10,-2.122694907451017,Chris Miles,0.16011,-2.1227,108.0,170.0,139.0,155
611c19d0,0.16141046799999997,-2.204027120714616,-0.009153017426385357,0.004152860616078833,130.0,198.0,164.0,183,11,-2.204027120714616,Chris Miles,0.16141,-2.20403,130.0,198.0,164.0,183
611c19d0,0.15540246800000002,7.53963036057129,0.03250734394708414,0.004311530193453809,19.0,12.0,15.5,5,12,7.53963036057129,Chris Miles,0.1554,7.53963,19.0,12.0,15.5,5
6133c0d7,0.175546875,4.3365172897700495,0.0633540204738725,0.014609424162409356,117.0,22.0,69.5,64,1,4.3365172897700495,Proexe,0.17555,4.33652,117.0,22.0,69.5,64
6133c0d7,0.20754687499999996,-5.189451679027928,-0.08419829925294914,0.016224893198874702,149.0,90.0,119.5,143,2,-5.189451679027928,Proexe,0.20755,-5.18945,149.0,90.0,119.5,143
6133c0d7,0.19717187499999997,0.33481565956583886,0.006933508961025622,0.02070843690530013,161.0,120.0,140.5,168,3,0.33481565956583886,Proexe,0.19717,0.33482,161.0,120.0,140.5,168
6133c0d7,0.19679687499999995,-2.969112464461035,-0.06543770209087957,0.022039482462904308,168.0,92.0,130.0,153,4,-2.969112464461035,Proexe,0.1968,-2.96911,168.0,92.0,130.0,153
6133c0d7,0.190171875,0.11919309152039231,0.0016542089542721707,0.013878396249074202,164.0,97.0,130.5,147,5,0.11919309152039231,Proexe,0.19017,0.11919,164.0,97.0,130.5,147
6133c0d7,0.169046875,4.782933006334466,0.06384525232667214,0.013348556678949122,145.0,96.0,120.5,134,6,4.782933006334466,Proexe,0.16905,4.78293,145.0,96.0,120.5,134
6133c0d7,0.20029687499999999,-4.545279706904778,-0.0768276739873095,0.0169027384322685,173.0,105.0,139.0,163,7,-4.545279706904778,Proexe,0.2003,-4.54528,173.0,105.0,139.0,163
6133c0d7,0.188921875,-4.00771118930219,-0.0758152833599028,0.018917352019346363,170.0,106.0,138.0,160,8,-4.00771118930219,Proexe,0.18892,-4.00771,170.0,106.0,138.0,160
6133c0d7,0.18492187500000004,4.968591754208685,0.09916915723202033,0.019959208189728673,174.0,107.0,140.5,153,9,4.968591754208685,Proexe,0.18492,4.96859,174.0,107.0,140.5,153
6133c0d7,0.218671875,-3.02027823222163,-0.031651901761945433,0.010479796670475355,197.0,184.0,190.5,212,10,-3.02027823222163,Proexe,0.21867,-3.02028,197.0,184.0,190.5,212
6133c0d7,0.19129687500000003,0.3737696797348172,0.005073560430453497,0.013574028888734626,179.0,120.0,149.5,170,11,0.3737696797348172,Proexe,0.1913,0.37377,179.0,120.0,149.5,170
6133c0d7,0.169296875,5.651341792830996,0.0612445742807744,0.010837173989098685,154.0,38.0,96.0,93,12,5.651341792830996,Proexe,0.1693,5.65134,154.0,38.0,96.0,93
6193fbd1,0.16,3.9903564609732767,0.04404783020812661,0.011038570272837988,63.5,50.5,57.0,35,1,3.9903564609732767,vhs,0.16,3.99036,63.5,50.5,57.0,35
6193fbd1,0.16,-5.972217322696222,-0.0625144726295192,0.010467548190509646,48.5,119.5,84.0,63,2,-5.972217322696222,vhs,0.16,-5.97222,48.5,119.5,84.0,63
6193fbd1,0.16,1.2145320363375662,0.017810997445674638,0.014664905422654707,76.5,77.0,76.75,44,3,1.2145320363375662,vhs,0.16,1.21453,76.5,77.0,76.75,44
6193fbd1,0.16,-4.138886891126123,-0.06348132628488458,0.015337777512352444,83.5,130.0,106.75,109,4,-4.138886891126123,vhs,0.16,-4.13889,83.5,130.0,106.75,109
6193fbd1,0.16,0.5773235167057652,0.0051771401370592236,0.008967485278618521,79.5,72.0,75.75,52,5,0.5773235167057652,vhs,0.16,0.57732,79.5,72.0,75.75,52
6193fbd1,0.16,6.0600597491224875,0.05115238333481326,0.008440904125115311,88.5,55.0,71.75,51,6,6.0600597491224875,vhs,0.16,6.06006,88.5,55.0,71.75,51
6193fbd1,0.16,-5.27299710725435,-0.06368220384153285,0.012077041300463028,64.0,150.0,107.0,83,7,-5.27299710725435,vhs,0.16,-5.273,64.0,150.0,107.0,83
6193fbd1,0.16,-4.834453883606947,-0.07309001273604356,0.015118566542517455,69.0,152.5,110.75,99,8,-4.834453883606947,vhs,0.16,-4.83445,69.0,152.5,110.75,99
6193fbd1,0.15999999999999998,7.838877206432681,0.1097793302513922,0.014004471222142108,73.0,43.5,58.25,24,9,7.838877206432681,vhs,0.16,7.83888,73.0,43.5,58.25,24
6193fbd1,0.16,-0.017296953794923936,-0.00014163688740659406,0.00818854516730915,83.5,105.0,94.25,69,10,-0.017296953794923936,vhs,0.16,-0.0173,83.5,105.0,94.25,69
6193fbd1,0.16,0.5700101716406613,0.006051048095388376,0.010615684414844095,92.0,94.0,93.0,72,11,0.5700101716406613,vhs,0.16,0.57001,92.0,94.0,93.0,72
6193fbd1,0.16,5.1218135718674525,0.0342011818958729,0.0066775530612300064,91.5,64.0,77.75,51,12,5.1218135718674525,vhs,0.16,5.12181,91.5,64.0,77.75,51
619c4b98,0.17163999999999993,-1.9577009794395028,-0.010153994624574818,0.005186693336324501,157.0,168.0,162.5,189,10,-1.9577009794395028,QuantFreaks,0.17164,-1.9577,157.0,168.0,162.5,189
619c4b98,0.16975999999999997,2.0275698352292313,0.01830576737184789,0.00902842755587666,158.0,27.0,92.5,71,11,2.0275698352292313,QuantFreaks,0.16976,2.02757,158.0,27.0,92.5,71
619c4b98,0.16939999999999997,6.8270220207139936,0.049527533545723534,0.0072546321654523935,155.0,22.0,88.5,82,12,6.8270220207139936,QuantFreaks,0.1694,6.82702,155.0,22.0,88.5,82
63cd6976,0.15999999999999998,-1.7623282011065642,-0.014647924632253782,0.008311689402153563,73.0,158.0,115.5,127,9,-1.7623282011065642,EGA,0.16,-1.76233,73.0,158.0,115.5,127
63cd6976,0.16,-4.274441031713184,-0.014107169243935633,0.003300354160759476,83.5,192.0,137.75,154,10,-4.274441031713184,EGA,0.16,-4.27444,83.5,192.0,137.75,154
63cd6976,0.16,2.3298858889610314,0.011231887514248345,0.004820788677876835,92.0,25.0,58.5,32,11,2.3298858889610314,EGA,0.16,2.32989,92.0,25.0,58.5,32
63cd6976,0.16,0.7205642141261589,0.0020310514905174746,0.002818696031110242,91.5,137.0,114.25,122,12,0.7205642141261589,EGA,0.16,0.72056,91.5,137.0,114.25,122
644389bc,0.160987468,3.905078321023244,0.08706342743898376,0.022294924783011937,85.0,68.0,76.5,78,1,3.905078321023244,lifters,0.16099,3.90508,85.0,68.0,76.5,78
644389bc,0.159479468,-6.934159885379524,-0.15278547408386126,0.022033739718924715,24.0,155.0,89.5,92,2,-6.934159885379524,lifters,0.15948,-6.93416,24.0,155.0,89.5,92
644389bc,0.15566346800000003,0.7298806733488447,0.02469413273089112,0.033833109482936836,22.0,105.0,63.5,31,3,0.7298806733488447,lifters,0.15566,0.72988,22.0,105.0,63.5,31
644389bc,0.156323468,-2.114472838128319,-0.06707807461712623,0.03172330871674953,19.0,70.0,44.5,24,4,-2.114472838128319,lifters,0.15632,-2.11447,19.0,70.0,44.5,24
644389bc,0.15758746799999998,0.0015745881242896053,3.1501350241960185e-05,0.020006089056573067,43.0,104.0,73.5,51,5,0.0015745881242896053,lifters,0.15759,0.00158,43.0,104.0,73.5,51
644389bc,0.16343946799999995,3.8977720775821783,0.09276626313969143,0.023799817252843358,118.0,115.0,116.5,129,6,3.8977720775821783,lifters,0.16344,3.89777,118.0,115.0,116.5,129
644389bc,0.16234746799999997,-0.5557198287553321,-0.010901354895252976,0.019616638333149236,113.0,63.0,88.0,60,7,-0.5557198287553321,lifters,0.16235,-0.55572,113.0,63.0,88.0,60
644389bc,0.15952346800000003,-6.760035433226477,-0.17802851209483214,0.02633544067236663,43.0,205.0,124.0,137,8,-6.760035433226477,lifters,0.15952,-6.76004,43.0,205.0,124.0,137
644389bc,0.16854346799999995,7.515983907800516,0.18048621106090118,0.02401365054461896,147.0,65.0,106.0,111,9,7.515983907800516,lifters,0.16854,7.51598,147.0,65.0,106.0,111
644389bc,0.159827468,-4.337715886173542,-0.05844808281568171,0.01347439167281214,58.0,194.0,126.0,135,10,-4.337715886173542,lifters,0.15983,-4.33772,58.0,194.0,126.0,135
644389bc,0.151695468,-0.8909688444861823,-0.015504958980721462,0.017402358204414096,10.0,172.0,91.0,66,11,-0.8909688444861823,lifters,0.15169,-0.89097,10.0,172.0,91.0,66
644389bc,0.157239468,4.590157063014919,0.07078957132515294,0.015422036839553534,39.0,83.0,61.0,32,12,4.590157063014919,lifters,0.15724,4.59016,39.0,83.0,61.0,32
656bb49c,0.16569478399999998,-0.2965892857989847,-0.00250600387410392,0.008449407966147437,101.0,112.0,106.5,120,1,-0.2965892857989847,BayesianIsFun,0.1657,-0.29659,101.0,112.0,106.5,120
656bb49c,0.252877789,-4.666727940535941,-0.05275734590035732,0.011304997114166142,158.0,82.0,120.0,145,2,-4.666727940535941,BayesianIsFun,0.25288,-4.66673,158.0,82.0,120.0,145
656bb49c,0.24191648220000006,2.619599355507582,0.03935756121727388,0.015024267407352385,171.0,32.0,101.5,111,3,2.619599355507582,BayesianIsFun,0.24192,2.6196,171.0,32.0,101.5,111
656bb49c,0.2717100822,-5.041970848552048,-0.0776985862496972,0.015410360072194913,182.0,173.0,177.5,194,4,-5.041970848552048,BayesianIsFun,0.27171,-5.04197,182.0,173.0,177.5,194
656bb49c,0.27303768219999996,0.014523038594435744,0.00015028670197887002,0.01034815827291472,183.0,103.0,143.0,158,5,0.014523038594435744,BayesianIsFun,0.27304,0.01452,183.0,103.0,143.0,158
656bb49c,0.20074608219999998,9.450643002731804,0.07227392483098405,0.007647514016780926,174.0,9.0,91.5,90,6,9.450643002731804,BayesianIsFun,0.20075,9.45064,174.0,9.0,91.5,90
656bb49c,0.2592040822,-4.138659471481201,-0.045608372087871406,0.011020083290773485,195.0,88.0,141.5,169,7,-4.138659471481201,BayesianIsFun,0.2592,-4.13866,195.0,88.0,141.5,169
656bb49c,0.20779408220000004,-2.9729877525470023,-0.048398987599989035,0.01627957853459871,181.0,95.0,138.0,160,8,-2.9729877525470023,BayesianIsFun,0.20779,-2.97299,181.0,95.0,138.0,160
656bb49c,0.2813072822,8.089819792532392,0.09104817480408435,0.011254660442267174,203.0,19.0,111.0,123,9,8.089819792532392,BayesianIsFun,0.28131,8.08982,203.0,19.0,111.0,123
656bb49c,0.24110328219999996,-2.004686771661581,-0.015537158138113471,0.007750416852022985,202.0,169.0,185.5,209,10,-2.004686771661581,BayesianIsFun,0.2411,-2.00469,202.0,169.0,185.5,209
656bb49c,0.2700372822,0.47157006538082574,0.004563326565685984,0.009676879218363403,214.0,117.0,165.5,186,11,0.47157006538082574,BayesianIsFun,0.27004,0.47157,214.0,117.0,165.5,186
656bb49c,0.3317936822,-0.9271761742542438,-0.006785205545444302,0.0073181405366696895,220.0,150.0,185.0,200,12,-0.9271761742542438,BayesianIsFun,0.33179,-0.92718,220.0,150.0,185.0,200
66179d1b,0.24530000000000002,6.948235484419449,0.018207102428144377,0.0026203922519568504,185.0,21.0,103.0,106,6,6.948235484419449,ISDS_ZSL,0.2453,6.94824,185.0,21.0,103.0,106
66179d1b,0.18435569999999996,-6.1574954436983145,-0.034023153968181424,0.005525485853668199,164.0,192.0,178.0,201,7,-6.1574954436983145,ISDS_ZSL,0.18436,-6.15749,164.0,192.0,178.0,201
66179d1b,0.18907569999999999,-5.868019532750766,-0.035735339986011076,0.006089846802070772,171.0,189.0,180.0,199,8,-5.868019532750766,ISDS_ZSL,0.18908,-5.86802,171.0,189.0,180.0,199
66179d1b,0.20985569999999998,5.503439850252837,0.03754149355306459,0.006821459773261603,184.0,97.0,140.5,153,9,5.503439850252837,ISDS_ZSL,0.20986,5.50344,184.0,97.0,140.5,153
66179d1b,0.1910757,0.8892775167664863,0.0032739700695723485,0.0036816067063933813,179.0,69.0,124.0,129,10,0.8892775167664863,ISDS_ZSL,0.19108,0.88928,179.0,69.0,124.0,129
66179d1b,0.20723570000000002,-2.8862170450528826,-0.013350485954712783,0.004625600135511697,191.0,207.0,199.0,219,11,-2.8862170450528826,ISDS_ZSL,0.20724,-2.88622,191.0,207.0,199.0,219
66179d1b,0.1943557,1.218643243847464,0.00483902395540739,0.003970829018121636,187.0,130.0,158.5,177,12,1.218643243847464,ISDS_ZSL,0.19436,1.21864,187.0,130.0,158.5,177
66752bbc,0.1875574391056,0.9050971180660942,0.020674505877619046,0.02284230660439392,124.0,101.0,112.5,123,1,0.9050971180660942,Inve$t,0.18756,0.9051,124.0,101.0,112.5,123
66752bbc,0.1667052119982,-3.916377000682153,-0.09370536795830736,0.023926544339828826,93.0,69.0,81.0,61,2,-3.916377000682153,Inve$t,0.1667,-3.91638,93.0,69.0,81.0,61
66752bbc,0.17505692025680003,5.863819986002119,0.14538308553440185,0.024793238176044737,143.0,11.0,77.0,60,3,5.863819986002119,Inve$t,0.17506,5.86382,143.0,11.0,77.0,60
66752bbc,0.16711886062800002,-5.952695081885993,-0.23157806996627128,0.03890306269356238,140.0,185.0,162.5,182,4,-5.952695081885993,Inve$t,0.16712,-5.9527,140.0,185.0,162.5,182
66752bbc,0.1831857004140001,-0.8313231817215179,-0.023323557732371387,0.028055945323300833,160.0,128.0,144.0,163,5,-0.8313231817215179,Inve$t,0.18319,-0.83132,160.0,128.0,144.0,163
66752bbc,0.1769626866596,-1.9163694132149465,-0.010279651885720253,0.005364128552059734,162.0,164.0,163.0,177,6,-1.9163694132149465,Inve$t,0.17696,-1.91637,162.0,164.0,163.0,177
66752bbc,0.16522584778040003,1.1030854762057167,0.015458728116834247,0.014014080005846544,128.0,50.0,89.0,63,7,1.1030854762057167,Inve$t,0.16523,1.10309,128.0,50.0,89.0,63
66752bbc,0.15815480778039998,0.1064757613963202,0.002319169532727247,0.02178119698148876,30.0,66.0,48.0,34,8,0.1064757613963202,Inve$t,0.15815,0.10648,30.0,66.0,48.0,34
66752bbc,0.17500304778040005,3.197382741374952,0.0492763458273663,0.01541146300369917,159.0,127.0,143.0,159,9,3.197382741374952,Inve$t,0.175,3.19738,159.0,127.0,143.0,159
66752bbc,0.1614058077804,8.631399301012811,0.08241358512508458,0.009548114071772133,125.0,3.0,64.0,41,10,8.631399301012811,Inve$t,0.16141,8.6314,125.0,3.0,64.0,41
66752bbc,0.1576686077804,2.527643614672162,0.021182638607685267,0.008380389737195083,53.0,23.0,38.0,16,11,2.527643614672162,Inve$t,0.15767,2.52764,53.0,23.0,38.0,16
66752bbc,0.17245080778039998,-11.617367944801828,-0.127724274649948,0.010994252334677755,160.0,223.0,191.5,206,12,-11.617367944801828,Inve$t,0.17245,-11.61737,160.0,223.0,191.5,206
66bf6bbb,0.1670617174758,-2.9526523072183455,-0.01217684188950939,0.004124035146210978,139.0,164.0,151.5,175,9,-2.9526523072183455,Da Time Bendahs,0.16706,-2.95265,139.0,164.0,151.5,175
66bf6bbb,0.1543233174758,-0.39642533225613985,-0.0008063348417647164,0.0020340144187448754,15.0,127.0,71.0,48,10,-0.39642533225613985,Da Time Bendahs,0.15432,-0.39643,15.0,127.0,71.0,48
66bf6bbb,0.1509795174758,0.9089373708339337,0.0021951826923410746,0.0024151088543394733,4.0,56.0,30.0,7,11,0.9089373708339337,Da Time Bendahs,0.15098,0.90894,4.0,56.0,30.0,7
66bf6bbb,0.16310255747580002,-8.239489920066147,-0.02126054859043671,0.0025803233934007935,133.0,207.0,170.0,186,12,-8.239489920066147,Da Time Bendahs,0.1631,-8.23949,133.0,207.0,170.0,186
66c4f4fd,0.26080000000000003,3.0385934525329255,0.013887106348427663,0.00457024164810583,142.0,82.0,112.0,122,1,3.0385934525329255,M6 Team RU,0.2608,3.03859,142.0,82.0,112.0,122
66c4f4fd,0.18727999999999997,2.0319157432560604,0.0038571108559883943,0.0018982631877282148,139.0,29.0,84.0,63,2,2.0319157432560604,M6 Team RU,0.18728,2.03192,139.0,29.0,84.0,63
66c4f4fd,0.18446499999999996,-0.4165936538168289,-0.0011031054470558238,0.002647917069665314,152.0,131.0,141.5,169,3,-0.4165936538168289,M6 Team RU,0.18446,-0.41659,152.0,131.0,141.5,169
66c4f4fd,0.20915000000000003,-4.015192939155835,-0.012635817031329304,0.0031470012083618312,172.0,113.0,142.5,164,4,-4.015192939155835,M6 Team RU,0.20915,-4.01519,172.0,113.0,142.5,164
66c4f4fd,0.22514999999999996,-1.7581202955220403,-0.00566388019325134,0.003221554411081728,177.0,150.0,163.5,186,5,-1.7581202955220403,M6 Team RU,0.22515,-1.75812,177.0,150.0,163.5,186
66c4f4fd,0.16692000000000004,2.352317821253054,0.005979862686388478,0.0025421151140210593,137.0,130.0,133.5,151,6,2.352317821253054,M6 Team RU,0.16692,2.35232,137.0,130.0,133.5,151
66c4f4fd,0.20075999999999997,-2.069866244054894,-0.008241477492539277,0.0039816473727278725,174.0,67.0,120.5,134,7,-2.069866244054894,M6 Team RU,0.20076,-2.06987,174.0,67.0,120.5,134
66c4f4fd,0.15372000000000002,8.903300072653424,0.015351813386058498,0.0017242834972182673,11.0,2.0,6.5,2,8,8.903300072653424,M6 Team RU,0.15372,8.9033,11.0,2.0,6.5,2
66c4f4fd,0.21669,-7.798674141948374,-0.04360911812687722,0.005591863095331507,186.0,199.0,192.5,205,9,-7.798674141948374,M6 Team RU,0.21669,-7.79867,186.0,199.0,192.5,205
66c4f4fd,0.18682499999999996,-6.193572420632606,-0.023567152595922014,0.0038050984141903173,176.0,206.0,191.0,213,10,-6.193572420632606,M6 Team RU,0.18682,-6.19357,176.0,206.0,191.0,213
66c4f4fd,0.15176,0.9030424825348514,0.0032594737678935636,0.003609435692044277,11.0,57.0,34.0,13,11,0.9030424825348514,M6 Team RU,0.15176,0.90304,11.0,57.0,34.0,13
66c4f4fd,0.15956,6.222368973526337,0.014228776496373077,0.002286713718988823,61.0,31.0,46.0,18,12,6.222368973526337,M6 Team RU,0.15956,6.22237,61.0,31.0,46.0,18
68184fcd,0.3165483911358,2.1311542479648047,0.016514279820721248,0.007748983836572103,182.0,40.0,111.0,134,3,2.1311542479648047,Sigma Grindset,0.31655,2.13115,182.0,40.0,111.0,134
68184fcd,0.1924,-0.2892935885994511,-0.002603178695081384,0.008998397467721563,166.0,47.0,106.5,106,4,-0.2892935885994511,Sigma Grindset,0.1924,-0.28929,166.0,47.0,106.5,106
68184fcd,0.16,-1.6295878603349423,-0.01538282724650104,0.009439704124538142,79.5,146.0,112.75,123,5,-1.6295878603349423,Sigma Grindset,0.16,-1.62959,79.5,146.0,112.75,123
68184fcd,0.16,-2.865878181735494,-0.03174348143581571,0.011076354060727298,88.5,172.0,130.25,147,6,-2.865878181735494,Sigma Grindset,0.16,-2.86588,88.5,172.0,130.25,147
68184fcd,0.16,4.938785258966286,0.05399839310725479,0.010933537352979979,64.0,28.0,46.0,26,7,4.938785258966286,Sigma Grindset,0.16,4.93879,64.0,28.0,46.0,26
68184fcd,0.16,6.006117411747322,0.06939158954107191,0.011553485352342496,69.0,15.0,42.0,27,8,6.006117411747322,Sigma Grindset,0.16,6.00612,69.0,15.0,42.0,27
68184fcd,0.15999999999999998,-5.047242473705653,-0.08278054539371268,0.016401142965682753,73.0,179.0,126.0,132,9,-5.047242473705653,Sigma Grindset,0.16,-5.04724,73.0,179.0,126.0,132
68184fcd,0.16,0.9621549248067844,0.007346440060168151,0.007635402439626269,83.5,64.0,73.75,49,10,0.9621549248067844,Sigma Grindset,0.16,0.96215,83.5,64.0,73.75,49
68184fcd,0.16,-0.5022733794762154,-0.005232144811727624,0.010416926370224615,92.0,157.0,124.5,140,11,-0.5022733794762154,Sigma Grindset,0.16,-0.50227,92.0,157.0,124.5,140
68184fcd,0.16,-7.745813078997755,-0.07684846900138351,0.00992129144063041,91.5,200.0,145.75,164,12,-7.745813078997755,Sigma Grindset,0.16,-7.74581,91.5,200.0,145.75,164
68b86572,0.16132615199999997,-5.19287239871625,-0.0854456797128051,0.016454415427948597,103.0,133.0,118.0,126,7,-5.19287239871625,Gram,0.16133,-5.19287,103.0,133.0,118.0,126
68b86572,0.154107066,3.5413898987868717,0.015802690924771434,0.004462284971836837,14.0,47.0,30.5,15,8,3.5413898987868717,Gram,0.15411,3.54139,14.0,47.0,30.5,15
68b86572,0.16041002952080002,-4.566547092004125,-0.024994492669200126,0.005473389886412136,101.0,176.0,138.5,147,9,-4.566547092004125,Gram,0.16041,-4.56655,101.0,176.0,138.5,147
68b86572,0.1581823495208,-2.477818191996576,-0.008341885369236232,0.003366625281943914,39.0,179.0,109.0,106,10,-2.477818191996576,Gram,0.15818,-2.47782,39.0,179.0,109.0,106
68b86572,0.15813731620000002,0.9420395552774131,0.0019898371500032554,0.002112264966854057,56.0,51.0,53.5,29,11,0.9420395552774131,Gram,0.15814,0.94204,56.0,51.0,53.5,29
68b86572,0.15837987262000003,1.325388503586831,0.004927128898352072,0.003717497839326383,55.0,127.0,91.0,86,12,1.325388503586831,Gram,0.15838,1.32539,55.0,127.0,91.0,86
691078fd,0.1753,7.838877206432681,0.1097793302513922,0.014004471222142108,160.0,43.5,101.75,105,9,7.838877206432681,Wellerman_STU,0.1753,7.83888,160.0,43.5,101.75,105
691078fd,0.17230000000000004,-0.017296953794923936,-0.00014163688740659406,0.00818854516730915,159.0,105.0,132.0,144,10,-0.017296953794923936,Wellerman_STU,0.1723,-0.0173,159.0,105.0,132.0,144
691078fd,0.1753,0.5700101716406613,0.006051048095388376,0.010615684414844095,168.0,94.0,131.0,153,11,0.5700101716406613,Wellerman_STU,0.1753,0.57001,168.0,94.0,131.0,153
691078fd,0.17029999999999998,5.1218135718674525,0.0342011818958729,0.0066775530612300064,158.0,64.0,111.0,116,12,5.1218135718674525,Wellerman_STU,0.1703,5.12181,158.0,64.0,111.0,116
6954b3b1,0.304,3.208928725354751,0.030588647823288198,0.009532355013558796,155.0,78.0,116.5,128,1,3.208928725354751,buffet,0.304,3.20893,155.0,78.0,116.5,128
6954b3b1,0.29040000000000005,-4.5483157362788855,-0.03918319365918471,0.008614879865671258,162.0,80.0,121.0,147,2,-4.5483157362788855,buffet,0.2904,-4.54832,162.0,80.0,121.0,147
6954b3b1,0.25692,0.8941154392444566,0.015606569944756149,0.017454759486027864,173.0,98.0,135.5,159,3,0.8941154392444566,buffet,0.25692,0.89411,173.0,98.0,135.5,159
6954b3b1,0.21728000000000003,-0.635673848837859,-0.006662237686107565,0.010480591105466253,177.0,50.0,113.5,130,4,-0.635673848837859,buffet,0.21728,-0.63567,177.0,50.0,113.5,130
6954b3b1,0.20471999999999999,5.029999723349051,0.03626068858994774,0.007208884808010451,171.0,3.0,87.0,85,5,5.029999723349051,buffet,0.20472,5.03,171.0,3.0,87.0,85
6954b3b1,0.1757224,-5.692920866562059,-0.03425864446365383,0.0060177622817270135,159.0,191.0,175.0,188,6,-5.692920866562059,buffet,0.17572,-5.69292,159.0,191.0,175.0,188
6954b3b1,0.22968519999999998,-1.4969576452219644,-0.010373016968009628,0.006929399105658429,189.0,65.0,127.0,145,7,-1.4969576452219644,buffet,0.22969,-1.49696,189.0,65.0,127.0,145
6954b3b1,0.19970560000000004,-2.165541586272166,-0.012571510675112378,0.005805250176124942,176.0,86.0,131.0,150,8,-2.165541586272166,buffet,0.19971,-2.16554,176.0,86.0,131.0,150
6954b3b1,0.18474559999999995,5.362022772539704,0.034346259833634325,0.006405466983379919,173.0,99.0,136.0,145,9,5.362022772539704,buffet,0.18475,5.36202,173.0,99.0,136.0,145
6954b3b1,0.20994239999999997,8.419618496847356,0.041134620643707265,0.004885568230806387,192.0,5.0,98.5,93,10,8.419618496847356,buffet,0.20994,8.41962,192.0,5.0,98.5,93
6954b3b1,0.20773600000000006,-0.4051840566284141,-0.0031818317328183385,0.007852805856416829,192.0,152.0,172.0,192,11,-0.4051840566284141,buffet,0.20774,-0.40518,192.0,152.0,172.0,192
6954b3b1,0.20271359999999997,1.686676064432581,0.011067979011833696,0.006562006330217951,192.0,124.0,158.0,176,12,1.686676064432581,buffet,0.20271,1.68668,192.0,124.0,158.0,176
69b09543,0.16,-4.62227614346317,-0.040723394988046016,0.008810247099935192,83.5,166.0,124.75,149,4,-4.62227614346317,WeakFactor,0.16,-4.62228,83.5,166.0,124.75,149
69b09543,0.16,-1.6638278934713637,-0.010891063986205539,0.00654578759554435,79.5,147.0,113.25,125,5,-1.6638278934713637,WeakFactor,0.16,-1.66383,79.5,147.0,113.25,125
69b09543,0.16,8.440445918836687,0.03390196508232422,0.0040166082939604685,88.5,14.0,51.25,31,6,8.440445918836687,WeakFactor,0.16,8.44045,88.5,14.0,51.25,31
69b09543,0.16,-6.0976462372801485,-0.04032050063852695,0.00661246964312444,64.0,191.0,127.5,147,7,-6.0976462372801485,WeakFactor,0.16,-6.09765,64.0,191.0,127.5,147
69b09543,0.16,-4.506207726089465,-0.04546520138343193,0.010089459729120636,69.0,125.0,97.0,77,8,-4.506207726089465,WeakFactor,0.16,-4.50621,69.0,125.0,97.0,77
69b09543,0.15999999999999998,8.821836428807236,0.06086484162770374,0.00689933917035152,73.0,9.0,41.0,13,9,8.821836428807236,WeakFactor,0.16,8.82184,73.0,9.0,41.0,13
69b09543,0.16,3.6127844245642393,0.018710629085918053,0.005179005134848272,83.5,28.0,55.75,35,10,3.6127844245642393,WeakFactor,0.16,3.61278,83.5,28.0,55.75,35
69b09543,0.16,1.5577212822606166,0.009876812593800398,0.006340551872968469,92.0,37.0,64.5,37,11,1.5577212822606166,WeakFactor,0.16,1.55772,92.0,37.0,64.5,37
69b09543,0.16,-7.822099713995443,-0.032276406415323894,0.004126309762783305,91.5,202.0,146.75,166,12,-7.822099713995443,WeakFactor,0.16,-7.8221,91.5,202.0,146.75,166
6c0bc3bb,0.15736339405799998,6.898100839406229,0.05022194989622935,0.007280547365925768,16.0,13.0,14.5,7,7,6.898100839406229,ecmu_STU,0.15736,6.8981,16.0,13.0,14.5,7
6c0bc3bb,0.1538300938744,2.6054997593984464,0.021937578134339053,0.008419719884911433,12.0,56.0,34.0,20,8,2.6054997593984464,ecmu_STU,0.15383,2.6055,12.0,56.0,34.0,20
6c0bc3bb,0.1644596702464,-7.752971636933121,-0.047367141350786915,0.00610954658019672,125.0,198.0,161.5,181,9,-7.752971636933121,ecmu_STU,0.16446,-7.75297,125.0,198.0,161.5,181
6c0bc3bb,0.1568147925742,-0.5707376144021615,-0.006600510413479803,0.011564877181598994,21.0,140.0,80.5,52,10,-0.5707376144021615,ecmu_STU,0.15682,-0.57074,21.0,140.0,80.5,52
6c0bc3bb,0.16767566792959998,-7.733469332403049,-0.024143022340647868,0.0031218876422628573,153.0,225.0,189.0,210,11,-7.733469332403049,ecmu_STU,0.16768,-7.73347,153.0,225.0,189.0,210
6c0bc3bb,0.1584738853888,7.1890247971439045,0.057713255292924634,0.00802796720298604,56.0,16.0,36.0,12,12,7.1890247971439045,ecmu_STU,0.15847,7.18902,56.0,16.0,36.0,12
6f6dc500,0.17545299999999997,-0.25686800258767745,-0.0017727012575878645,0.0069012147863094925,116.0,110.0,113.0,124,1,-0.25686800258767745,Evergi,0.17545,-0.25687,116.0,110.0,113.0,124
6f6dc500,0.15744000000000002,-5.972217322696222,-0.0625144726295192,0.010467548190509646,12.0,119.5,65.75,41,2,-5.972217322696222,Evergi,0.15744,-5.97222,12.0,119.5,65.75,41
6f6dc500,0.16144000000000003,1.2145320363375662,0.017810997445674638,0.014664905422654707,111.0,77.0,94.0,95,3,1.2145320363375662,Evergi,0.16144,1.21453,111.0,77.0,94.0,95
6f6dc500,0.16064,-4.138886891126123,-0.06348132628488458,0.015337777512352444,103.0,130.0,116.5,135,4,-4.138886891126123,Evergi,0.16064,-4.13889,103.0,130.0,116.5,135
6f6dc500,0.15791285264,1.0307904681876967,0.004719873391499242,0.00457888730752194,47.0,47.0,47.0,25,5,1.0307904681876967,Evergi,0.15791,1.03079,47.0,47.0,47.0,25
6f6dc500,0.16264003676000002,-0.11287941708793997,-0.00046493171315894707,0.004118835170779956,114.0,149.0,131.5,148,6,-0.11287941708793997,Evergi,0.16264,-0.11288,114.0,149.0,131.5,148
6f6dc500,0.16503363676,-3.486304069018606,-0.012703307187275728,0.003643774879008677,126.0,81.0,103.5,76,7,-3.486304069018606,Evergi,0.16503,-3.4863,126.0,81.0,103.5,76
6f6dc500,0.16567443676,-4.0588276270003725,-0.021842796688546065,0.0053815531714729945,137.0,107.0,122.0,134,8,-4.0588276270003725,Evergi,0.16567,-4.05883,137.0,107.0,122.0,134
6f6dc500,0.17201003676000004,9.57811606611936,0.026158800377193286,0.002731100792328538,152.0,3.0,77.5,65,9,9.57811606611936,Evergi,0.17201,9.57812,152.0,3.0,77.5,65
6f6dc500,0.15817883676,8.403041066044775,0.02325519694403435,0.002767473913462657,38.0,6.0,22.0,5,10,8.403041066044775,Evergi,0.15818,8.40304,38.0,6.0,22.0,5
6f6dc500,0.17017403676,-5.650620373325559,-0.019621115973616828,0.0034723826194802774,159.0,219.0,189.0,210,11,-5.650620373325559,Evergi,0.17017,-5.65062,159.0,219.0,189.0,210
6f6dc500,0.16569883676,2.6400182909189374,0.009535177442036035,0.0036117846133244145,143.0,119.0,131.0,144,12,2.6400182909189374,Evergi,0.1657,2.64002,143.0,119.0,131.0,144
709c0c35,0.157050362245,-1.136351407821105,-0.018047579850908296,0.0158820411773094,36.0,145.0,90.5,86,3,-1.136351407821105,Snaua,0.15705,-1.13635,36.0,145.0,90.5,86
709c0c35,0.1575553359864,3.30922402879148,0.05174605710936124,0.015636915681486445,32.0,18.0,25.0,9,4,3.30922402879148,Snaua,0.15756,3.30922,32.0,18.0,25.0,9
709c0c35,0.15901567780960002,-1.3333110346153803,-0.012018143450896798,0.009013758334613698,57.0,139.0,98.0,98,5,-1.3333110346153803,Snaua,0.15902,-1.33331,57.0,139.0,98.0,98
709c0c35,0.16660887780959996,-6.9032633010699564,-0.05525655725763248,0.008004411080346321,133.0,198.0,165.5,178,6,-6.9032633010699564,Snaua,0.16661,-6.90326,133.0,198.0,165.5,178
709c0c35,0.15504167780960001,5.411051974746807,0.0654753846557958,0.01210030599620317,10.0,21.0,15.5,8,7,5.411051974746807,Snaua,0.15504,5.41105,10.0,21.0,15.5,8
709c0c35,0.15766743780960002,4.725462949546168,0.07175375121573101,0.015184491335948833,24.0,31.0,27.5,12,8,4.725462949546168,Snaua,0.15767,4.72546,24.0,31.0,27.5,12
709c0c35,0.16563043875900005,-7.977434599157818,-0.11814891062220653,0.014810389123676373,132.0,203.0,167.5,185,9,-7.977434599157818,Snaua,0.16563,-7.97743,132.0,203.0,167.5,185
709c0c35,0.160403198759,-1.2440641295262416,-0.010386095435164007,0.008348520939285653,114.0,158.0,136.0,151,10,-1.2440641295262416,Snaua,0.1604,-1.24406,114.0,158.0,136.0,151
709c0c35,0.15464895875899998,-0.6357411361732299,-0.007024100390602557,0.011048680022317441,28.0,162.0,95.0,95,11,-0.6357411361732299,Snaua,0.15465,-0.63574,28.0,162.0,95.0,95
709c0c35,0.158569358759,-5.025199332976165,-0.03292910647260923,0.006552796076470668,58.0,178.0,118.0,129,12,-5.025199332976165,Snaua,0.15857,-5.0252,58.0,178.0,118.0,129
7139c8db,0.32799999999999996,-0.6142929438168311,-0.00473422452358919,0.0077067864302228315,160.0,117.0,138.5,157,1,-0.6142929438168311,Planned_Obsolescence_STU,0.328,-0.61429,160.0,117.0,138.5,157
7139c8db,0.29600000000000004,3.8121338016125677,0.00970592309077566,0.0025460604469522987,163.0,14.0,88.5,89,2,3.8121338016125677,Planned_Obsolescence_STU,0.296,3.81213,163.0,14.0,88.5,89
7139c8db,0.31200000000000006,2.35641745143382,0.005359957831262037,0.0022746215141127217,180.0,37.0,108.5,129,3,2.35641745143382,Planned_Obsolescence_STU,0.312,2.35642,180.0,37.0,108.5,129
7139c8db,0.32,-5.088879694923017,-0.05064475515512053,0.00995204410228972,191.5,176.0,183.75,196,4,-5.088879694923017,Planned_Obsolescence_STU,0.32,-5.08888,191.5,176.0,183.75,196
7139c8db,0.32,1.8180315647622178,0.010419105980415523,0.005730981894023522,192.0,31.0,111.5,120,5,1.8180315647622178,Planned_Obsolescence_STU,0.32,1.81803,192.0,31.0,111.5,120
7139c8db,0.268,-6.148575886581493,-0.049479881422856385,0.008047372649468329,187.0,193.0,190.0,197,6,-6.148575886581493,Planned_Obsolescence_STU,0.268,-6.14858,187.0,193.0,190.0,197
7139c8db,0.36,3.3348452879014654,0.029514976811122487,0.008850478586877871,207.0,36.0,121.5,138,7,3.3348452879014654,Planned_Obsolescence_STU,0.36,3.33485,207.0,36.0,121.5,138
7139c8db,0.33599999999999997,7.4956298304327635,0.07203875793200536,0.009610767815604118,204.0,10.0,107.0,94,8,7.4956298304327635,Planned_Obsolescence_STU,0.336,7.49563,204.0,10.0,107.0,94
7139c8db,0.31200000000000006,-9.010539975930573,-0.08239465889704585,0.009144253187616145,206.0,209.0,207.5,214,9,-9.010539975930573,Planned_Obsolescence_STU,0.312,-9.01054,206.0,209.0,207.5,214
7139c8db,0.35600000000000004,-3.2865831558594083,-0.018191428272607398,0.005535057964431916,223.0,187.0,205.0,220,10,-3.2865831558594083,Planned_Obsolescence_STU,0.356,-3.28658,223.0,187.0,205.0,220
7139c8db,0.32799999999999996,3.714879600068214,0.0279990563382189,0.007537002366834384,222.5,9.0,115.75,120,11,3.714879600068214,Planned_Obsolescence_STU,0.328,3.71488,222.5,9.0,115.75,120
7139c8db,0.29600000000000004,-2.0884746894795625,-0.011763465371047088,0.005632563052022663,213.0,157.0,185.0,200,12,-2.0884746894795625,Planned_Obsolescence_STU,0.296,-2.08847,213.0,157.0,185.0,200
71b47b97,0.16138164929999999,4.424861073816685,0.0313177715435097,0.00707768470491129,86.0,19.0,52.5,28,1,4.424861073816685,microprediction.org,0.16138,4.42486,86.0,19.0,52.5,28
71b47b97,0.15789806846000004,-7.474292473367978,-0.04059896910486761,0.005431814348920358,15.0,164.0,89.5,92,2,-7.474292473367978,microprediction.org,0.1579,-7.47429,15.0,164.0,89.5,92
71b47b97,0.15657717198,1.6320604784304633,0.011428700609477494,0.007002620773262254,30.0,47.0,38.5,17,3,1.6320604784304633,microprediction.org,0.15658,1.63206,30.0,47.0,38.5,17
71b47b97,0.15754195342000002,-4.207025779697293,-0.05410439222112481,0.012860485068151344,31.0,142.0,86.5,66,4,-4.207025779697293,microprediction.org,0.15754,-4.20703,31.0,142.0,86.5,66
71b47b97,0.15625160782,0.210363816785474,0.001542284594498144,0.007331510799078834,27.0,93.0,60.0,39,5,0.210363816785474,microprediction.org,0.15625,0.21036,27.0,93.0,60.0,39
71b47b97,0.16031200782,5.0992838121680295,0.03783524125069938,0.007419716698336351,109.0,88.0,98.5,97,6,5.0992838121680295,microprediction.org,0.16031,5.09928,109.0,88.0,98.5,97
71b47b97,0.15909430254,-5.274901443240452,-0.06072655911114434,0.011512359001316069,32.0,163.0,97.5,69,7,-5.274901443240452,microprediction.org,0.15909,-5.2749,32.0,163.0,97.5,69
71b47b97,0.15893310253999998,-4.658966580697052,-0.06735233591463934,0.014456496896477503,38.0,132.0,85.0,64,8,-4.658966580697052,microprediction.org,0.15893,-4.65897,38.0,132.0,85.0,64
71b47b97,0.16014230254,7.787921223171588,0.10151641323932764,0.013035110439648957,96.5,58.0,77.25,64,9,7.787921223171588,microprediction.org,0.16014,7.78792,96.5,58.0,77.25,64
71b47b97,0.15835430254,0.9398346518998696,0.007569639513956144,0.008054224749698436,42.0,66.0,54.0,33,10,0.9398346518998696,microprediction.org,0.15835,0.93983,42.0,66.0,54.0,33
71b47b97,0.15517470254,1.1674615711649265,0.011713750773741427,0.01003352149917287,34.0,42.0,38.0,16,11,1.1674615711649265,microprediction.org,0.15518,1.16746,34.0,42.0,38.0,16
71b47b97,0.15818110253999998,5.258788392894283,0.03336728311211166,0.0063450514869922885,52.0,45.0,48.5,20,12,5.258788392894283,microprediction.org,0.15818,5.25879,52.0,45.0,48.5,20
736b013f,0.15980808312759998,5.113811253758495,0.018230063042087106,0.003564868184896063,56.0,12.0,34.0,15,10,5.113811253758495,Eren_STU,0.15981,5.11381,56.0,12.0,34.0,15
736b013f,0.1567090046492,1.9895127636132117,0.013812471970582947,0.006942640541545316,41.0,29.0,35.0,14,11,1.9895127636132117,Eren_STU,0.15671,1.98951,41.0,29.0,35.0,14
736b013f,0.16186023622579998,-2.8758495472502217,-0.014557901650821874,0.005062122135263156,128.0,162.0,145.0,161,12,-2.8758495472502217,Eren_STU,0.16186,-2.87585,128.0,162.0,145.0,161
73bc982d,0.1617884,5.890449082806307,0.007574982273711224,0.0012859770396491362,110.0,90.0,100.0,101,9,5.890449082806307,#mahsa_amini,0.16179,5.89045,110.0,90.0,100.0,101
73bc982d,0.15629816122020002,9.27961528710551,0.00957585167175845,0.001031923347626768,19.0,2.0,10.5,2,10,9.27961528710551,#mahsa_amini,0.1563,9.27961,19.0,2.0,10.5,2
73bc982d,0.154511800448,1.4909631511185981,0.001329590100582529,0.0008917659028561513,26.0,38.0,32.0,12,11,1.4909631511185981,#mahsa_amini,0.15451,1.49096,26.0,38.0,32.0,12
73bc982d,0.157336960448,0.570030538717623,0.00043823910254538374,0.0007687993410515765,42.0,140.0,91.0,86,12,0.570030538717623,#mahsa_amini,0.15734,0.57003,42.0,140.0,91.0,86
7452c9c7,0.3410936,-4.151777586292194,-0.06222865870493911,0.014988437461196791,206.0,89.0,147.5,180,7,-4.151777586292194,Jules_STU,0.34109,-4.15178,206.0,89.0,147.5,180
7452c9c7,0.33837500000000004,-6.014818074366161,-0.08853714083748045,0.014719836866688681,205.0,194.0,199.5,208,8,-6.014818074366161,Jules_STU,0.33837,-6.01482,205.0,194.0,199.5,208
7452c9c7,0.27373499999999995,9.568028027835323,0.1237888271165421,0.012937757577257866,201.0,4.0,102.5,106,9,9.568028027835323,Jules_STU,0.27374,9.56803,201.0,4.0,102.5,106
7452c9c7,0.34717500000000007,1.5168031001199542,0.011893649329977895,0.007841261221734912,221.0,52.0,136.5,152,10,1.5168031001199542,Jules_STU,0.34718,1.5168,221.0,52.0,136.5,152
7452c9c7,0.37453500000000006,-0.6401103099002684,-0.006381662825594277,0.009969629807382049,226.0,163.0,194.5,214,11,-0.6401103099002684,Jules_STU,0.37454,-0.64011,226.0,163.0,194.5,214
7452c9c7,0.314295,-0.3646415149408915,-0.0025754674895791235,0.00706301225738547,217.0,144.0,180.5,199,12,-0.3646415149408915,Jules_STU,0.31429,-0.36464,217.0,144.0,180.5,199
7589718c,0.2024889450172,-6.052032096097394,-0.04792711713241643,0.00791917762024459,129.0,159.0,144.0,160,1,-6.052032096097394,DeepFuture,0.20249,-6.05203,129.0,159.0,144.0,160
7589718c,0.19053558501719994,4.332434868327303,0.04411858974810414,0.010183324409707229,142.0,11.0,76.5,56,2,4.332434868327303,DeepFuture,0.19054,4.33244,142.0,11.0,76.5,56
7589718c,0.1888963850172,-0.4029164908579237,-0.0049828207189542804,0.012366882051276777,156.0,130.0,143.0,170,3,-0.4029164908579237,DeepFuture,0.1889,-0.40292,156.0,130.0,143.0,170
7589718c,0.1965471450172,1.0889945458801928,0.009718676341167486,0.008924449050672013,167.0,34.0,100.5,97,4,1.0889945458801928,DeepFuture,0.19655,1.08899,167.0,34.0,100.5,97
7589718c,0.1827793850172,-0.38006712094289324,-0.002049453114886181,0.005392345198926377,158.0,112.0,135.0,150,5,-0.38006712094289324,DeepFuture,0.18278,-0.38007,158.0,112.0,135.0,150
7589718c,0.1937421850172,-5.168021777306907,-0.037353050018170304,0.007227726899718144,173.0,189.0,181.0,192,6,-5.168021777306907,DeepFuture,0.19374,-5.16802,173.0,189.0,181.0,192
7589718c,0.1873477050172,3.991728789265354,0.032439160454300606,0.008126594307092385,166.0,32.0,99.0,72,7,3.991728789265354,DeepFuture,0.18735,3.99173,166.0,32.0,99.0,72
7589718c,0.28345502359580005,7.76658551130857,0.07120960099724147,0.009168713959764742,199.0,6.0,102.5,87,8,7.76658551130857,DeepFuture,0.28346,7.76659,199.0,6.0,102.5,87
7589718c,0.34649499897559993,3.1577013909555633,0.019930365660181186,0.006311668898543312,211.0,129.0,170.0,191,9,3.1577013909555633,DeepFuture,0.34649,3.1577,211.0,129.0,170.0,191
7589718c,0.2570757595416,-4.94508850072977,-0.013151324849274114,0.002659472089798456,208.0,198.0,203.0,218,10,-4.94508850072977,DeepFuture,0.25708,-4.94509,208.0,198.0,203.0,218
7589718c,0.25963843954160004,0.7717954301981719,0.0021005674506012805,0.0027216634983986926,211.0,66.0,138.5,160,11,0.7717954301981719,DeepFuture,0.25964,0.7718,211.0,66.0,138.5,160
7589718c,0.27723003954159997,4.424445810140075,0.021686109766885592,0.004901429624741866,209.0,88.0,148.5,169,12,4.424445810140075,DeepFuture,0.27723,4.42445,209.0,88.0,148.5,169
76fcf359,0.16,3.9903564609732767,0.04404783020812661,0.011038570272837988,63.5,50.5,57.0,35,1,3.9903564609732767,joechr_STU,0.16,3.99036,63.5,50.5,57.0,35
76fcf359,0.16,-5.972217322696222,-0.0625144726295192,0.010467548190509646,48.5,119.5,84.0,63,2,-5.972217322696222,joechr_STU,0.16,-5.97222,48.5,119.5,84.0,63
76fcf359,0.16,1.2145320363375662,0.017810997445674638,0.014664905422654707,76.5,77.0,76.75,44,3,1.2145320363375662,joechr_STU,0.16,1.21453,76.5,77.0,76.75,44
76fcf359,0.16,-4.138886891126123,-0.06348132628488458,0.015337777512352444,83.5,130.0,106.75,109,4,-4.138886891126123,joechr_STU,0.16,-4.13889,83.5,130.0,106.75,109
76fcf359,0.16,0.5773235167057652,0.0051771401370592236,0.008967485278618521,79.5,72.0,75.75,52,5,0.5773235167057652,joechr_STU,0.16,0.57732,79.5,72.0,75.75,52
76fcf359,0.16,6.0600597491224875,0.05115238333481326,0.008440904125115311,88.5,55.0,71.75,51,6,6.0600597491224875,joechr_STU,0.16,6.06006,88.5,55.0,71.75,51
76fcf359,0.16,-5.27299710725435,-0.06368220384153285,0.012077041300463028,64.0,150.0,107.0,83,7,-5.27299710725435,joechr_STU,0.16,-5.273,64.0,150.0,107.0,83
76fcf359,0.16,-4.834453883606947,-0.07309001273604356,0.015118566542517455,69.0,152.5,110.75,99,8,-4.834453883606947,joechr_STU,0.16,-4.83445,69.0,152.5,110.75,99
76fcf359,0.15999999999999998,7.838877206432681,0.1097793302513922,0.014004471222142108,73.0,43.5,58.25,24,9,7.838877206432681,joechr_STU,0.16,7.83888,73.0,43.5,58.25,24
76fcf359,0.16,-0.017296953794923936,-0.00014163688740659406,0.00818854516730915,83.5,105.0,94.25,69,10,-0.017296953794923936,joechr_STU,0.16,-0.0173,83.5,105.0,94.25,69
76fcf359,0.16,0.5700101716406613,0.006051048095388376,0.010615684414844095,92.0,94.0,93.0,72,11,0.5700101716406613,joechr_STU,0.16,0.57001,92.0,94.0,93.0,72
76fcf359,0.16,5.1218135718674525,0.0342011818958729,0.0066775530612300064,91.5,64.0,77.75,51,12,5.1218135718674525,joechr_STU,0.16,5.12181,91.5,64.0,77.75,51
7830dcbb,0.2113232,-2.862328070288182,-0.023626859889479324,0.00825442063568225,134.0,147.0,140.5,159,1,-2.862328070288182,Lucas test,0.21132,-2.86233,134.0,147.0,140.5,159
7830dcbb,0.1674972,-1.2921689804817276,-0.003424417050420415,0.002650130982980085,98.0,42.0,70.0,48,2,-1.2921689804817276,Lucas test,0.1675,-1.29217,98.0,42.0,70.0,48
7830dcbb,0.15307880000000001,9.339047847651145,0.022305160602998912,0.0023883763063285795,3.0,4.0,3.5,1,3,9.339047847651145,Lucas test,0.15308,9.33905,3.0,4.0,3.5,1
7830dcbb,0.17330920000000002,-9.180586913536885,-0.020119187921504366,0.002191492560441684,151.0,194.0,172.5,192,4,-9.180586913536885,Lucas test,0.17331,-9.18059,151.0,194.0,172.5,192
7830dcbb,0.1565036,2.9036350588580557,0.01376113323487103,0.004739277821050632,31.0,13.0,22.0,7,5,2.9036350588580557,Lucas test,0.1565,2.90363,31.0,13.0,22.0,7
7830dcbb,0.1277836,6.514393979801144,0.02643707934690683,0.004058256136929845,1.0,33.0,17.0,7,6,6.514393979801144,Lucas test,0.12778,6.51439,1.0,33.0,17.0,7
7830dcbb,0.21066360000000003,-2.9443371136535887,-0.014642064739061428,0.004972957977930823,181.0,74.0,127.5,147,7,-2.9443371136535887,Lucas test,0.21066,-2.94434,181.0,74.0,127.5,147
7830dcbb,0.18866360000000004,-0.9188791479059757,-0.005044663830079045,0.005490018836073577,169.0,74.0,121.5,133,8,-0.9188791479059757,Lucas test,0.18866,-0.91888,169.0,74.0,121.5,133
7830dcbb,0.1582236,5.549465247625993,0.03531373206052298,0.0063634477350101165,34.0,96.0,65.0,49,9,5.549465247625993,Lucas test,0.15822,5.54946,34.0,96.0,65.0,49
7830dcbb,0.22046360000000004,-6.357715195986333,-0.021611029819174378,0.0033991818055671263,199.0,208.0,203.5,219,10,-6.357715195986333,Lucas test,0.22046,-6.35771,199.0,208.0,203.5,219
7830dcbb,0.20058360000000003,-0.17685171514950754,-0.0007217034380236362,0.004080839348453703,186.0,144.0,165.0,184,11,-0.17685171514950754,Lucas test,0.20058,-0.17685,186.0,144.0,165.0,184
7830dcbb,0.1689836,5.339869228185031,0.022561788088632215,0.004225157419501216,152.0,44.0,98.0,96,12,5.339869228185031,Lucas test,0.16898,5.33987,152.0,44.0,98.0,96
787d2872,0.15053092436740004,2.0315482745360516,0.014878612076627636,0.007323779731508222,6.0,95.0,50.5,25,1,2.0315482745360516,JaimeLluch,0.15053,2.03155,6.0,95.0,50.5,25
787d2872,0.1781838443674,-4.981312982515319,-0.03643849366297094,0.007315037981125066,128.0,88.0,108.0,127,2,-4.981312982515319,JaimeLluch,0.17818,-4.98131,128.0,88.0,108.0,127
787d2872,0.1635604843674,0.9838025759766085,0.008420664504566208,0.008559303167311917,122.0,96.0,109.0,130,3,0.9838025759766085,JaimeLluch,0.16356,0.9838,122.0,96.0,109.0,130
787d2872,0.1579911243674,-1.3084649155434933,-0.011000364109755812,0.008407076092817226,42.0,56.0,49.0,30,4,-1.3084649155434933,JaimeLluch,0.15799,-1.30846,42.0,56.0,49.0,30
787d2872,0.1454550043674,3.5128721761923947,0.016781104973730046,0.004777032619478657,1.0,8.0,4.5,1,5,3.5128721761923947,JaimeLluch,0.14546,3.51287,1.0,8.0,4.5,1
787d2872,0.14538308436740002,4.082129831233803,0.018222992311245998,0.004464089351547692,8.0,112.0,60.0,38,6,4.082129831233803,JaimeLluch,0.14538,4.08213,8.0,112.0,60.0,38
787d2872,0.1793570843674,-2.6446529523863225,-0.015299602370231782,0.00578510777999308,163.0,70.0,116.5,121,7,-2.6446529523863225,JaimeLluch,0.17936,-2.64465,163.0,70.0,116.5,121
787d2872,0.17148184436740002,-4.091885775209681,-0.03224887657828249,0.007881177127098557,153.0,109.0,131.0,150,8,-4.091885775209681,JaimeLluch,0.17148,-4.09189,153.0,109.0,131.0,150
787d2872,0.15171716436740001,8.197991687779933,0.06504412617745128,0.007934153711622711,10.0,16.0,13.0,3,9,8.197991687779933,JaimeLluch,0.15172,8.19799,10.0,16.0,13.0,3
787d2872,0.16591360436740005,-0.5855785305106292,-0.00252116757339561,0.00430543034287328,146.0,143.0,144.5,163,10,-0.5855785305106292,JaimeLluch,0.16591,-0.58558,146.0,143.0,144.5,163
787d2872,0.16872752436740002,0.2873593757315625,0.0018294119337887802,0.00636628587159004,156.0,124.0,140.0,162,11,0.2873593757315625,JaimeLluch,0.16873,0.28736,156.0,124.0,140.0,162
787d2872,0.1472232043674,9.101188407265969,0.04412958714420898,0.004848771959162823,2.0,3.0,2.5,1,12,9.101188407265969,JaimeLluch,0.14722,9.10119,2.0,3.0,2.5,1
78cc44f1,0.21158000000000002,-1.5293783345759795,-0.04525431007007928,0.029590003367365635,135.0,131.0,133.0,149,1,-1.5293783345759795,RocketShip AI,0.21158,-1.52938,135.0,131.0,133.0,149
78cc44f1,0.23438000000000003,1.5126073779577653,0.023200030699470985,0.015337774387160745,155.0,30.0,92.5,96,2,1.5126073779577653,RocketShip AI,0.23438,1.51261,155.0,30.0,92.5,96
78cc44f1,0.22238000000000002,3.7379903322116705,0.06834855386713468,0.018284839657863598,167.0,23.0,95.0,99,3,3.7379903322116705,RocketShip AI,0.22238,3.73799,167.0,23.0,95.0,99
78cc44f1,0.25798000000000004,-4.9703998557952485,-0.07107151412321643,0.014298953039029736,181.0,171.0,176.0,193,4,-4.9703998557952485,RocketShip AI,0.25798,-4.9704,181.0,171.0,176.0,193
78cc44f1,0.24358000000000002,-3.116457152815877,-0.062480017512793445,0.02004841217096137,178.0,174.0,176.0,194,5,-3.116457152815877,RocketShip AI,0.24358,-3.11646,178.0,174.0,176.0,194
78cc44f1,0.17077999999999996,3.4587427167524836,0.04254267451448354,0.012300040216471528,150.0,118.0,134.0,152,6,3.4587427167524836,RocketShip AI,0.17078,3.45874,150.0,118.0,134.0,152
78cc44f1,0.24278,-1.9178558363161515,-0.029018274688016786,0.015130581839642106,192.0,66.0,129.0,150,7,-1.9178558363161515,RocketShip AI,0.24278,-1.91786,192.0,66.0,129.0,150
78cc44f1,0.23118,0.9881448133252975,0.018678289161028913,0.018902380409378333,191.0,62.0,126.5,140,8,0.9881448133252975,RocketShip AI,0.23118,0.98815,191.0,62.0,126.5,140
78cc44f1,0.22997999999999996,5.082604756123876,0.06110761294229263,0.012022892960281029,190.0,103.0,146.5,167,9,5.082604756123876,RocketShip AI,0.22998,5.08261,190.0,103.0,146.5,167
78cc44f1,0.25478,-8.783439736162983,-0.09638026244194277,0.010972951979749812,206.0,217.0,211.5,223,10,-8.783439736162983,RocketShip AI,0.25478,-8.78344,206.0,217.0,211.5,223
78cc44f1,0.23038,2.0275169020408064,0.025484418896262982,0.01256927568426755,201.0,28.0,114.5,117,11,2.0275169020408064,RocketShip AI,0.23038,2.02752,201.0,28.0,114.5,117
78cc44f1,0.23677999999999993,-0.5734906108070972,-0.006742580081844453,0.011757088877802795,203.0,145.0,174.0,193,12,-0.5734906108070972,RocketShip AI,0.23678,-0.57349,203.0,145.0,174.0,193
7b0d1f9c,0.15676213088000002,-4.3103095245331815,-0.05656631122280888,0.01312349168913459,23.0,148.0,85.5,65,4,-4.3103095245331815,SCOLO MORA,0.15676,-4.31031,23.0,148.0,85.5,65
7b0d1f9c,0.15785653088,0.7804371228917591,0.005967118561638359,0.007645867151383512,46.0,55.0,50.5,29,5,0.7804371228917591,SCOLO MORA,0.15786,0.78044,46.0,55.0,50.5,29
7b0d1f9c,0.16700693088000002,5.51483846978659,0.040467581637773815,0.007337945047616201,138.0,78.0,108.0,117,6,5.51483846978659,SCOLO MORA,0.16701,5.51484,138.0,78.0,108.0,117
7b0d1f9c,0.16198773087999999,-5.312413590648647,-0.05625654810413165,0.01058964012198883,110.0,167.0,138.5,161,7,-5.312413590648647,SCOLO MORA,0.16199,-5.31241,110.0,167.0,138.5,161
7b0d1f9c,0.16204613087999997,-4.830592614718887,-0.0641283019888467,0.013275452331344776,117.0,140.0,128.5,144,8,-4.830592614718887,SCOLO MORA,0.16205,-4.83059,117.0,140.0,128.5,144
7b0d1f9c,0.16809493088,7.862362369611781,0.09754714490924958,0.012406849280601926,145.0,31.0,88.0,84,9,7.862362369611781,SCOLO MORA,0.16809,7.86236,145.0,31.0,88.0,84
7b0d1f9c,0.16099733088,1.1812453397513558,0.008439310689686506,0.0071444181878956015,118.0,56.0,87.0,59,10,1.1812453397513558,SCOLO MORA,0.161,1.18125,118.0,56.0,87.0,59
7b0d1f9c,0.15106453088,0.841786585270642,0.00790031042320892,0.009385170257457713,5.0,58.0,31.5,11,11,0.841786585270642,SCOLO MORA,0.15107,0.84179,5.0,58.0,31.5,11
7b0d1f9c,0.15597333087999998,4.548875762862849,0.025226586199472434,0.0055456749127824065,25.0,85.0,55.0,26,12,4.548875762862849,SCOLO MORA,0.15597,4.54888,25.0,85.0,55.0,26
7cb34dbb,0.16033410553079996,3.929433831940808,0.005478707807169971,0.0013942740968522563,81.0,65.0,73.0,74,1,3.929433831940808,SebastianR,0.16033,3.92943,81.0,65.0,73.0,74
7cb34dbb,0.15889387087999998,-7.690334638852814,-0.004794075250991969,0.0006233896801800438,20.0,171.0,95.5,104,2,-7.690334638852814,SebastianR,0.15889,-7.69034,20.0,171.0,95.5,104
7cb34dbb,0.15438908544,1.338182740749848,0.0005761902240735867,0.00043057663690290884,10.0,58.0,34.0,14,3,1.338182740749848,SebastianR,0.15439,1.33818,10.0,58.0,34.0,14
7cb34dbb,0.15547569716,-2.891174427084507,-0.0018466010544674646,0.0006387027490173252,10.0,88.0,49.0,30,4,-2.891174427084507,SebastianR,0.15548,-2.89117,10.0,88.0,49.0,30
7cb34dbb,0.15467036168,0.1311757448230069,8.857629786506767e-05,0.0006752490560246645,13.0,96.0,54.5,34,5,0.1311757448230069,SebastianR,0.15467,0.13118,13.0,96.0,54.5,34
7cb34dbb,0.15258962288,2.939202766221211,0.0016708884366116198,0.000568483554729298,22.0,125.0,73.5,72,6,2.939202766221211,SebastianR,0.15259,2.9392,22.0,125.0,73.5,72
7cb34dbb,0.15913355116,-7.37328889994392,-0.003202012365702213,0.0004342719252091922,34.0,202.0,118.0,126,7,-7.37328889994392,SebastianR,0.15913,-7.37329,34.0,202.0,118.0,126
7cb34dbb,0.15822505916000001,-6.116383480291966,-0.003360841840040267,0.00054948187125112,32.0,198.0,115.0,124,8,-6.116383480291966,SebastianR,0.15823,-6.11638,32.0,198.0,115.0,124
7cb34dbb,0.15665167291999998,0.04018862818200531,1.4313659471463749e-05,0.000356161932341666,23.0,149.0,86.0,79,9,0.04018862818200531,SebastianR,0.15665,0.04019,23.0,149.0,86.0,79
7cb34dbb,0.15686978784,-1.1520066709086003,-0.00025954218002695247,0.00022529572664909024,24.0,156.0,90.0,64,10,-1.1520066709086003,SebastianR,0.15687,-1.15201,24.0,156.0,90.0,64
7cb34dbb,0.15614738992,2.7751701519091654,0.0010086943531020837,0.00036347117397762335,38.0,19.0,28.5,5,11,2.7751701519091654,SebastianR,0.15615,2.77517,38.0,19.0,28.5,5
7cb34dbb,0.15454380672,-9.996411390189888,-0.002207492754351647,0.00022082852217526774,14.0,218.0,116.0,124,12,-9.996411390189888,SebastianR,0.15454,-9.99641,14.0,218.0,116.0,124
83b5b440,0.16901106012280004,-4.370011173659655,-0.03747371733668147,0.008575199432567857,102.0,75.0,88.5,89,2,-4.370011173659655,Orca_STU,0.16901,-4.37001,102.0,75.0,88.5,89
83b5b440,0.1571342201228,-0.1989278071652844,-0.002072721131652539,0.010419464031644225,40.0,126.0,83.0,74,3,-0.1989278071652844,Orca_STU,0.15713,-0.19893,40.0,126.0,83.0,74
83b5b440,0.15920321202559998,-4.138886891126123,-0.06348132628488458,0.015337777512352444,54.0,130.0,92.0,80,4,-4.138886891126123,Orca_STU,0.1592,-4.13889,54.0,130.0,92.0,80
83b5b440,0.15826421202560004,0.5773235167057652,0.0051771401370592236,0.008967485278618521,53.0,72.0,62.5,41,5,0.5773235167057652,Orca_STU,0.15826,0.57732,53.0,72.0,62.5,41
83b5b440,0.15138041202560001,6.0600597491224875,0.05115238333481326,0.008440904125115311,15.0,55.0,35.0,16,6,6.0600597491224875,Orca_STU,0.15138,6.06006,15.0,55.0,35.0,16
83b5b440,0.16452379847519996,-5.27299710725435,-0.06368220384153285,0.012077041300463028,122.0,150.0,136.0,159,7,-5.27299710725435,Orca_STU,0.16452,-5.273,122.0,150.0,136.0,159
83b5b440,0.1601122384752,-4.834453883606947,-0.07309001273604356,0.015118566542517455,89.5,152.5,121.0,131,8,-4.834453883606947,Orca_STU,0.16011,-4.83445,89.5,152.5,121.0,131
83b5b440,0.15680867847519997,7.838877206432681,0.1097793302513922,0.014004471222142108,24.0,43.5,33.75,12,9,7.838877206432681,Orca_STU,0.15681,7.83888,24.0,43.5,33.75,12
83b5b440,0.1610866384752,-0.017296953794923936,-0.00014163688740659406,0.00818854516730915,120.0,105.0,112.5,112,10,-0.017296953794923936,Orca_STU,0.16109,-0.0173,120.0,105.0,112.5,112
83b5b440,0.1609566784752,0.5700101716406613,0.006051048095388376,0.010615684414844095,126.0,94.0,110.0,112,11,0.5700101716406613,Orca_STU,0.16096,0.57001,126.0,94.0,110.0,112
83b5b440,0.1589333984752,5.1218135718674525,0.0342011818958729,0.0066775530612300064,59.0,64.0,61.5,33,12,5.1218135718674525,Orca_STU,0.15893,5.12181,59.0,64.0,61.5,33
84d63b80,0.17400534260480005,-0.3384805187535045,-0.004042772479870406,0.011943885263348109,113.0,113.0,113.0,124,1,-0.3384805187535045,forengeeks,0.174,-0.33848,113.0,113.0,113.0,124
84d63b80,0.188761222065,-4.91473928617757,-0.11428757030655685,0.02325404536268776,141.0,87.0,114.0,135,2,-4.91473928617757,forengeeks,0.18876,-4.91474,141.0,87.0,114.0,135
84d63b80,0.161439182065,0.8626166050407754,0.011988794958083158,0.013898173172212995,110.0,100.0,105.0,117,3,0.8626166050407754,forengeeks,0.16144,0.86262,110.0,100.0,105.0,117
84d63b80,0.1655744118564,4.613794612576947,0.08018908064598096,0.017380288326530616,133.0,9.0,71.0,54,4,4.613794612576947,forengeeks,0.16557,4.61379,133.0,9.0,71.0,54
84d63b80,0.2026852,-1.723633102581102,-0.028828685971792455,0.01672553510873175,169.0,148.0,158.5,178,5,-1.723633102581102,forengeeks,0.20269,-1.72363,169.0,148.0,158.5,178
84d63b80,0.16726879999999997,-1.6995659776387353,-0.013309569755041653,0.007831158031024538,139.0,160.0,149.5,165,6,-1.6995659776387353,forengeeks,0.16727,-1.69957,139.0,160.0,149.5,165
84d63b80,0.16,-5.058175750515272,-0.07976824683281909,0.015770161174153186,64.0,128.0,96.0,68,7,-5.058175750515272,forengeeks,0.16,-5.05818,64.0,128.0,96.0,68
84d63b80,0.16,-3.6956966371251534,-0.06120428168127955,0.016560959324001704,69.0,103.0,86.0,66,8,-3.6956966371251534,forengeeks,0.16,-3.6957,69.0,103.0,86.0,66
84d63b80,0.15999999999999998,7.649951091694057,0.13290069404896698,0.0173727508131737,73.0,62.0,67.5,52,9,7.649951091694057,forengeeks,0.16,7.64995,73.0,62.0,67.5,52
84d63b80,0.16,4.088742284526536,0.03469035263869334,0.008484357835409618,83.5,21.0,52.25,32,10,4.088742284526536,forengeeks,0.16,4.08874,83.5,21.0,52.25,32
84d63b80,0.16,-4.806389768650278,-0.05999940505741512,0.012483258317659087,92.0,217.0,154.5,175,11,-4.806389768650278,forengeeks,0.16,-4.80639,92.0,217.0,154.5,175
84d63b80,0.16,-4.019528412287437,-0.03794045699956615,0.009439031923144178,91.5,171.0,131.25,145,12,-4.019528412287437,forengeeks,0.16,-4.01953,91.5,171.0,131.25,145
8517db02,0.156780061193,0.33981235861775005,0.003220269004108267,0.009476609435887823,42.5,121.0,81.75,51,11,0.33981235861775005,stats_people,0.15678,0.33981,42.5,121.0,81.75,51
8517db02,0.18165758119300002,-0.8965896703157089,-0.00739966816978198,0.008253126725379731,180.0,149.0,164.5,183,12,-0.8965896703157089,stats_people,0.18166,-0.89659,180.0,149.0,164.5,183
856618c2,0.16,3.597326621511044,0.03411474106779967,0.009483359354639278,63.5,73.0,68.25,61,1,3.597326621511044,aaron1339,0.16,3.59733,63.5,73.0,68.25,61
856618c2,0.16,-3.230408311774054,-0.04166894519949827,0.012898971640094252,48.5,62.0,55.25,33,2,-3.230408311774054,aaron1339,0.16,-3.23041,48.5,62.0,55.25,33
856618c2,0.16,-1.5416248923239932,-0.04653888409860094,0.030188202285994333,76.5,157.0,116.75,141,3,-1.5416248923239932,aaron1339,0.16,-1.54163,76.5,157.0,116.75,141
856618c2,0.16,1.1224445862018613,0.031126441495280276,0.02773093823776747,83.5,33.0,58.25,40,4,1.1224445862018613,aaron1339,0.16,1.12244,83.5,33.0,58.25,40
856618c2,0.16,-0.7828746936700011,-0.018928369761346535,0.024178032467256198,79.5,124.0,101.75,103,5,-0.7828746936700011,aaron1339,0.16,-0.78287,79.5,124.0,101.75,103
856618c2,0.16,4.083921019083521,0.10503245390452484,0.02571853211992218,88.5,111.0,99.75,101,6,4.083921019083521,aaron1339,0.16,4.08392,88.5,111.0,99.75,101
856618c2,0.16,-5.117168534567006,-0.12142572916527994,0.023729085400458573,64.0,131.0,97.5,69,7,-5.117168534567006,aaron1339,0.16,-5.11717,64.0,131.0,97.5,69
856618c2,0.16,-4.9922606585944935,-0.10407802651495587,0.02084787506753658,69.0,171.0,120.0,130,8,-4.9922606585944935,aaron1339,0.16,-4.99226,69.0,171.0,120.0,130
856618c2,0.15999999999999998,-0.7557599770979719,-0.02892315695058411,0.038270294573742286,73.0,153.0,113.0,125,9,-0.7557599770979719,aaron1339,0.16,-0.75576,73.0,153.0,113.0,125
856618c2,0.16,-4.59125653305646,-0.08035358934539752,0.017501437518653542,83.5,195.0,139.25,156,10,-4.59125653305646,aaron1339,0.16,-4.59126,83.5,195.0,139.25,156
856618c2,0.16,-2.186938061132901,-0.044123478486954096,0.02017591593979428,92.0,197.0,144.5,166,11,-2.186938061132901,aaron1339,0.16,-2.18694,92.0,197.0,144.5,166
856618c2,0.16,6.449938088730467,0.18115773871364155,0.028086740713087775,91.5,26.0,58.75,31,12,6.449938088730467,aaron1339,0.16,6.44994,91.5,26.0,58.75,31
86458890,0.16607513420000003,4.322958063346373,0.051556815152091186,0.011926281586960711,102.0,25.0,63.5,59,1,4.322958063346373,HMMBySJ,0.16608,4.32296,102.0,25.0,63.5,59
86458890,0.32400000000000007,-6.169693866638177,-0.07258675542470028,0.011765049772923707,169.0,138.0,153.5,172,2,-6.169693866638177,HMMBySJ,0.324,-6.16969,169.0,138.0,153.5,172
86458890,0.18045526236,5.461387833208316,0.058557156807125234,0.010722028648297913,146.0,13.0,79.5,66,3,5.461387833208316,HMMBySJ,0.18046,5.46139,146.0,13.0,79.5,66
86458890,0.15767168056,-4.417968158679587,-0.06334743623897135,0.014338590493124834,33.0,154.0,93.5,83,4,-4.417968158679587,HMMBySJ,0.15767,-4.41797,33.0,154.0,93.5,83
86458890,0.16774443948,0.8378366062856233,0.006010768895914198,0.0071741540663420155,134.0,54.0,94.0,90,5,0.8378366062856233,HMMBySJ,0.16774,0.83784,134.0,54.0,94.0,90
86458890,0.15845861624000002,5.141314582346442,0.04134556871419966,0.00804182822349882,60.0,86.0,73.0,71,6,5.141314582346442,HMMBySJ,0.15846,5.14131,60.0,86.0,73.0,71
86458890,0.16183737776,-5.424003103032193,-0.059578045910742713,0.010984146723189862,109.0,171.0,140.0,165,7,-5.424003103032193,HMMBySJ,0.16184,-5.424,109.0,171.0,140.0,165
86458890,0.164673342,-4.679649312624316,-0.06857508363988571,0.01465389371269559,132.0,134.0,133.0,154,8,-4.679649312624316,HMMBySJ,0.16467,-4.67965,132.0,134.0,133.0,154
86458890,0.16755845524000001,-16.028456132898572,-0.04138813088001495,0.0025821657767191556,142.0,214.0,178.0,196,9,-16.028456132898572,HMMBySJ,0.16756,-16.02846,142.0,214.0,178.0,196
86458890,0.1542681171856,0.9369279873018468,0.0023149644660999244,0.002470802983233033,13.0,67.0,40.0,20,10,0.9369279873018468,HMMBySJ,0.15427,0.93693,13.0,67.0,40.0,20
86458890,0.152558841146,-0.42257419508570876,-0.0011271647477039057,0.0026673771394755616,15.0,153.0,84.0,57,11,-0.42257419508570876,HMMBySJ,0.15256,-0.42257,15.0,153.0,84.0,57
86458890,0.19233938330960001,-6.5777677999401165,-0.028831462585041993,0.0043831681904770905,184.0,190.0,187.0,203,12,-6.5777677999401165,HMMBySJ,0.19234,-6.57777,184.0,190.0,187.0,203
872bdbc9,0.22723,4.39018722525153,0.04602064087512153,0.010482614638942839,139.0,20.0,79.5,82,1,4.39018722525153,Tilefish Poele,0.22723,4.39019,139.0,20.0,79.5,82
872bdbc9,0.31,2.6318628530827777,0.0043450765401983026,0.001650950973797433,167.0,26.0,96.5,107,2,2.6318628530827777,Tilefish Poele,0.31,2.63186,167.0,26.0,96.5,107
872bdbc9,0.30999999999999994,-0.28635410403269895,-0.00040318868339981836,0.001408007350765184,179.0,128.0,153.5,176,3,-0.28635410403269895,Tilefish Poele,0.31,-0.28635,179.0,128.0,153.5,176
872bdbc9,0.32199999999999995,-2.764337864422388,-0.0036359051709601025,0.0013152897182920256,194.0,84.0,139.0,161,4,-2.764337864422388,Tilefish Poele,0.322,-2.76434,194.0,84.0,139.0,161
872bdbc9,0.3500000000000001,-5.5124528391732985,-0.006469876436705499,0.0011736837711750446,195.0,193.0,194.0,197,5,-5.5124528391732985,Tilefish Poele,0.35,-5.51245,195.0,193.0,194.0,197
872bdbc9,0.318,0.1269484336733109,0.0001427750031477357,0.001124669277252785,193.0,146.0,169.5,181,6,0.1269484336733109,Tilefish Poele,0.318,0.12695,193.0,146.0,169.5,181
872bdbc9,0.28600000000000003,1.2187616949580995,0.001449819582169887,0.0011895841395144365,201.0,49.0,125.0,144,7,1.2187616949580995,Tilefish Poele,0.286,1.21876,201.0,49.0,125.0,144
872bdbc9,0.31400000000000006,3.0279801096331758,0.00513811767361028,0.001696879598800514,202.0,54.0,128.0,142,8,3.0279801096331758,Tilefish Poele,0.314,3.02798,202.0,54.0,128.0,142
872bdbc9,0.318,3.527094308115074,0.006368241452557519,0.0018055206059859488,207.0,121.0,164.0,182,9,3.527094308115074,Tilefish Poele,0.318,3.52709,207.0,121.0,164.0,182
872bdbc9,0.30200000000000005,8.193902426106218,0.009729206382383912,0.0011873715204840775,219.0,7.0,113.0,113,10,8.193902426106218,Tilefish Poele,0.302,8.1939,219.0,7.0,113.0,113
872bdbc9,0.3340000000000001,-5.894614370616003,-0.006618276791501707,0.001122766711337909,224.0,221.0,222.5,226,11,-5.894614370616003,Tilefish Poele,0.334,-5.89461,224.0,221.0,222.5,226
872bdbc9,0.32600000000000007,2.7485867079897806,0.003149571198092423,0.0011458875170053879,219.0,117.0,168.0,185,12,2.7485867079897806,Tilefish Poele,0.326,2.74859,219.0,117.0,168.0,185
87852799,0.24656000000000003,2.144835524281671,0.009466089204832911,0.004413433616548853,141.0,92.0,116.5,128,1,2.144835524281671,NAU,0.24656,2.14484,141.0,92.0,116.5,128
87852799,0.27255999999999997,-4.1663733654233,-0.027989740236059067,0.006718010552857721,160.0,72.0,116.0,138,2,-4.1663733654233,NAU,0.27256,-4.16637,160.0,72.0,116.0,138
87852799,0.22455999999999998,4.693834203595228,0.03021983392003173,0.00643819798681533,168.0,18.0,93.0,92,3,4.693834203595228,NAU,0.22456,4.69383,168.0,18.0,93.0,92
87852799,0.29376,-4.2486237768807324,-0.026219616559335326,0.006171319922938746,185.0,145.0,165.0,183,4,-4.2486237768807324,NAU,0.29376,-4.24862,185.0,145.0,165.0,183
87852799,0.29216000000000003,-0.09442235906245397,-0.00036896251759742827,0.003907575718939458,188.0,105.0,146.5,168,5,-0.09442235906245397,NAU,0.29216,-0.09442,188.0,105.0,146.5,168
87852799,0.21696000000000001,10.195741402304208,0.02822790135839429,0.002768597225505824,177.0,4.0,90.5,88,6,10.195741402304208,NAU,0.21696,10.19574,177.0,4.0,90.5,88
87852799,0.26176,-4.258373554880748,-0.021652763936525078,0.005084749765954115,196.0,92.0,144.0,174,7,-4.258373554880748,NAU,0.26176,-4.25837,196.0,92.0,144.0,174
87852799,0.25816,-4.2606563533567146,-0.03323820507210055,0.007801193599177312,198.0,118.0,158.0,182,8,-4.2606563533567146,NAU,0.25816,-4.26066,198.0,118.0,158.0,182
87852799,0.26456,5.277136569225991,0.030492774360524173,0.005778280315568299,198.0,100.0,149.0,173,9,5.277136569225991,NAU,0.26456,5.27714,198.0,100.0,149.0,173
87852799,0.27336,0.9611312866767622,0.004267083464721969,0.004439646824395834,214.0,65.0,139.5,157,10,0.9611312866767622,NAU,0.27336,0.96113,214.0,65.0,139.5,157
87852799,0.24735999999999997,2.6265609824578293,0.012013883940601423,0.004573997718248033,209.0,21.0,115.0,118,11,2.6265609824578293,NAU,0.24736,2.62656,209.0,21.0,115.0,118
87852799,0.27016,2.669023256746558,0.010540435224364977,0.003949173240705809,206.0,118.0,162.0,180,12,2.669023256746558,NAU,0.27016,2.66902,206.0,118.0,162.0,180
880fbc83,0.16,3.9903564609732767,0.04404783020812661,0.011038570272837988,63.5,50.5,57.0,35,1,3.9903564609732767,lsa,0.16,3.99036,63.5,50.5,57.0,35
880fbc83,0.16,-5.972217322696222,-0.0625144726295192,0.010467548190509646,48.5,119.5,84.0,63,2,-5.972217322696222,lsa,0.16,-5.97222,48.5,119.5,84.0,63
880fbc83,0.16,1.2145320363375662,0.017810997445674638,0.014664905422654707,76.5,77.0,76.75,44,3,1.2145320363375662,lsa,0.16,1.21453,76.5,77.0,76.75,44
880fbc83,0.16,-4.138886891126123,-0.06348132628488458,0.015337777512352444,83.5,130.0,106.75,109,4,-4.138886891126123,lsa,0.16,-4.13889,83.5,130.0,106.75,109
880fbc83,0.16,0.5773235167057652,0.0051771401370592236,0.008967485278618521,79.5,72.0,75.75,52,5,0.5773235167057652,lsa,0.16,0.57732,79.5,72.0,75.75,52
880fbc83,0.16,6.0600597491224875,0.05115238333481326,0.008440904125115311,88.5,55.0,71.75,51,6,6.0600597491224875,lsa,0.16,6.06006,88.5,55.0,71.75,51
880fbc83,0.16,-5.27299710725435,-0.06368220384153285,0.012077041300463028,64.0,150.0,107.0,83,7,-5.27299710725435,lsa,0.16,-5.273,64.0,150.0,107.0,83
880fbc83,0.16,-4.834453883606947,-0.07309001273604356,0.015118566542517455,69.0,152.5,110.75,99,8,-4.834453883606947,lsa,0.16,-4.83445,69.0,152.5,110.75,99
880fbc83,0.15999999999999998,7.838877206432681,0.1097793302513922,0.014004471222142108,73.0,43.5,58.25,24,9,7.838877206432681,lsa,0.16,7.83888,73.0,43.5,58.25,24
880fbc83,0.16,-0.017296953794923936,-0.00014163688740659406,0.00818854516730915,83.5,105.0,94.25,69,10,-0.017296953794923936,lsa,0.16,-0.0173,83.5,105.0,94.25,69
880fbc83,0.16,0.5700101716406613,0.006051048095388376,0.010615684414844095,92.0,94.0,93.0,72,11,0.5700101716406613,lsa,0.16,0.57001,92.0,94.0,93.0,72
880fbc83,0.16,5.1218135718674525,0.0342011818958729,0.0066775530612300064,91.5,64.0,77.75,51,12,5.1218135718674525,lsa,0.16,5.12181,91.5,64.0,77.75,51
89c29b7d,0.1665072,-1.3907140383746786,-0.020027328035185525,0.014400752047193955,104.0,128.0,116.0,127,1,-1.3907140383746786,washi_wa_ou,0.16651,-1.39071,104.0,128.0,116.0,127
89c29b7d,0.1622672,2.5139008674802255,0.013706035362267263,0.005452098584939558,81.0,27.0,54.0,31,2,2.5139008674802255,washi_wa_ou,0.16227,2.5139,81.0,27.0,54.0,31
89c29b7d,0.16814720000000005,4.7240266814714325,0.03448880079349982,0.0073007209990518735,129.0,15.0,72.0,40,3,4.7240266814714325,washi_wa_ou,0.16815,4.72403,129.0,15.0,72.0,40
89c29b7d,0.159435,-1.5002450195722694,-0.0051229116464432236,0.003414716649353585,58.0,60.0,59.0,41,4,-1.5002450195722694,washi_wa_ou,0.15943,-1.50025,58.0,60.0,59.0,41
89c29b7d,0.16763499999999998,-3.2498393296138235,-0.013782885193379396,0.004241097419119858,132.0,175.0,153.5,175,5,-3.2498393296138235,washi_wa_ou,0.16764,-3.24984,132.0,175.0,153.5,175
89c29b7d,0.16683499999999998,-5.175687900462334,-0.022789611965085874,0.004403204444195741,135.0,190.0,162.5,176,6,-5.175687900462334,washi_wa_ou,0.16684,-5.17569,135.0,190.0,162.5,176
89c29b7d,0.155035,9.11550691458871,0.028203783231924275,0.003094044412032221,9.0,5.0,7.0,4,7,9.11550691458871,washi_wa_ou,0.15504,9.11551,9.0,5.0,7.0,4
89c29b7d,0.15683500000000003,3.425813890667615,0.016115441223240462,0.004704120462334841,21.0,49.0,35.0,21,8,3.425813890667615,washi_wa_ou,0.15684,3.42581,21.0,49.0,35.0,21
89c29b7d,0.16723500000000002,1.5653861578591295,0.005710064702768811,0.003647703586812133,140.0,138.0,139.0,151,9,1.5653861578591295,washi_wa_ou,0.16723,1.56539,140.0,138.0,139.0,151
89c29b7d,0.17662999999999993,-8.182148363220158,-0.01583678734707842,0.001935529233161657,167.0,215.0,191.0,213,10,-8.182148363220158,washi_wa_ou,0.17663,-8.18215,167.0,215.0,191.0,213
89c29b7d,0.16843,-1.6600973329221493,-0.005129437087131426,0.003089841171000768,155.0,187.0,171.0,190,11,-1.6600973329221493,washi_wa_ou,0.16843,-1.6601,155.0,187.0,171.0,190
89c29b7d,0.17443,-6.622436484718303,-0.018842316348494613,0.0028452241696805196,165.0,191.0,178.0,198,12,-6.622436484718303,washi_wa_ou,0.17443,-6.62244,165.0,191.0,178.0,198
8c13bdf6,0.16480337311319995,1.000907272313602,0.00821165411101676,0.00820421065783195,99.0,100.0,99.5,115,1,1.000907272313602,Probabilistic Forecaster _STU,0.1648,1.00091,99.0,100.0,99.5,115
8c13bdf6,0.1606815842528,-3.764452335191808,-0.02774288702382004,0.007369700703729716,70.0,68.0,69.0,47,2,-3.764452335191808,Probabilistic Forecaster _STU,0.16068,-3.76445,70.0,68.0,69.0,47
8c13bdf6,0.18146250425279997,0.6931614383476468,0.007431407511210523,0.010721034235437936,150.0,109.0,129.5,155,3,0.6931614383476468,Probabilistic Forecaster _STU,0.18146,0.69316,150.0,109.0,129.5,155
8c13bdf6,0.16065964400000002,-0.32351342241818654,-0.0041337683385335375,0.012777733633537038,104.0,49.0,76.5,57,4,-0.32351342241818654,Probabilistic Forecaster _STU,0.16066,-0.32351,104.0,49.0,76.5,57
8c13bdf6,0.16537383199999997,0.5688914048509728,0.005966729167843036,0.010488344729704757,123.0,82.0,102.5,104,5,0.5688914048509728,Probabilistic Forecaster _STU,0.16537,0.56889,123.0,82.0,102.5,104
8c13bdf6,0.17090023984,5.612524506241223,0.038812908166004786,0.00691541001252541,151.0,76.0,113.5,125,6,5.612524506241223,Probabilistic Forecaster _STU,0.1709,5.61252,151.0,76.0,113.5,125
8c13bdf6,0.20141261122000004,-6.869171575026868,-0.03827356268468625,0.005571787262357987,175.0,199.0,187.0,207,7,-6.869171575026868,Probabilistic Forecaster _STU,0.20141,-6.86917,175.0,199.0,187.0,207
8c13bdf6,0.20101501121999998,-6.0088587906387225,-0.041492956457535535,0.006905297312391155,177.0,193.0,185.0,200,8,-6.0088587906387225,Probabilistic Forecaster _STU,0.20101,-6.00886,177.0,193.0,185.0,200
8c13bdf6,0.18429792471999998,-9.701020719151918,-0.060547360364039474,0.006241339145323735,171.0,210.0,190.5,204,9,-9.701020719151918,Probabilistic Forecaster _STU,0.1843,-9.70102,171.0,210.0,190.5,204
8c13bdf6,0.18798735182,-0.4480093698552246,-0.0015099891329118382,0.003370440965107036,178.0,131.0,154.5,179,10,-0.4480093698552246,Probabilistic Forecaster _STU,0.18799,-0.44801,178.0,131.0,154.5,179
8c13bdf6,0.21080095182,0.7812556756470888,0.002241726106240293,0.002869388570372361,195.0,63.0,129.0,150,11,0.7812556756470888,Probabilistic Forecaster _STU,0.2108,0.78126,195.0,63.0,129.0,150
8c13bdf6,0.15824454148,9.091996703556546,0.06385918249898584,0.007023669781359009,54.0,4.0,29.0,10,12,9.091996703556546,Probabilistic Forecaster _STU,0.15824,9.092,54.0,4.0,29.0,10
8c90882c,0.16496199999999997,3.936189144695144,0.05579252473313829,0.014174248920006967,100.0,63.0,81.5,85,1,3.936189144695144,Brick Tamland,0.16496,3.93619,100.0,63.0,81.5,85
8c90882c,0.18857279999999998,-5.687198582923169,-0.07224393429975498,0.012702903414816624,140.0,100.0,120.0,145,2,-5.687198582923169,Brick Tamland,0.18857,-5.6872,140.0,100.0,120.0,145
8c90882c,0.18083480999999998,1.2340632706223453,0.01901364116221639,0.01540734710678789,147.0,66.0,106.5,122,3,1.2340632706223453,Brick Tamland,0.18083,1.23406,147.0,66.0,106.5,122
8c90882c,0.18770965600000003,-4.407607738971646,-0.06665026567511304,0.015121641857054965,163.0,153.0,158.0,179,4,-4.407607738971646,Brick Tamland,0.18771,-4.40761,163.0,153.0,158.0,179
8c90882c,0.203517656,1.1390871773367026,0.010070616081594964,0.00884095289803986,170.0,45.0,107.5,113,5,1.1390871773367026,Brick Tamland,0.20352,1.13909,170.0,45.0,107.5,113
8c90882c,0.228911264,6.343927967605153,0.04704008938191323,0.007414978483696587,183.0,38.0,110.5,120,6,6.343927967605153,Brick Tamland,0.22891,6.34393,183.0,38.0,110.5,120
8c90882c,0.17202144800000008,-4.986264910540874,-0.05671975753760936,0.01137519938375212,147.0,123.0,135.0,155,7,-4.986264910540874,Brick Tamland,0.17202,-4.98627,147.0,123.0,135.0,155
8c90882c,0.17800544799999998,-4.7368028587562385,-0.06918113560543677,0.014605027413701982,165.0,136.0,150.5,175,8,-4.7368028587562385,Brick Tamland,0.178,-4.7368,165.0,136.0,150.5,175
8c90882c,0.17575744800000004,8.83029423189472,0.11145852900193315,0.012622289368269153,161.0,8.0,84.5,78,9,8.83029423189472,Brick Tamland,0.17576,8.83029,161.0,8.0,84.5,78
8c90882c,0.17491744800000003,1.1970729636524966,0.009138605649616834,0.007634125844537675,163.0,55.0,109.0,106,10,1.1970729636524966,Brick Tamland,0.17492,1.19707,163.0,55.0,109.0,106
8c90882c,0.17769344799999998,0.5806710372291024,0.005865226088801651,0.01010077257648299,171.0,80.0,125.5,142,11,0.5806710372291024,Brick Tamland,0.17769,0.58067,171.0,80.0,125.5,142
8c90882c,0.173369448,3.3510201919337184,0.019991263058578197,0.005965724440186726,163.0,104.0,133.5,146,12,3.3510201919337184,Brick Tamland,0.17337,3.35102,163.0,104.0,133.5,146
8cd1270d,0.16,-2.880776605930314,-0.03065433649860946,0.010640997443364752,83.5,182.0,132.75,147,10,-2.880776605930314,11-17,0.16,-2.88078,83.5,182.0,132.75,147
8cd1270d,0.16,0.9840899859920933,0.012604743808633594,0.012808527663175374,92.0,50.0,71.0,43,11,0.9840899859920933,11-17,0.16,0.98409,92.0,50.0,71.0,43
8cd1270d,0.16,7.79978923977553,0.10018012316018575,0.012843952583912233,91.5,10.0,50.75,23,12,7.79978923977553,11-17,0.16,7.79979,91.5,10.0,50.75,23
9078bb5f,0.29600000000000004,-4.232387646480712,-0.04687281422039365,0.011074792324226026,152.5,155.0,153.75,163,1,-4.232387646480712,Computer says no,0.296,-4.23239,152.5,155.0,153.75,163
9078bb5f,0.336,5.795248329578412,0.06012538680796704,0.010374945712178136,173.5,7.0,90.25,94,2,5.795248329578412,Computer says no,0.336,5.79525,173.5,7.0,90.25,94
9078bb5f,0.3,-1.4842610420571996,-0.021726902190842685,0.014638194748229057,177.0,154.0,165.5,181,3,-1.4842610420571996,Computer says no,0.3,-1.48426,177.0,154.0,165.5,181
9078bb5f,0.332,3.8721157466430838,0.058789181815998084,0.01518270260050081,195.0,13.0,104.0,100,4,3.8721157466430838,Computer says no,0.332,3.87212,195.0,13.0,104.0,100
9078bb5f,0.384,-0.7396331665894782,-0.006718271090234656,0.00908324747146382,197.0,120.0,158.5,178,5,-0.7396331665894782,Computer says no,0.384,-0.73963,197.0,120.0,158.5,178
9078bb5f,0.3320000000000001,-6.1973441461754515,-0.05281632117512482,0.008522412170335772,197.0,194.0,195.5,198,6,-6.1973441461754515,Computer says no,0.332,-6.19734,197.0,194.0,195.5,198
9078bb5f,0.324,5.098662514416491,0.0608553036721655,0.011935542605555254,203.0,24.0,113.5,119,7,5.098662514416491,Computer says no,0.324,5.09866,203.0,24.0,113.5,119
9078bb5f,0.3559999999999999,4.468744670646351,0.06811469054339,0.015242466411386628,208.0,36.0,122.0,134,8,4.468744670646351,Computer says no,0.356,4.46875,208.0,36.0,122.0,134
9078bb5f,0.272,-7.936271353837735,-0.11412889586795383,0.014380669558729823,200.0,201.0,200.5,213,9,-7.936271353837735,Computer says no,0.272,-7.93627,200.0,201.0,200.5,213
9078bb5f,0.28,-0.14262374369260045,-0.0011787402334205452,0.00826468442702714,217.0,119.0,168.0,194,10,-0.14262374369260045,Computer says no,0.28,-0.14262,217.0,119.0,168.0,194
9078bb5f,0.32,-0.760787795694993,-0.008095384895900802,0.010640792270472118,220.5,170.0,195.25,217,11,-0.760787795694993,Computer says no,0.32,-0.76079,220.5,170.0,195.25,217
9078bb5f,0.3440000000000001,-5.221157143783372,-0.034892092926600796,0.006682827573605106,221.0,179.0,200.0,214,12,-5.221157143783372,Computer says no,0.344,-5.22116,221.0,179.0,200.0,214
90d29bb6,0.336,-0.9183859655145616,-0.004512383801701402,0.0049133849722683455,161.0,119.0,140.0,158,1,-0.9183859655145616,InvesTUM,0.336,-0.91839,161.0,119.0,140.0,158
90d29bb6,0.252,3.7442888324740875,0.012642143522418565,0.0033763804257763695,157.0,15.0,86.0,86,2,3.7442888324740875,InvesTUM,0.252,3.74429,157.0,15.0,86.0,86
90d29bb6,0.28,2.558515012316325,0.009726103536716064,0.003801464322036804,174.0,33.0,103.5,113,3,2.558515012316325,InvesTUM,0.28,2.55851,174.0,33.0,103.5,113
90d29bb6,0.3,-2.84845261992215,-0.010964180205302697,0.003849170643955579,186.0,87.0,136.5,157,4,-2.84845261992215,InvesTUM,0.3,-2.84845,186.0,87.0,136.5,157
90d29bb6,0.3560000000000001,-2.724689665316761,-0.009017100108400197,0.0033094044518834796,196.0,166.0,181.0,196,5,-2.724689665316761,InvesTUM,0.356,-2.72469,196.0,166.0,181.0,196
90d29bb6,0.3,3.0670634086623174,0.009761342507469776,0.003182634724766623,191.0,123.0,157.0,170,6,3.0670634086623174,InvesTUM,0.3,3.06706,191.0,123.0,157.0,170
90d29bb6,0.272,0.5458622848888737,0.0010398703749479635,0.0019050049870356217,198.0,56.0,127.0,145,7,0.5458622848888737,InvesTUM,0.272,0.54586,198.0,56.0,127.0,145
90d29bb6,0.24800000000000005,3.457639503443677,0.006910338813526459,0.001998571223704503,194.0,48.0,121.0,131,8,3.457639503443677,InvesTUM,0.248,3.45764,194.0,48.0,121.0,131
90d29bb6,0.3600000000000001,-2.1410561546131737,-0.006550200956326651,0.0030593316958144336,214.0,161.0,187.5,202,9,-2.1410561546131737,InvesTUM,0.36,-2.14106,214.0,161.0,187.5,202
90d29bb6,0.26799999999999996,-0.838828539984418,-0.0010107449477845943,0.0012049482100398847,210.0,151.0,180.5,204,10,-0.838828539984418,InvesTUM,0.268,-0.83883,210.0,151.0,180.5,204
90d29bb6,0.32800000000000007,-1.7145952194290812,-0.004521417206884303,0.002637017271277489,222.5,189.0,205.75,223,11,-1.7145952194290812,InvesTUM,0.328,-1.7146,222.5,189.0,205.75,223
90d29bb6,0.376,-9.98627089978097,-0.025978986322193143,0.0026014702167515744,224.0,217.0,220.5,225,12,-9.98627089978097,InvesTUM,0.376,-9.98627,224.0,217.0,220.5,225
916fdfd9,0.15074720000000003,-1.4841371218455877,-0.023152092610796867,0.015599699158529405,7.0,130.0,68.5,62,1,-1.4841371218455877,TheRiskTakers,0.15075,-1.48414,7.0,130.0,68.5,62
916fdfd9,0.16674720000000004,3.092415392889227,0.01920082326578389,0.006209005203484214,94.0,22.0,58.0,35,2,3.092415392889227,TheRiskTakers,0.16675,3.09241,94.0,22.0,58.0,35
916fdfd9,0.17126720000000004,3.7085375348413416,0.0307886382513275,0.008302096975444175,136.0,24.0,80.0,69,3,3.7085375348413416,TheRiskTakers,0.17127,3.70854,136.0,24.0,80.0,69
916fdfd9,0.16136000000000003,-2.5249444578386444,-0.016872918043262804,0.006682490773561824,114.0,76.0,95.0,86,4,-2.5249444578386444,TheRiskTakers,0.16136,-2.52494,114.0,76.0,95.0,86
916fdfd9,0.16455999999999998,-2.534840816628122,-0.012175810746590753,0.004803382787084505,120.0,164.0,142.0,156,5,-2.534840816628122,TheRiskTakers,0.16456,-2.53484,120.0,164.0,142.0,156
916fdfd9,0.16396000000000005,1.7486239640132748,0.008897272623415914,0.005088156634314758,120.0,137.0,128.5,144,6,1.7486239640132748,TheRiskTakers,0.16396,1.74862,120.0,137.0,128.5,144
916fdfd9,0.15836000000000003,7.388728598423443,0.032416628541156754,0.0043873080611018245,26.0,9.0,17.5,9,7,7.388728598423443,TheRiskTakers,0.15836,7.38873,26.0,9.0,17.5,9
916fdfd9,0.16196000000000002,6.733020506047055,0.028320986597415113,0.004206282540203092,114.0,12.0,63.0,45,8,6.733020506047055,TheRiskTakers,0.16196,6.73302,114.0,12.0,63.0,45
916fdfd9,0.16616000000000003,-1.801328431000412,-0.010033698595259447,0.005570166118838742,135.0,159.0,147.0,168,9,-1.801328431000412,TheRiskTakers,0.16616,-1.80133,135.0,159.0,147.0,168
916fdfd9,0.16727499999999995,2.0756680029397536,0.006283866120409496,0.0030273946081501,150.0,46.0,98.0,92,10,2.0756680029397536,TheRiskTakers,0.16728,2.07567,150.0,46.0,98.0,92
916fdfd9,0.1577472,-2.0383797421116667,-0.007102846861193051,0.003484555264386032,54.0,194.0,124.0,136,11,-2.0383797421116667,TheRiskTakers,0.15775,-2.03838,54.0,194.0,124.0,136
916fdfd9,0.16474720000000004,-6.127474456286322,-0.02897658795797554,0.0047289610368343145,140.0,186.0,163.0,181,12,-6.127474456286322,TheRiskTakers,0.16475,-6.12747,140.0,186.0,163.0,181
91716b78,0.1529995402618,-2.460884842874397,-0.02286216865627407,0.009290222873480858,17.0,140.0,78.5,80,1,-2.460884842874397,RaduR,0.153,-2.46089,17.0,140.0,78.5,80
91716b78,0.1674626025478,0.6000674724982017,0.0033889669393360605,0.0056476431312417405,97.0,36.0,66.5,42,2,0.6000674724982017,RaduR,0.16746,0.60007,97.0,36.0,66.5,42
91716b78,0.15535332580939998,-0.5665480215761238,-0.0037089725716453904,0.006546616403896553,18.0,137.0,77.5,62,3,-0.5665480215761238,RaduR,0.15535,-0.56655,18.0,137.0,77.5,62
91716b78,0.15830184271040001,2.863632155687732,0.016614294735967615,0.0058018257348341285,46.0,21.0,33.5,12,4,2.863632155687732,RaduR,0.1583,2.86363,46.0,21.0,33.5,12
91716b78,0.16088017823780004,-0.8082475729605613,-0.008329398172106917,0.010305503475373075,110.0,125.0,117.5,129,5,-0.8082475729605613,RaduR,0.16088,-0.80825,110.0,125.0,117.5,129
91716b78,0.15419603458560002,-3.816220130510259,-0.03938478197434363,0.010320364294362016,32.0,178.0,105.0,111,6,-3.816220130510259,RaduR,0.1542,-3.81622,32.0,178.0,105.0,111
91716b78,0.15983747458560002,4.3612660821411495,0.057472189610967714,0.013177868198940965,41.0,31.0,36.0,20,7,4.3612660821411495,RaduR,0.15984,4.36127,41.0,31.0,36.0,20
91716b78,0.15785351716940002,4.40843283432299,0.06563973264158873,0.014889584373506539,27.0,37.0,32.0,18,8,4.40843283432299,RaduR,0.15785,4.40843,27.0,37.0,32.0,18
91716b78,0.15828015379740001,-7.070143250685554,-0.11166692400455096,0.01579415296765355,35.0,193.0,114.0,126,9,-7.070143250685554,RaduR,0.15828,-7.07014,35.0,193.0,114.0,126
91716b78,0.16225964775739998,3.6349489086707343,0.03672703969655401,0.010103866827108923,131.0,27.0,79.0,51,10,3.6349489086707343,RaduR,0.16226,3.63495,131.0,27.0,79.0,51
91716b78,0.1498772984768,0.4947568600801518,0.006126381750339086,0.012382611025032776,1.0,114.0,57.5,31,11,0.4947568600801518,RaduR,0.14988,0.49476,1.0,114.0,57.5,31
91716b78,0.1759388584768,-8.963904893314698,-0.09422595966563888,0.010511708991458937,167.0,214.0,190.5,205,12,-8.963904893314698,RaduR,0.17594,-8.96391,167.0,214.0,190.5,205
917cb964,0.1676064,-1.622678982983452,-0.02401794849452444,0.014801417129569967,105.0,132.0,118.5,131,1,-1.622678982983452,aggrwl,0.16761,-1.62268,105.0,132.0,118.5,131
917cb964,0.1621264,3.6677379131605843,0.024604398445859203,0.006708330591881621,78.0,17.0,47.5,24,2,3.6677379131605843,aggrwl,0.16213,3.66774,78.0,17.0,47.5,24
917cb964,0.17036640000000006,3.04569915200317,0.02669802511679574,0.008765811652551542,133.0,26.0,79.5,66,3,3.04569915200317,aggrwl,0.17037,3.0457,133.0,26.0,79.5,66
917cb964,0.1589,-1.7025664107475207,-0.0117058143693492,0.006875393697100897,51.0,62.0,56.5,38,4,-1.7025664107475207,aggrwl,0.1589,-1.70257,51.0,62.0,56.5,38
917cb964,0.16209999999999997,-0.3208469785477773,-0.0015182564953779031,0.00473202678189416,114.0,111.0,112.5,122,5,-0.3208469785477773,aggrwl,0.1621,-0.32085,114.0,111.0,112.5,122
917cb964,0.16410000000000002,3.238549462310326,0.01779822395229322,0.005495739422672356,123.0,122.0,122.5,137,6,3.238549462310326,aggrwl,0.1641,3.23855,123.0,122.0,122.5,137
917cb964,0.1595,8.878224641124993,0.0366766059290434,0.004131074332040777,39.0,7.0,23.0,13,7,8.878224641124993,aggrwl,0.1595,8.87823,39.0,7.0,23.0,13
917cb964,0.16330000000000003,8.182796203893561,0.03165265638305326,0.0038681956136207086,128.0,3.0,65.5,48,8,8.182796203893561,aggrwl,0.1633,8.1828,128.0,3.0,65.5,48
917cb964,0.16610000000000003,-1.8955389167880141,-0.012026818256663801,0.00634480154965281,134.0,160.0,147.0,168,9,-1.8955389167880141,aggrwl,0.1661,-1.89554,134.0,160.0,147.0,168
917cb964,0.16574999999999998,1.5892987622856747,0.0042434158933037265,0.002669992574084052,145.0,49.0,97.0,91,10,1.5892987622856747,aggrwl,0.16575,1.5893,145.0,49.0,97.0,91
917cb964,0.16935000000000003,-3.272828440339648,-0.0100798238709042,0.0030798509774188267,157.0,211.0,184.0,204,11,-3.272828440339648,aggrwl,0.16935,-3.27283,157.0,211.0,184.0,204
917cb964,0.17675000000000002,-8.760293572329239,-0.03133745535795487,0.0035772152039446636,171.0,213.0,192.0,209,12,-8.760293572329239,aggrwl,0.17675,-8.76029,171.0,213.0,192.0,209
921f735d,0.15539696454280003,-10.72201529827618,-0.005295058294580034,0.0004938491642920283,27.0,163.0,95.0,111,1,-10.72201529827618,PortfolioQuant,0.1554,-10.72202,27.0,163.0,95.0,111
921f735d,0.1590481739258,-10.84226126213966,-0.02061087156385308,0.0019009753653349652,21.0,175.0,98.0,109,2,-10.84226126213966,PortfolioQuant,0.15905,-10.84226,21.0,175.0,98.0,109
921f735d,0.15556820412099998,4.133311804218572,0.008287485439691471,0.0020050472435283097,20.0,20.0,20.0,6,3,4.133311804218572,PortfolioQuant,0.15557,4.13331,20.0,20.0,20.0,6
921f735d,0.1593075311424,-2.2448459170121176,-0.005022826943978052,0.0022374929637324144,56.0,73.0,64.5,47,4,-2.2448459170121176,PortfolioQuant,0.15931,-2.24485,56.0,73.0,64.5,47
921f735d,0.1602606868794,-0.7574030520568489,-0.0014673352710428249,0.0019373242120665367,99.0,122.0,110.5,117,5,-0.7574030520568489,PortfolioQuant,0.16026,-0.7574,99.0,122.0,110.5,117
921f735d,0.16433526603280002,-1.5993285427542905,-0.0028647980985611406,0.0017912505291924048,126.0,159.0,142.5,159,6,-1.5993285427542905,PortfolioQuant,0.16434,-1.59933,126.0,159.0,142.5,159
921f735d,0.1571246235932,-8.262113250343248,-0.022526363874540416,0.002726465153888391,14.0,206.0,110.0,107,7,-8.262113250343248,PortfolioQuant,0.15712,-8.26211,14.0,206.0,110.0,107
921f735d,0.1652209740354,-4.7529668043865305,-0.012292517226467283,0.002586282995943181,134.0,138.0,136.0,157,8,-4.7529668043865305,PortfolioQuant,0.16522,-4.75297,134.0,138.0,136.0,157
921f735d,0.1463935740354,3.591957292701929,0.011263758209922871,0.003135827431135766,2.0,120.0,61.0,45,9,3.591957292701929,PortfolioQuant,0.14639,3.59196,2.0,120.0,61.0,45
921f735d,0.16953461403540002,0.053814442027506806,0.0001056803930748083,0.001963792415069372,154.0,90.0,122.0,125,10,0.053814442027506806,PortfolioQuant,0.16953,0.05381,154.0,90.0,122.0,125
921f735d,0.1608618140354,0.18447168992018648,0.0004466177034548385,0.0024210636529001938,125.0,128.0,126.5,144,11,0.18447168992018648,PortfolioQuant,0.16086,0.18447,125.0,128.0,126.5,144
921f735d,0.15794241403540002,6.035509491139165,0.012322087275539568,0.0020415985251336006,48.0,34.0,41.0,16,12,6.035509491139165,PortfolioQuant,0.15794,6.03551,48.0,34.0,41.0,16
939398bd,0.1752,-1.1492120944667967,-0.010973313711401835,0.009548553973836445,115.0,126.0,120.5,139,1,-1.1492120944667967,handsome boy,0.1752,-1.14921,115.0,126.0,120.5,139
939398bd,0.21439999999999998,-6.7855964928217976,-0.04082573658313255,0.00601652877920466,151.0,152.0,151.5,169,2,-6.7855964928217976,handsome boy,0.2144,-6.7856,151.0,152.0,151.5,169
939398bd,0.21119999999999997,-1.438768819986258,-0.009559310862019412,0.006644090926373227,163.0,151.0,157.0,178,3,-1.438768819986258,handsome boy,0.2112,-1.43877,163.0,151.0,157.0,178
939398bd,0.21120000000000005,-1.3108438517450998,-0.0097312182554366,0.007423628865086888,173.0,57.0,115.0,133,4,-1.3108438517450998,handsome boy,0.2112,-1.31084,173.0,57.0,115.0,133
939398bd,0.19599999999999998,2.8855753669392232,0.02851168661494251,0.009880763102432955,167.0,14.0,90.5,88,5,2.8855753669392232,handsome boy,0.196,2.88557,167.0,14.0,90.5,88
939398bd,0.22000000000000003,-2.2790431836207796,-0.012844791988180261,0.005636045898776425,179.0,169.0,174.0,186,6,-2.2790431836207796,handsome boy,0.22,-2.27904,179.0,169.0,174.0,186
939398bd,0.2104,0.622516585485031,0.0042733754731827155,0.006864677299887737,180.0,55.0,117.5,125,7,0.622516585485031,handsome boy,0.2104,0.62252,180.0,55.0,117.5,125
939398bd,0.20879999999999996,-6.233036714768959,-0.04680967349046736,0.007509930653794081,182.0,202.0,192.0,204,8,-6.233036714768959,handsome boy,0.2088,-6.23304,182.0,202.0,192.0,204
939398bd,0.2016,2.6053545671368052,0.01748979053677144,0.006713017397855417,181.0,131.0,156.0,177,9,2.6053545671368052,handsome boy,0.2016,2.60535,181.0,131.0,156.0,177
939398bd,0.17999999999999997,4.391630782770675,0.02530565496936115,0.005762245557764271,171.0,17.0,94.0,68,10,4.391630782770675,handsome boy,0.18,4.39163,171.0,17.0,94.0,68
939398bd,0.172,-0.15534866439105507,-0.000764327324561984,0.00492007657457526,163.0,141.0,152.0,173,11,-0.15534866439105507,handsome boy,0.172,-0.15535,163.0,141.0,152.0,173
939398bd,0.18799999999999997,3.146598030892516,0.02017667894194697,0.006412220036959713,182.0,106.0,144.0,160,12,3.146598030892516,handsome boy,0.188,3.1466,182.0,106.0,144.0,160
96609938,0.37600000000000017,2.440156423524293,0.028486608655619555,0.011674091210298984,163.0,88.0,125.5,143,1,2.440156423524293,JcBou,0.376,2.44016,163.0,88.0,125.5,143
96609938,0.3320000000000001,-7.26695986473585,-0.08256404190319708,0.011361565694597136,170.5,162.0,166.25,176,2,-7.26695986473585,JcBou,0.332,-7.26696,170.5,162.0,166.25,176
96609938,0.308,0.4701278734674784,0.004312032962580153,0.009172042769505014,178.0,115.0,146.5,174,3,0.4701278734674784,JcBou,0.308,0.47013,178.0,115.0,146.5,174
96609938,0.1598091156436,-5.581810332636928,-0.07040525893576072,0.012613337741717974,64.0,181.0,122.5,143,4,-5.581810332636928,JcBou,0.15981,-5.58181,64.0,181.0,122.5,143
96609938,0.1593264756436,-0.25295822452681815,-0.002085049160278955,0.008242662060817484,58.0,108.0,83.0,78,5,-0.25295822452681815,JcBou,0.15933,-0.25296,58.0,108.0,83.0,78
96609938,0.15998231564360002,11.066956840014205,0.0792174450109058,0.007158015175814504,69.0,1.0,35.0,16,6,11.066956840014205,JcBou,0.15998,11.06696,69.0,1.0,35.0,16
96609938,0.1604435556436,-4.815986258673536,-0.04096497996477736,0.008506041704541807,93.0,115.0,104.0,77,7,-4.815986258673536,JcBou,0.16044,-4.81599,93.0,115.0,104.0,77
96609938,0.16033815564360002,-6.047135334982113,-0.07247079112245451,0.011984317715401168,95.0,195.0,145.0,166,8,-6.047135334982113,JcBou,0.16034,-6.04713,95.0,195.0,145.0,166
96609938,0.15879455564359998,8.03273083439304,0.0785040671901769,0.009773023497071869,38.0,22.0,30.0,10,9,8.03273083439304,JcBou,0.15879,8.03273,38.0,22.0,30.0,10
96609938,0.16005251564359999,3.5683331568711134,0.018798470863625953,0.005268137821556258,106.0,29.0,67.5,44,10,3.5683331568711134,JcBou,0.16005,3.56833,106.0,29.0,67.5,44
96609938,0.1592816756436,-1.496353493179596,-0.011379298686738423,0.007604686151103636,65.0,182.0,123.5,135,11,-1.496353493179596,JcBou,0.15928,-1.49635,65.0,182.0,123.5,135
96609938,0.1590157956436,-3.559992836494185,-0.018918208216651133,0.005314114124814205,60.0,168.0,114.0,120,12,-3.559992836494185,JcBou,0.15902,-3.55999,60.0,168.0,114.0,120
98669526,0.30404,3.0235931023265707,0.017345867873987397,0.005736839345426551,156.0,83.0,119.5,134,1,3.0235931023265707,Lion DS,0.30404,3.02359,156.0,83.0,119.5,134
98669526,0.3360000000000001,-3.4183908296740335,-0.04338807787286772,0.012692544543540407,173.5,64.0,118.75,142,2,-3.4183908296740335,Lion DS,0.336,-3.41839,173.5,64.0,118.75,142
98669526,0.3360000000000001,-4.346473854150877,-0.08368510060106107,0.019253561256590078,184.0,176.0,180.0,184,3,-4.346473854150877,Lion DS,0.336,-4.34647,184.0,176.0,180.0,184
98669526,0.34019000000000005,1.8210881204500222,0.022006576393140864,0.012084300669482517,197.0,31.0,114.0,131,4,1.8210881204500222,Lion DS,0.34019,1.82109,197.0,31.0,114.0,131
98669526,0.27029,3.661004301022777,0.022233786059676353,0.006073138470081799,182.0,7.0,94.5,92,5,3.661004301022777,Lion DS,0.27029,3.661,182.0,7.0,94.5,92
98669526,0.32228999999999997,-6.642885218609444,-0.035619131139811036,0.005361997079225041,195.0,196.0,195.5,198,6,-6.642885218609444,Lion DS,0.32229,-6.64288,195.0,196.0,195.5,198
98669526,0.28094,-6.978873198209763,-0.02547893351270014,0.0036508663775745424,199.0,201.0,200.0,208,7,-6.978873198209763,Lion DS,0.28094,-6.97887,199.0,201.0,200.0,208
98669526,0.25174,-1.143880183331267,-0.004145521076408449,0.0036240868028115042,195.0,76.0,135.5,156,8,-1.143880183331267,Lion DS,0.25174,-1.14388,195.0,76.0,135.5,156
98669526,0.21354000000000006,-0.09123466793974974,-0.00043564182057598787,0.004774959238780596,185.0,150.0,167.5,185,9,-0.09123466793974974,Lion DS,0.21354,-0.09123,185.0,150.0,167.5,185
98669526,0.25652,1.1661224853784358,0.005146648214558866,0.004413471379799911,207.0,57.0,132.0,144,10,1.1661224853784358,Lion DS,0.25652,1.16612,207.0,57.0,132.0,144
98669526,0.23732000000000003,1.397787379077838,0.006339382352064075,0.004535298033844285,204.0,39.0,121.5,130,11,1.397787379077838,Lion DS,0.23732,1.39779,204.0,39.0,121.5,130
98669526,0.21972000000000003,-0.7875525004302358,-0.0024805861755453273,0.0031497407146700647,197.0,147.0,172.0,189,12,-0.7875525004302358,Lion DS,0.21972,-0.78755,197.0,147.0,172.0,189
9b7bb959,0.16019615992000003,4.251966161677664,0.03144535662225841,0.007395486094332246,80.0,29.0,54.5,32,1,4.251966161677664,LAIR,0.1602,4.25197,80.0,29.0,54.5,32
9b7bb959,0.16126706106299998,9.192864602374861,0.018911544136501642,0.002057198159060896,77.0,3.0,40.0,16,2,9.192864602374861,LAIR,0.16127,9.19286,77.0,3.0,40.0,16
9b7bb959,0.1550368201796,-2.279408829430937,-0.011849660465583268,0.005198567414754457,14.0,167.0,90.5,86,3,-2.279408829430937,LAIR,0.15504,-2.27941,14.0,167.0,90.5,86
9b7bb959,0.1566905650904,3.514324707968455,0.04848697939015141,0.013796954868800539,22.0,15.0,18.5,5,4,3.514324707968455,LAIR,0.15669,3.51432,22.0,15.0,18.5,5
9b7bb959,0.19295043927200006,-1.4851525106455117,-0.007322550631904956,0.0049305041599547635,166.0,143.0,154.5,176,5,-1.4851525106455117,LAIR,0.19295,-1.48515,166.0,143.0,154.5,176
9b7bb959,0.15818500000000002,5.3785064264887,0.011533118490028227,0.002144297612665957,59.0,85.0,72.0,67,6,5.3785064264887,LAIR,0.15818,5.37851,59.0,85.0,72.0,67
9b7bb959,0.1591402284088,9.02132594696017,0.011665908393021335,0.0012931478655809222,35.0,6.0,20.5,10,7,9.02132594696017,LAIR,0.15914,9.02133,35.0,6.0,20.5,10
9b7bb959,0.159620412,5.7510356772546976,0.003271554299903316,0.0005688635027673865,44.0,17.0,30.5,15,8,5.7510356772546976,LAIR,0.15962,5.75104,44.0,17.0,30.5,15
9b7bb959,0.1593815401666,6.3454573939592605,0.005842650080566869,0.0009207610606808181,45.0,84.0,64.5,48,9,6.3454573939592605,LAIR,0.15938,6.34546,45.0,84.0,64.5,48
9b7bb959,0.1594976907208,-3.6004089010853813,-0.001776475200049979,0.0004934092901265858,54.0,190.0,122.0,125,10,-3.6004089010853813,LAIR,0.1595,-3.60041,54.0,190.0,122.0,125
9b7bb959,0.157206711714,0.5892940891798575,0.0006359545746402622,0.0010791803045663395,46.0,79.0,62.5,34,11,0.5892940891798575,LAIR,0.15721,0.58929,46.0,79.0,62.5,34
9b7bb959,0.15548485656019997,-4.591483495909817,-0.002116169060551428,0.00046089005055480485,20.0,175.0,97.5,95,12,-4.591483495909817,LAIR,0.15549,-4.59148,20.0,175.0,97.5,95
9bd75044,0.36,-6.744130833886045,-0.07400517380278965,0.010973270778044355,175.0,151.0,163.0,174,2,-6.744130833886045,Datasolution,0.36,-6.74413,175.0,151.0,163.0,174
9bd75044,0.17950000000000002,2.752951165493096,0.017159552273445698,0.006233148080696941,145.0,30.0,87.5,80,3,2.752951165493096,Datasolution,0.1795,2.75295,145.0,30.0,87.5,80
9bd75044,0.17430249999999997,0.6504879201049673,0.003986968581209161,0.0061291969581322835,153.0,40.0,96.5,90,4,0.6504879201049673,Datasolution,0.1743,0.65049,153.0,40.0,96.5,90
9bd75044,0.16649874999999997,-5.042086517596659,-0.031046281270438812,0.006157427319441795,128.0,190.0,159.0,180,5,-5.042086517596659,Datasolution,0.1665,-5.04209,128.0,190.0,159.0,180
9bd75044,0.27901000000000004,-0.9038473500344647,-0.009456083686296548,0.01046203619000042,188.0,157.0,172.5,184,6,-0.9038473500344647,Datasolution,0.27901,-0.90385,188.0,157.0,172.5,184
9bd75044,0.28201,5.0108969286716825,0.06595028069318627,0.013161372431316154,200.0,26.0,113.0,116,7,5.0108969286716825,Datasolution,0.28201,5.0109,200.0,26.0,113.0,116
9bd75044,0.22721,5.273407241179694,0.07006820025021446,0.013287083103132343,189.0,24.0,106.5,93,8,5.273407241179694,Datasolution,0.22721,5.27341,189.0,24.0,106.5,93
9bd75044,0.32760999999999996,-4.9551665627374195,-0.08308398673973248,0.016767143079411195,208.0,178.0,193.0,208,9,-4.9551665627374195,Datasolution,0.32761,-4.95517,208.0,178.0,193.0,208
9bd75044,0.24941000000000002,0.24365967433773056,0.0023588426359475723,0.009680890538653678,204.0,87.0,145.5,165,10,0.24365967433773056,Datasolution,0.24941,0.24366,204.0,87.0,145.5,165
9bd75044,0.30941,-0.17357474347011934,-0.0018990336538360804,0.010940725683186716,218.0,143.0,180.5,200,11,-0.17357474347011934,Datasolution,0.30941,-0.17358,218.0,143.0,180.5,200
9bd75044,0.34681000000000006,-5.888725351992468,-0.053600663024716375,0.009102252154887887,222.0,184.0,203.0,217,12,-5.888725351992468,Datasolution,0.34681,-5.88872,222.0,184.0,203.0,217
9bf7ccb3,0.16836372284,4.382226618735851,0.04714949332828552,0.010759254924585989,108.0,21.0,64.5,60,1,4.382226618735851,auto.arima and a dream,0.16836,4.38223,108.0,21.0,64.5,60
9bf7ccb3,0.16691772283999998,-5.552296873540534,-0.055634927464975156,0.010020164399008156,96.0,96.0,96.0,106,2,-5.552296873540534,auto.arima and a dream,0.16692,-5.5523,96.0,96.0,96.0,106
9bf7ccb3,0.18455252284000004,1.064846633039255,0.014986383817686955,0.014073748606325818,153.0,92.0,122.5,149,3,1.064846633039255,auto.arima and a dream,0.18455,1.06485,153.0,92.0,122.5,149
9bf7ccb3,0.17599532284,-4.801862390938162,-0.07260866048022521,0.015120937371559982,156.0,168.0,162.0,181,4,-4.801862390938162,auto.arima and a dream,0.176,-4.80186,156.0,168.0,162.0,181
9bf7ccb3,0.16807212283999998,0.5074172167120181,0.004523981719772113,0.008915704021804357,137.0,84.0,110.5,117,5,0.5074172167120181,auto.arima and a dream,0.16807,0.50742,137.0,84.0,110.5,117
9bf7ccb3,0.18442012283999998,6.845088554702253,0.052276285945959615,0.007637050350509823,168.0,25.0,96.5,92,6,6.845088554702253,auto.arima and a dream,0.18442,6.84509,168.0,25.0,96.5,92
9bf7ccb3,0.15443332284,-5.32079977776388,-0.06358706235322945,0.011950658737238285,7.0,168.0,87.5,59,7,-5.32079977776388,auto.arima and a dream,0.15443,-5.3208,7.0,168.0,87.5,59
9bf7ccb3,0.16270092283999996,-4.7377621177574145,-0.06951195841031192,0.014671897128346094,123.0,137.0,130.0,149,8,-4.7377621177574145,auto.arima and a dream,0.1627,-4.73776,123.0,137.0,130.0,149
9bf7ccb3,0.18253412284,7.997927485279278,0.10535071901418991,0.01317225233763309,170.0,25.0,97.5,98,9,7.997927485279278,auto.arima and a dream,0.18253,7.99793,170.0,25.0,97.5,98
9bf7ccb3,0.16487452284000004,0.4846857528545755,0.003717587931865272,0.007670099461290937,142.0,78.0,110.0,109,10,0.4846857528545755,auto.arima and a dream,0.16487,0.48469,142.0,78.0,110.0,109
9bf7ccb3,0.17213452283999994,0.9120130310210688,0.009168039789538082,0.01005253157323175,164.0,55.0,109.5,111,11,0.9120130310210688,auto.arima and a dream,0.17214,0.91201,164.0,55.0,109.5,111
9bf7ccb3,0.17616732283999997,5.116978087436155,0.03146737667957331,0.006149601608972287,168.0,78.0,123.0,133,12,5.116978087436155,auto.arima and a dream,0.17617,5.11698,168.0,78.0,123.0,133
9d85d570,0.16,-6.166631135048433,-0.16467610662662568,0.02670438737460374,48.5,137.0,92.75,98,2,-6.166631135048433,SEFA_SAGLAM,0.16,-6.16663,48.5,137.0,92.75,98
9d85d570,0.16,-0.9017438034052819,-0.023957788035740515,0.026568286851839745,76.5,143.0,109.75,132,3,-0.9017438034052819,SEFA_SAGLAM,0.16,-0.90174,76.5,143.0,109.75,132
9d85d570,0.16,-1.1332590597925287,-0.027553302469839183,0.024313330859127215,83.5,55.0,69.25,53,4,-1.1332590597925287,SEFA_SAGLAM,0.16,-1.13326,83.5,55.0,69.25,53
9d85d570,0.16,1.8574737055244723,0.03167046938776158,0.01705029217564034,79.5,27.0,53.25,33,5,1.8574737055244723,SEFA_SAGLAM,0.16,1.85747,79.5,27.0,53.25,33
9d85d570,0.16,4.774692175041034,0.09531272456649448,0.019962066887730903,88.5,97.0,92.75,91,6,4.774692175041034,SEFA_SAGLAM,0.16,4.77469,88.5,97.0,92.75,91
9d85d570,0.16,-4.597572856435476,-0.09148471620267146,0.019898481015828876,64.0,107.0,85.5,57,7,-4.597572856435476,SEFA_SAGLAM,0.16,-4.59757,64.0,107.0,85.5,57
9d85d570,0.16,-5.469160116156288,-0.11113547138842328,0.020320390887829595,69.0,187.0,128.0,142,8,-5.469160116156288,SEFA_SAGLAM,0.16,-5.46916,69.0,187.0,128.0,142
9d85d570,0.15999999999999998,1.270975355209466,0.036544458104385134,0.028753081603507834,73.0,140.0,106.5,112,9,1.270975355209466,SEFA_SAGLAM,0.16,1.27097,73.0,140.0,106.5,112
9d85d570,0.16,-4.805592733126175,-0.06319552751074287,0.013150412658800651,83.5,197.0,140.25,159,10,-4.805592733126175,SEFA_SAGLAM,0.16,-4.80559,83.5,197.0,140.25,159
9d85d570,0.16,-0.879285699701512,-0.014631063021622315,0.01663971451666855,92.0,171.0,131.5,154,11,-0.879285699701512,SEFA_SAGLAM,0.16,-0.87929,92.0,171.0,131.5,154
9d85d570,0.16,5.7307376036977375,0.1128373124857514,0.019689841044710117,91.5,36.0,63.75,37,12,5.7307376036977375,SEFA_SAGLAM,0.16,5.73074,91.5,36.0,63.75,37
9ddb66b4,0.284186026,2.77770420650803,0.02138730436222807,0.007699633500254859,151.0,87.0,119.0,132,1,2.77770420650803,FUW Patrol_STU,0.28419,2.7777,151.0,87.0,119.0,132
9ddb66b4,0.296014522,-7.484873374684744,-0.027101892878519752,0.0036208886272122483,164.0,165.0,164.5,175,2,-7.484873374684744,FUW Patrol_STU,0.29601,-7.48487,164.0,165.0,164.5,175
9ddb66b4,0.28399452199999997,0.751994860473429,0.003902639621182585,0.005189715816309733,175.0,104.0,139.5,164,3,0.751994860473429,FUW Patrol_STU,0.28399,0.75199,175.0,104.0,139.5,164
9ddb66b4,0.309470844,-3.621044116249016,-0.03431673955375248,0.009477028849154332,189.0,102.0,145.5,165,4,-3.621044116249016,FUW Patrol_STU,0.30947,-3.62104,189.0,102.0,145.5,165
9ddb66b4,0.25324684399999997,0.7060772527599264,0.003934806826118692,0.0055727709832575035,181.0,56.0,118.5,132,5,0.7060772527599264,FUW Patrol_STU,0.25325,0.70608,181.0,56.0,118.5,132
9ddb66b4,0.169518844,6.676454599679465,0.03173621754627472,0.004753453659042086,146.0,27.0,86.5,84,6,6.676454599679465,FUW Patrol_STU,0.16952,6.67645,146.0,27.0,86.5,84
9ddb66b4,0.25663484400000003,-5.206692638447505,-0.03908627516207733,0.007506929614676045,193.0,136.0,164.5,194,7,-5.206692638447505,FUW Patrol_STU,0.25664,-5.20669,193.0,136.0,164.5,194
9ddb66b4,0.252562844,-4.417791654368214,-0.041559117341982775,0.009407215322363617,196.0,124.0,160.0,184,8,-4.417791654368214,FUW Patrol_STU,0.25256,-4.41779,196.0,124.0,160.0,184
9ddb66b4,0.13623084400000002,7.485440393034988,0.06858227923879619,0.009162090089263185,1.0,66.0,33.5,11,9,7.485440393034988,FUW Patrol_STU,0.13623,7.48544,1.0,66.0,33.5,11
9ddb66b4,0.278598844,-0.5099713085638454,-0.002434407417225243,0.004773616429678944,216.0,134.0,175.0,200,10,-0.5099713085638454,FUW Patrol_STU,0.2786,-0.50997,216.0,134.0,175.0,200
9ddb66b4,0.201914844,0.6489952153074793,0.004311079143045534,0.006642697883378142,187.0,69.0,128.0,148,11,0.6489952153074793,FUW Patrol_STU,0.20192,0.64899,187.0,69.0,128.0,148
9ddb66b4,0.193990844,4.778066070891544,0.01944605580354555,0.004069859126062083,186.0,81.0,133.5,146,12,4.778066070891544,FUW Patrol_STU,0.19399,4.77807,186.0,81.0,133.5,146
b0f38c03,0.2232,-1.4354388086235126,-0.014486235575270245,0.01009185169597132,200.0,164.0,182.0,206,10,-1.4354388086235126,Cortecs,0.2232,-1.43544,200.0,164.0,182.0,206
b0f38c03,0.21520000000000003,-0.5397117718746129,-0.006045265061134349,0.011200913850993042,196.0,158.0,177.0,198,11,-0.5397117718746129,Cortecs,0.2152,-0.53971,196.0,158.0,177.0,198
b0f38c03,0.2072,3.108725710303578,0.02964299552895604,0.009535416852862615,196.0,107.0,151.5,172,12,3.108725710303578,Cortecs,0.2072,3.10873,196.0,107.0,151.5,172
b1002bc9,0.151065620658,3.930585129876094,0.028382859308390865,0.007221026480931502,8.0,64.0,36.0,11,1,3.930585129876094,AdaGaussMC_STU,0.15107,3.93059,8.0,64.0,36.0,11
b1002bc9,0.1597045547152,-4.903867023913942,-0.045661122767704246,0.009311248152740603,26.0,86.0,56.0,34,2,-4.903867023913942,AdaGaussMC_STU,0.15971,-4.90387,26.0,86.0,56.0,34
b1002bc9,0.157551837063,1.4344699951739988,0.013055982704495898,0.009101607386993291,43.0,50.0,46.5,24,3,1.4344699951739988,AdaGaussMC_STU,0.15755,1.43447,43.0,50.0,46.5,24
b1002bc9,0.15780129838919998,-3.4471459807573077,-0.03183082082589676,0.009233963691582279,37.0,98.0,67.5,50,4,-3.4471459807573077,AdaGaussMC_STU,0.1578,-3.44715,37.0,98.0,67.5,50
b1002bc9,0.15417124280320002,1.4132098831511941,0.008411784577707145,0.005952254281544109,9.0,40.0,24.5,8,5,1.4132098831511941,AdaGaussMC_STU,0.15417,1.41321,9.0,40.0,24.5,8
b1002bc9,0.15226513776259998,5.77214820825173,0.028052145697652343,0.004859914313625842,20.0,73.0,46.5,27,6,5.77214820825173,AdaGaussMC_STU,0.15227,5.77215,20.0,73.0,46.5,27
b1002bc9,0.16245953500399998,-4.4932219173389125,-0.03168741601064634,0.007052270418331141,114.0,102.0,108.0,102,7,-4.4932219173389125,AdaGaussMC_STU,0.16246,-4.49322,114.0,102.0,108.0,102
b1002bc9,0.16036066809080002,-4.2793912876432705,-0.04289189600305157,0.01002289651028215,96.0,119.0,107.5,95,8,-4.2793912876432705,AdaGaussMC_STU,0.16036,-4.27939,96.0,119.0,107.5,95
b1002bc9,0.15543563820939998,6.5834771826862495,0.0635294594928866,0.00964983362590842,17.0,79.0,48.0,17,9,6.5834771826862495,AdaGaussMC_STU,0.15544,6.58348,17.0,79.0,48.0,17
b1002bc9,0.15781850072439998,-0.4045338615007695,-0.002269812985326457,0.0056109344639426175,34.0,128.0,81.0,53,10,-0.4045338615007695,AdaGaussMC_STU,0.15782,-0.40453,34.0,128.0,81.0,53
b1002bc9,0.156883983547,0.04747401722495543,0.00033687759630946813,0.007096041498093053,45.0,138.0,91.5,68,11,0.04747401722495543,AdaGaussMC_STU,0.15688,0.04747,45.0,138.0,91.5,68
b1002bc9,0.15750098757640002,4.417522426052973,0.019619338714500133,0.00444125390259306,45.0,90.0,67.5,40,12,4.417522426052973,AdaGaussMC_STU,0.1575,4.41752,45.0,90.0,67.5,40
b17cd734,0.154842018,4.583581166880754,0.008706526760352773,0.0018995031272191457,24.0,16.0,20.0,3,1,4.583581166880754,OPPO XZ Lab,0.15484,4.58358,24.0,16.0,20.0,3
b17cd734,0.18721551215999999,-5.086275654345517,-0.013405153924696968,0.002635553956507277,138.0,89.0,113.5,134,2,-5.086275654345517,OPPO XZ Lab,0.18722,-5.08628,138.0,89.0,113.5,134
b17cd734,0.15684617271999998,1.0177617173924305,0.002217087153917035,0.00217839511550636,33.0,94.0,63.5,31,3,1.0177617173924305,OPPO XZ Lab,0.15685,1.01776,33.0,94.0,63.5,31
b17cd734,0.15592977272,-5.703695380418675,-0.007650045119419354,0.001341243634027631,15.0,183.0,99.0,96,4,-5.703695380418675,OPPO XZ Lab,0.15593,-5.70369,15.0,183.0,99.0,96
b17cd734,0.15636017272000002,1.6633453995777943,0.001559127616554361,0.0009373444727415683,28.0,34.0,31.0,14,5,1.6633453995777943,OPPO XZ Lab,0.15636,1.66335,28.0,34.0,31.0,14
b17cd734,0.15573617272,5.480681577048,0.008141571436285607,0.0014855034582525067,43.0,81.0,62.0,42,6,5.480681577048,OPPO XZ Lab,0.15574,5.48068,43.0,81.0,62.0,42
b17cd734,0.15908337271999998,-3.0788635279710004,-0.004520976911478007,0.0014683914601623712,31.0,75.0,53.0,32,7,-3.0788635279710004,OPPO XZ Lab,0.15908,-3.07886,31.0,75.0,53.0,32
b17cd734,0.15908537272,-0.897554933415992,-0.001652655796596058,0.0018412865163653417,40.0,72.0,56.0,36,8,-0.897554933415992,OPPO XZ Lab,0.15909,-0.89755,40.0,72.0,56.0,36
b17cd734,0.15831897272,1.9027887697945978,0.004577863261431677,0.0024058704434785205,36.0,136.0,86.0,79,9,1.9027887697945978,OPPO XZ Lab,0.15832,1.90279,36.0,136.0,86.0,79
b17cd734,0.15898457272000002,6.613968918522938,0.008815511457473828,0.0013328625468416245,49.0,9.0,29.0,11,10,6.613968918522938,OPPO XZ Lab,0.15898,6.61397,49.0,9.0,29.0,11
b17cd734,0.15730097272,0.42950724430754733,0.000814842346282338,0.0018971562344566012,47.0,118.0,82.5,52,11,0.42950724430754733,OPPO XZ Lab,0.1573,0.42951,47.0,118.0,82.5,52
b17cd734,0.15663817272000002,3.667361392372402,0.004423777342793165,0.0012062561797138405,31.0,97.0,64.0,38,12,3.667361392372402,OPPO XZ Lab,0.15664,3.66736,31.0,97.0,64.0,38
b2b1cbc6,0.16,3.9903564609732767,0.04404783020812661,0.011038570272837988,63.5,50.5,57.0,35,1,3.9903564609732767,exdelphi,0.16,3.99036,63.5,50.5,57.0,35
b2b1cbc6,0.16,-5.972217322696222,-0.0625144726295192,0.010467548190509646,48.5,119.5,84.0,63,2,-5.972217322696222,exdelphi,0.16,-5.97222,48.5,119.5,84.0,63
b2b1cbc6,0.16,1.2145320363375662,0.017810997445674638,0.014664905422654707,76.5,77.0,76.75,44,3,1.2145320363375662,exdelphi,0.16,1.21453,76.5,77.0,76.75,44
b2b1cbc6,0.16,-4.138886891126123,-0.06348132628488458,0.015337777512352444,83.5,130.0,106.75,109,4,-4.138886891126123,exdelphi,0.16,-4.13889,83.5,130.0,106.75,109
b2b1cbc6,0.16,0.5773235167057652,0.0051771401370592236,0.008967485278618521,79.5,72.0,75.75,52,5,0.5773235167057652,exdelphi,0.16,0.57732,79.5,72.0,75.75,52
b2b1cbc6,0.16,6.0600597491224875,0.05115238333481326,0.008440904125115311,88.5,55.0,71.75,51,6,6.0600597491224875,exdelphi,0.16,6.06006,88.5,55.0,71.75,51
b2b1cbc6,0.16,-5.27299710725435,-0.06368220384153285,0.012077041300463028,64.0,150.0,107.0,83,7,-5.27299710725435,exdelphi,0.16,-5.273,64.0,150.0,107.0,83
b2b1cbc6,0.16,-4.834453883606947,-0.07309001273604356,0.015118566542517455,69.0,152.5,110.75,99,8,-4.834453883606947,exdelphi,0.16,-4.83445,69.0,152.5,110.75,99
b2b1cbc6,0.15999999999999998,7.838877206432681,0.1097793302513922,0.014004471222142108,73.0,43.5,58.25,24,9,7.838877206432681,exdelphi,0.16,7.83888,73.0,43.5,58.25,24
b2b1cbc6,0.16,-0.017296953794923936,-0.00014163688740659406,0.00818854516730915,83.5,105.0,94.25,69,10,-0.017296953794923936,exdelphi,0.16,-0.0173,83.5,105.0,94.25,69
b2b1cbc6,0.16,0.5700101716406613,0.006051048095388376,0.010615684414844095,92.0,94.0,93.0,72,11,0.5700101716406613,exdelphi,0.16,0.57001,92.0,94.0,93.0,72
b2b1cbc6,0.16,5.1218135718674525,0.0342011818958729,0.0066775530612300064,91.5,64.0,77.75,51,12,5.1218135718674525,exdelphi,0.16,5.12181,91.5,64.0,77.75,51
b3bbdb72,0.16,-0.9895076866886555,-0.013816338885897941,0.01396284139250471,63.5,122.0,92.75,108,1,-0.9895076866886555,ankit,0.16,-0.98951,63.5,122.0,92.75,108
b3bbdb72,0.16,-2.2705150074438056,-0.011309442572134329,0.004981003223963157,48.5,50.0,49.25,27,2,-2.2705150074438056,ankit,0.16,-2.27052,48.5,50.0,49.25,27
b3bbdb72,0.16,6.586252097145475,0.050361879245816726,0.007646515575625157,76.5,6.0,41.25,20,3,6.586252097145475,ankit,0.16,6.58625,76.5,6.0,41.25,20
b3bbdb72,0.16626000000000002,-3.903254321987874,-0.011620269182911402,0.002977072008209129,137.0,109.0,123.0,144,4,-3.903254321987874,ankit,0.16626,-3.90325,137.0,109.0,123.0,144
b3bbdb72,0.16586,-0.2725519706590495,-0.0005446943308216583,0.001998497128839501,126.0,109.0,117.5,129,5,-0.2725519706590495,ankit,0.16586,-0.27255,126.0,109.0,117.5,129
b3bbdb72,0.17286,2.8333876643944067,0.008379048241121845,0.002957254436594273,156.0,128.0,142.0,157,6,2.8333876643944067,ankit,0.17286,2.83339,156.0,128.0,142.0,157
b3bbdb72,0.15306,11.443970061375449,0.018988519771487272,0.0016592598258864237,5.0,2.0,3.5,2,7,11.443970061375449,ankit,0.15306,11.44397,5.0,2.0,3.5,2
b3bbdb72,0.16025999999999999,5.594117745940657,0.01199811198406096,0.0021447728719631133,94.0,19.0,56.5,38,8,5.594117745940657,ankit,0.16026,5.59412,94.0,19.0,56.5,38
b3bbdb72,0.16566000000000003,2.792058578191524,0.006871938487493866,0.002461244381178051,133.0,130.0,131.5,140,9,2.792058578191524,ankit,0.16566,2.79206,133.0,130.0,131.5,140
b3bbdb72,0.17136999999999997,-0.41901658599970076,-0.0012286027814677582,0.002932110141980479,156.0,129.0,142.5,161,10,-0.41901658599970076,ankit,0.17137,-0.41902,156.0,129.0,142.5,161
b3bbdb72,0.16184800000000002,-5.688716161452412,-0.009384122038957023,0.0016496027878039042,134.0,220.0,177.0,198,11,-5.688716161452412,ankit,0.16185,-5.68872,134.0,220.0,177.0,198
b3bbdb72,0.157208,-4.125050894999177,-0.013923216314116768,0.0033752835221974994,38.0,172.0,105.0,108,12,-4.125050894999177,ankit,0.15721,-4.12505,38.0,172.0,105.0,108
b3d7dbc2,0.16255164984,4.931421927517157,0.04387937934513828,0.008897916258248545,94.0,11.0,52.5,28,1,4.931421927517157,ENJINE,0.16255,4.93142,94.0,11.0,52.5,28
b3d7dbc2,0.16350564984,-3.5274576993661184,-0.042038192397500944,0.011917419280479303,84.0,66.0,75.0,54,2,-3.5274576993661184,ENJINE,0.16351,-3.52746,84.0,66.0,75.0,54
b3d7dbc2,0.16741086582,0.42208825293532104,0.005575500939896602,0.013209325066791108,128.0,116.0,122.0,148,3,0.42208825293532104,ENJINE,0.16741,0.42209,128.0,116.0,122.0,148
b3d7dbc2,0.16308590886000002,-4.339773961837025,-0.06042338778668078,0.013923164735774296,128.0,149.0,138.5,159,4,-4.339773961837025,ENJINE,0.16309,-4.33977,128.0,149.0,138.5,159
b3d7dbc2,0.16437773805999994,0.24686016358188587,0.0014298692367065876,0.0057922234837711525,119.0,91.0,105.0,108,5,0.24686016358188587,ENJINE,0.16438,0.24686,119.0,91.0,105.0,108
b3d7dbc2,0.15554358669999999,5.046276307699436,0.04111488526586541,0.008147569169594165,40.0,89.0,64.5,47,6,5.046276307699436,ENJINE,0.15554,5.04628,40.0,89.0,64.5,47
b3d7dbc2,0.19892863398000002,-4.363494592950931,-0.05334535795650872,0.012225375056654414,172.0,96.0,134.0,153,7,-4.363494592950931,ENJINE,0.19893,-4.3635,172.0,96.0,134.0,153
b3d7dbc2,0.19864703398,-4.528593011854321,-0.07105578715324568,0.01569047758702222,175.0,126.0,150.5,175,8,-4.528593011854321,ENJINE,0.19865,-4.52859,175.0,126.0,150.5,175
b3d7dbc2,0.17159223397999998,8.058889408581923,0.11336273945242277,0.014066794282063559,151.0,21.0,86.0,79,9,8.058889408581923,ENJINE,0.17159,8.05889,151.0,21.0,86.0,79
b3d7dbc2,0.19985663398000003,-0.8147851544275959,-0.007556929827160521,0.009274751492581411,185.0,149.0,167.0,192,10,-0.8147851544275959,ENJINE,0.19986,-0.81478,185.0,149.0,167.0,192
b3d7dbc2,0.19168743398,0.9327706538312056,0.009703503281615773,0.0104028822538104,180.0,52.0,116.0,121,11,0.9327706538312056,ENJINE,0.19169,0.93277,180.0,52.0,116.0,121
b3d7dbc2,0.18008823397999996,3.719703056099204,0.027102551170869318,0.0072862136471967065,177.0,95.0,136.0,150,12,3.719703056099204,ENJINE,0.18009,3.7197,177.0,95.0,136.0,150
b4264c50,0.149011819179,4.78524217316648,0.02622355440766742,0.005480089295107677,3.0,13.0,8.0,1,1,4.78524217316648,HTW Berlin,0.14901,4.78524,3.0,13.0,8.0,1
b4264c50,0.197097988079,1.3164933471900533,0.019830493167496525,0.015063116885340195,144.0,31.0,87.5,88,2,1.3164933471900533,HTW Berlin,0.1971,1.31649,144.0,31.0,87.5,88
b4264c50,0.1608213822114,-4.114368159710117,-0.09737155029553118,0.023666222009260256,103.0,175.0,139.0,163,3,-4.114368159710117,HTW Berlin,0.16082,-4.11437,103.0,175.0,139.0,163
b4264c50,0.16866210476039994,-12.704154987563966,-0.2267401100700764,0.017847712838203814,142.0,197.0,169.5,186,4,-12.704154987563966,HTW Berlin,0.16866,-12.70416,142.0,197.0,169.5,186
b4264c50,0.16282575866299998,-2.255186549940427,-0.018090616142957414,0.008021782563147733,117.0,161.0,139.0,153,5,-2.255186549940427,HTW Berlin,0.16283,-2.25519,117.0,161.0,139.0,153
b4264c50,0.15159355866299998,1.8108893862269546,0.009727208285444728,0.005371508806350494,16.0,135.0,75.5,74,6,1.8108893862269546,HTW Berlin,0.15159,1.81089,16.0,135.0,75.5,74
b4264c50,0.18661607866299995,0.7194212207063966,0.004393184051920337,0.006106553331310811,165.0,52.0,108.5,104,7,0.7194212207063966,HTW Berlin,0.18662,0.71942,165.0,52.0,108.5,104
b4264c50,0.190802118663,6.6110725939904444,0.05217203456956203,0.007891614231703812,173.0,13.0,93.0,73,8,6.6110725939904444,HTW Berlin,0.1908,6.61107,173.0,13.0,93.0,73
b4264c50,0.15292107866299998,-4.457475588841168,-0.031181254245690616,0.006995272015341975,14.0,174.0,94.0,94,9,-4.457475588841168,HTW Berlin,0.15292,-4.45748,14.0,174.0,94.0,94
b4264c50,0.17491399866299998,-0.5307297464779133,-0.002935718034895146,0.005531474454517537,162.0,136.0,149.0,171,10,-0.5307297464779133,HTW Berlin,0.17491,-0.53073,162.0,136.0,149.0,171
b4264c50,0.18104339866299995,-0.2566891171802921,-0.0010155177268219894,0.003956216523619561,172.0,146.0,159.0,178,11,-0.2566891171802921,HTW Berlin,0.18104,-0.25669,172.0,146.0,159.0,178
b4264c50,0.149036878663,-3.73652923397883,-0.026930005923869568,0.007207224736521931,4.0,169.0,86.5,80,12,-3.73652923397883,HTW Berlin,0.14904,-3.73653,4.0,169.0,86.5,80
b42b1297,0.1588860524914,3.015581252270607,0.02276031787134987,0.007547572413846351,41.0,84.0,62.5,57,1,3.015581252270607,deffro,0.15889,3.01558,41.0,84.0,62.5,57
b42b1297,0.160000292,-6.97474510954134,-0.05466839503456493,0.0078380491582093,48.5,159.0,103.75,116,2,-6.97474510954134,deffro,0.16,-6.97475,48.5,159.0,103.75,116
b42b1297,0.15892472400000002,-3.2859446764961353,-0.02082973482862769,0.006339040026333866,48.0,171.0,109.5,131,3,-3.2859446764961353,deffro,0.15893,-3.28594,48.0,171.0,109.5,131
b42b1297,0.161276724,3.961555234396363,0.020933235182882967,0.005284095246515639,112.0,12.0,62.0,43,4,3.961555234396363,deffro,0.16128,3.96156,112.0,12.0,62.0,43
b42b1297,0.15582072399999997,-0.7075687964705933,-0.0027177109730099173,0.003840914108375136,22.0,119.0,70.5,48,5,-0.7075687964705933,deffro,0.15582,-0.70757,22.0,119.0,70.5,48
b42b1297,0.1581367334652,-4.4791026565338266,-0.02172390864590141,0.004850058217400303,58.0,187.0,122.5,137,6,-4.4791026565338266,deffro,0.15814,-4.4791,58.0,187.0,122.5,137
b42b1297,0.1592068534652,2.7914934738608355,0.015398715212226969,0.005516299914872967,37.0,42.0,39.5,23,7,2.7914934738608355,deffro,0.15921,2.79149,37.0,42.0,39.5,23
b42b1297,0.16064101346520002,2.6106060910394584,0.018117227630363136,0.006939854960328177,99.0,55.0,77.0,58,8,2.6106060910394584,deffro,0.16064,2.61061,99.0,55.0,77.0,58
b42b1297,0.16341185346520004,-5.335443443777898,-0.037967995408795564,0.00711618365162753,118.0,183.0,150.5,174,9,-5.335443443777898,deffro,0.16341,-5.33544,118.0,183.0,150.5,174
b42b1297,0.15685005346519998,3.9336781052804883,0.014964035816671339,0.0038040824429899146,23.0,22.0,22.5,7,10,3.9336781052804883,deffro,0.15685,3.93368,23.0,22.0,22.5,7
b42b1297,0.15973897346520002,-1.3329941063204573,-0.005890061583654101,0.004418670387007777,69.0,179.0,124.0,136,11,-1.3329941063204573,deffro,0.15974,-1.33299,69.0,179.0,124.0,136
b42b1297,0.15969789346520002,-6.554425190872713,-0.025210689581710456,0.003846361633178345,63.5,188.0,125.75,138,12,-6.554425190872713,deffro,0.1597,-6.55443,63.5,188.0,125.75,138
b4329c4b,0.2736000000000001,1.498394523663483,0.016634356730385724,0.01110145323390247,215.0,53.0,134.0,150,10,1.498394523663483,Old School,0.2736,1.49839,215.0,53.0,134.0,150
b4329c4b,0.23096000000000003,0.07963824649577658,0.0006810445644554689,0.008551727272041159,203.0,134.0,168.5,189,11,0.07963824649577658,Old School,0.23096,0.07964,203.0,134.0,168.5,189
b4329c4b,0.32464000000000004,10.410167751800726,0.10459384566277394,0.010047277638218803,218.0,1.0,109.5,114,12,10.410167751800726,Old School,0.32464,10.41017,218.0,1.0,109.5,114
b4977cb7,0.16799267252000002,4.174752139883228,0.04887652538559003,0.011707647244168404,107.0,31.0,69.0,63,1,4.174752139883228,DLM_CX,0.16799,4.17475,107.0,31.0,69.0,63
b4977cb7,0.16400234588,-5.711460557802329,-0.06478775001395962,0.011343464488335505,86.0,103.0,94.5,100,2,-5.711460557802329,DLM_CX,0.164,-5.71146,86.0,103.0,94.5,100
b4977cb7,0.1570755834,1.349629058956,0.008555866627654684,0.006339420873371709,38.0,57.0,47.5,25,3,1.349629058956,DLM_CX,0.15708,1.34963,38.0,57.0,47.5,25
b4977cb7,0.15693661536000003,-0.8820858326412833,-0.009857262505573963,0.011174947086563858,26.0,53.0,39.5,16,4,-0.8820858326412833,DLM_CX,0.15694,-0.88209,26.0,53.0,39.5,16
b4977cb7,0.16800659460000003,-0.8309863448356413,-0.007791488419172156,0.009376193083790342,136.0,127.0,131.5,148,5,-0.8309863448356413,DLM_CX,0.16801,-0.83099,136.0,127.0,131.5,148
b4977cb7,0.15314316512,0.9860807112736045,0.00740778430069893,0.007512350881634391,25.0,143.0,84.0,80,6,0.9860807112736045,DLM_CX,0.15314,0.98608,25.0,143.0,84.0,80
b4977cb7,0.15287166296,-1.2910629124059514,-0.007325047955568996,0.005673656864574053,3.0,64.0,33.5,18,7,-1.2910629124059514,DLM_CX,0.15287,-1.29106,3.0,64.0,33.5,18
b4977cb7,0.14604852304,0.5658701748077632,0.004786022568142786,0.008457810256157586,3.0,64.0,33.5,19,8,0.5658701748077632,DLM_CX,0.14605,0.56587,3.0,64.0,33.5,19
b4977cb7,0.18095033900000002,-6.063398244943722,-0.11761692633377997,0.019397856050748594,166.0,188.0,177.0,195,9,-6.063398244943722,DLM_CX,0.18095,-6.0634,166.0,188.0,177.0,195
b4977cb7,0.15313370816000002,2.136359066544361,0.02110289860214131,0.009877973666793768,8.0,44.0,26.0,9,10,2.136359066544361,DLM_CX,0.15313,2.13636,8.0,44.0,26.0,9
b4977cb7,0.15279610456000003,-0.3345407103406019,-0.004528910378120371,0.01353769582634474,18.0,147.0,82.5,52,11,-0.3345407103406019,DLM_CX,0.1528,-0.33454,18.0,147.0,82.5,52
b4977cb7,0.19325643339999998,-9.481260589474001,-0.13622628836268433,0.01436795108383809,185.0,215.0,200.0,214,12,-9.481260589474001,DLM_CX,0.19326,-9.48126,185.0,215.0,200.0,214
b4dd7019,0.2073613023174,5.087419777422604,0.10369149352468587,0.020381941742817655,132.0,9.0,70.5,67,1,5.087419777422604,CUFE,0.20736,5.08742,132.0,9.0,70.5,67
b4dd7019,0.16677319075359998,0.7558078684132995,0.002489757957888846,0.0032941678195487745,95.0,35.0,65.0,40,2,0.7558078684132995,CUFE,0.16677,0.75581,95.0,35.0,65.0,40
b4dd7019,0.158798030464,0.9745196000469757,0.01714637607472031,0.01759469596495934,47.0,97.0,72.0,40,3,0.9745196000469757,CUFE,0.1588,0.97452,47.0,97.0,72.0,40
b4dd7019,0.15241963569880002,0.006686610508456455,8.034471943219393e-05,0.012015761846840516,6.0,42.0,24.0,8,4,0.006686610508456455,CUFE,0.15242,0.00669,6.0,42.0,24.0,8
b4dd7019,0.1546669141772,-1.3445319507665967,-0.03029007844018372,0.022528344099902994,12.0,140.0,76.0,68,5,-1.3445319507665967,CUFE,0.15467,-1.34453,12.0,140.0,76.0,68
b4dd7019,0.154034055474,5.451028289568309,0.059068346915778495,0.010836184253312026,30.0,82.0,56.0,34,6,5.451028289568309,CUFE,0.15403,5.45103,30.0,82.0,56.0,34
b4dd7019,0.17274656378779998,-9.130035388258403,-0.03167025050138971,0.0034687982197877287,149.0,207.0,178.0,201,7,-9.130035388258403,CUFE,0.17275,-9.13003,149.0,207.0,178.0,201
b4dd7019,0.17174457499239995,-5.3229187569873115,-0.09554166238814726,0.017949111521330517,154.0,181.0,167.5,189,8,-5.3229187569873115,CUFE,0.17175,-5.32292,154.0,181.0,167.5,189
b4dd7019,0.1628184149924,4.980783568521129,0.12246107594625043,0.02458670895081896,116.0,105.0,110.5,121,9,4.980783568521129,CUFE,0.16282,4.98078,116.0,105.0,110.5,121
b4dd7019,0.15806709295180002,-0.5507271686752582,-0.00460680242158498,0.008364944901240975,37.0,139.0,88.0,60,10,-0.5507271686752582,CUFE,0.15807,-0.55073,37.0,139.0,88.0,60
b4dd7019,0.16173650505200002,1.0997761388009852,0.006844598052109124,0.0062236284373030195,133.0,44.0,88.5,63,11,1.0997761388009852,CUFE,0.16174,1.09978,133.0,44.0,88.5,63
b4dd7019,0.16565715020739996,-2.3782764968908032,-0.018605107477146214,0.007822937114952473,142.0,159.0,150.5,170,12,-2.3782764968908032,CUFE,0.16566,-2.37828,142.0,159.0,150.5,170
b5188797,0.15627691842000002,-2.58352320214484,-0.009492305338569654,0.0036741707334732457,29.0,143.0,86.0,98,1,-2.58352320214484,Cognitive outside,0.15628,-2.58352,29.0,143.0,86.0,98
b5188797,0.15978927353999997,-2.544765990102947,-0.00544449143503552,0.0021394860887838517,28.0,53.0,40.5,18,2,-2.544765990102947,Cognitive outside,0.15979,-2.54477,28.0,53.0,40.5,18
b5188797,0.15645225374,-2.866751664359255,-0.012252897020703857,0.004274139672800187,29.0,170.0,99.5,107,3,-2.866751664359255,Cognitive outside,0.15645,-2.86675,29.0,170.0,99.5,107
b5188797,0.15549985373999997,2.075355745377005,0.008743319686254284,0.004212925762597867,11.0,27.0,19.0,6,4,2.075355745377005,Cognitive outside,0.1555,2.07536,11.0,27.0,19.0,6
b5188797,0.15646705373999997,4.071446114841495,0.013904454568443012,0.003415114476833577,30.0,6.0,18.0,4,5,4.071446114841495,Cognitive outside,0.15647,4.07145,30.0,6.0,18.0,4
b5188797,0.15606265374,-2.1017472153866383,-0.007690057131637795,0.0036588877460333063,45.0,166.0,105.5,113,6,-2.1017472153866383,Cognitive outside,0.15606,-2.10175,45.0,166.0,105.5,113
b5188797,0.15745705374,4.953087674974637,0.017691020159251686,0.003571715527797976,17.0,27.0,22.0,12,7,4.953087674974637,Cognitive outside,0.15746,4.95309,17.0,27.0,22.0,12
b5188797,0.15803985373999999,0.8799928974220251,0.003494554360767533,0.003971116552196014,28.0,63.0,45.5,33,8,0.8799928974220251,Cognitive outside,0.15804,0.87999,28.0,63.0,45.5,33
b5188797,0.15915225374000003,-2.761468470741821,-0.012046362909007211,0.004362303258806053,42.0,163.0,102.5,106,9,-2.761468470741821,Cognitive outside,0.15915,-2.76147,42.0,163.0,102.5,106
b5188797,0.15856345373999997,3.6877778680023785,0.010323640484890815,0.002799420370317206,45.0,26.0,35.5,16,10,3.6877778680023785,Cognitive outside,0.15856,3.68778,45.0,26.0,35.5,16
b5188797,0.15668665374,-0.16121172278517937,-0.0004887315131737475,0.0030316127433549014,40.0,142.0,91.0,66,11,-0.16121172278517937,Cognitive outside,0.15669,-0.16121,40.0,142.0,91.0,66
b5188797,0.15678505374,-4.379124272602328,-0.01464912378625556,0.003345217644976813,33.0,174.0,103.5,105,12,-4.379124272602328,Cognitive outside,0.15679,-4.37912,33.0,174.0,103.5,105
b57b89cd,0.16,0.2590690877115432,0.00598700594642734,0.023109688613616022,63.5,107.0,85.25,96,1,0.2590690877115432,ott rush rush rush,0.16,0.25907,63.5,107.0,85.25,96
b57b89cd,0.16,1.1585985712865852,0.0018127148385310345,0.001564575413309957,48.5,33.0,40.75,19,2,1.1585985712865852,ott rush rush rush,0.16,1.1586,48.5,33.0,40.75,19
b57b89cd,0.16,-0.2983699614108059,-0.0013380923166183868,0.004484675033275404,76.5,129.0,102.75,112,3,-0.2983699614108059,ott rush rush rush,0.16,-0.29837,76.5,129.0,102.75,112
b57b89cd,0.16,1.994407022568553,0.008322186447636376,0.004172762306521772,83.5,28.0,55.75,37,4,1.994407022568553,ott rush rush rush,0.16,1.99441,83.5,28.0,55.75,37
b57b89cd,0.16,1.4903004844202077,0.0042202482890311595,0.002831810318221175,79.5,38.0,58.75,37,5,1.4903004844202077,ott rush rush rush,0.16,1.4903,79.5,38.0,58.75,37
b57b89cd,0.16,-3.451424703160423,-0.011228652384492204,0.0032533383603038707,88.5,176.0,132.25,150,6,-3.451424703160423,ott rush rush rush,0.16,-3.45142,88.5,176.0,132.25,150
b57b89cd,0.16,6.916180801222226,0.027162459643541213,0.003927378480149199,64.0,12.0,38.0,21,7,6.916180801222226,ott rush rush rush,0.16,6.91618,64.0,12.0,38.0,21
b57b89cd,0.16,5.481630529324055,0.02524354693141368,0.004605116451459651,69.0,21.0,45.0,32,8,5.481630529324055,ott rush rush rush,0.16,5.48163,69.0,21.0,45.0,32
b57b89cd,0.15999999999999998,-5.096530474819468,-0.029183361851781775,0.005726123290338125,73.0,181.0,127.0,135,9,-5.096530474819468,ott rush rush rush,0.16,-5.09653,73.0,181.0,127.0,135
b57b89cd,0.16,0.7999685009009031,0.0023942991597128436,0.002992991795322501,83.5,71.0,77.25,50,10,0.7999685009009031,ott rush rush rush,0.16,0.79997,83.5,71.0,77.25,50
b57b89cd,0.16,-1.5562326784068015,-0.005394735376570184,0.0034665352112340057,92.0,183.0,137.5,159,11,-1.5562326784068015,ott rush rush rush,0.16,-1.55623,92.0,183.0,137.5,159
b57b89cd,0.16,-5.669433524133767,-0.015968676558663766,0.002816626474353735,91.5,183.0,137.25,154,12,-5.669433524133767,ott rush rush rush,0.16,-5.66943,91.5,183.0,137.25,154
b681845b,0.1625331048,4.426475166221797,0.009327379362280518,0.002107179869313911,93.0,18.0,55.5,34,1,4.426475166221797,Ludo,0.16253,4.42647,93.0,18.0,55.5,34
b681845b,0.15979870480000002,-6.320450313154045,-0.013163124983671212,0.002082624549120539,29.0,140.0,84.5,81,2,-6.320450313154045,Ludo,0.1598,-6.32045,29.0,140.0,84.5,81
b681845b,0.15690830480000004,1.5968249823205454,0.0046784748386652295,0.0029298607489634553,35.0,48.0,41.5,21,3,1.5968249823205454,Ludo,0.15691,1.59682,35.0,48.0,41.5,21
b681845b,0.1578811048,-4.4281889729572,-0.013944981518334058,0.0031491387570619926,40.0,157.0,98.5,94,4,-4.4281889729572,Ludo,0.15788,-4.42819,40.0,157.0,98.5,94
b681845b,0.15769920192000003,-0.7454933870486546,-0.0038094650811149157,0.005109991781679334,44.0,121.0,82.5,77,5,-0.7454933870486546,Ludo,0.1577,-0.74549,44.0,121.0,82.5,77
b681845b,0.16399040191999997,4.987734873094807,0.029141550672413252,0.005842642284298364,121.0,92.0,106.5,115,6,4.987734873094807,Ludo,0.16399,4.98773,121.0,92.0,106.5,115
b681845b,0.16180320192,-7.582454806673449,-0.051656723073024144,0.006812664815035913,108.0,203.0,155.5,187,7,-7.582454806673449,Ludo,0.1618,-7.58246,108.0,203.0,155.5,187
b681845b,0.16144160192,-5.963526615779042,-0.04574438187788344,0.007670693001830034,109.0,192.0,150.5,175,8,-5.963526615779042,Ludo,0.16144,-5.96353,109.0,192.0,150.5,175
b681845b,0.16417040192,5.871555746441203,0.04510776816167944,0.007682421850294042,124.0,91.0,107.5,115,9,5.871555746441203,Ludo,0.16417,5.87156,124.0,91.0,107.5,115
b681845b,0.15828560192000002,2.332673874168321,0.010582597847574319,0.004536681258689615,40.0,40.0,40.0,20,10,2.332673874168321,Ludo,0.15829,2.33267,40.0,40.0,40.0,20
b681845b,0.15126320192,-1.4390954031210639,-0.008239284605102742,0.005725322023288829,7.0,181.0,94.0,94,11,-1.4390954031210639,Ludo,0.15126,-1.4391,7.0,181.0,94.0,94
b681845b,0.15458960192,-3.4224322794082287,-0.01147114720726258,0.0033517528677721713,15.0,166.0,90.5,85,12,-3.4224322794082287,Ludo,0.15459,-3.42243,15.0,166.0,90.5,85
b6b963b5,0.16,-1.390022084423455,-0.013434941411679717,0.009665271913469045,63.5,127.0,95.25,112,1,-1.390022084423455,ds,0.16,-1.39002,63.5,127.0,95.25,112
b6b963b5,0.16,1.0594124957030235,0.005383173062408467,0.00508128145008919,48.5,34.0,41.25,20,2,1.0594124957030235,ds,0.16,1.05941,48.5,34.0,41.25,20
b6b963b5,0.16,-2.06042464442719,-0.02086692582470362,0.010127487982218707,76.5,162.0,119.25,145,3,-2.06042464442719,ds,0.16,-2.06042,76.5,162.0,119.25,145
b6b963b5,0.16,2.5801003834457044,0.026907654343841073,0.010428917617502195,83.5,22.0,52.75,34,4,2.5801003834457044,ds,0.16,2.5801,83.5,22.0,52.75,34
b6b963b5,0.16,0.6221920189870012,0.0037926496245301346,0.0060956256409476234,79.5,60.0,69.75,46,5,0.6221920189870012,ds,0.16,0.62219,79.5,60.0,69.75,46
b6b963b5,0.16,-2.4674364496079586,-0.0172610499739938,0.006995539835174414,88.5,170.0,129.25,145,6,-2.4674364496079586,ds,0.16,-2.46744,88.5,170.0,129.25,145
b6b963b5,0.16,3.917099005425958,0.03439598932286603,0.008780985437238317,64.0,33.0,48.5,28,7,3.917099005425958,ds,0.16,3.9171,64.0,33.0,48.5,28
b6b963b5,0.16,5.809291585053564,0.06115189480841567,0.010526566606804576,69.0,16.0,42.5,28,8,5.809291585053564,ds,0.16,5.80929,69.0,16.0,42.5,28
b6b963b5,0.15999999999999998,-8.142401415686424,-0.08761646494911689,0.010760518976664898,73.0,204.0,138.5,147,9,-8.142401415686424,ds,0.16,-8.1424,73.0,204.0,138.5,147
b6b963b5,0.16,-2.6005696577593205,-0.014524140791391702,0.005584984331435237,83.5,181.0,132.25,146,10,-2.6005696577593205,ds,0.16,-2.60057,83.5,181.0,132.25,146
b6b963b5,0.16,-0.9471487923193614,-0.007164954297709605,0.007564761055297541,92.0,174.0,133.0,155,11,-0.9471487923193614,ds,0.16,-0.94715,92.0,174.0,133.0,155
b6b963b5,0.16,-5.4476842351226376,-0.027598121839649346,0.0050660281779397335,91.5,181.0,136.25,152,12,-5.4476842351226376,ds,0.16,-5.44768,91.5,181.0,136.25,152
b875c91c,0.16354870255999998,-4.0836068561542875,-0.038723099237802185,0.00948257278475368,97.0,154.0,125.5,143,1,-4.0836068561542875,Alcácer,0.16355,-4.08361,97.0,154.0,125.5,143
b875c91c,0.16027350256000003,6.225884153803579,0.053720939347107144,0.008628644224658021,67.0,5.0,36.0,15,2,6.225884153803579,Alcácer,0.16027,6.22588,67.0,5.0,36.0,15
b875c91c,0.15742230256,-1.6166966009223203,-0.01931901565778886,0.01194968533166175,42.0,158.0,100.0,109,3,-1.6166966009223203,Alcácer,0.15742,-1.6167,42.0,158.0,100.0,109
b875c91c,0.15695510256,4.080109406655164,0.05323228296929426,0.013046778324734581,28.0,11.0,19.5,7,4,4.080109406655164,Alcácer,0.15696,4.08011,28.0,11.0,19.5,7
b875c91c,0.15750630256,-0.9781271216116961,-0.007483887605508639,0.00765124229780804,41.0,133.0,87.0,85,5,-0.9781271216116961,Alcácer,0.15751,-0.97813,41.0,133.0,87.0,85
b875c91c,0.16556150255999996,-5.778938232087796,-0.042191884823398716,0.007300975218791319,130.0,192.0,161.0,175,6,-5.778938232087796,Alcácer,0.16556,-5.77894,130.0,192.0,161.0,175
b875c91c,0.16118550256000003,5.403210838962774,0.056569374521770195,0.010469584883463388,101.0,22.0,61.5,37,7,5.403210838962774,Alcácer,0.16119,5.40321,101.0,22.0,61.5,37
b875c91c,0.16254710256000002,4.99325162919612,0.06687309546319258,0.013392694866843451,121.0,27.0,74.0,56,8,4.99325162919612,Alcácer,0.16255,4.99325,121.0,27.0,74.0,56
b875c91c,0.16642070255999997,-7.890070318082574,-0.10114494284632264,0.012819270141929818,136.0,200.0,168.0,187,9,-7.890070318082574,Alcácer,0.16642,-7.89007,136.0,200.0,168.0,187
b875c91c,0.16107030256000002,-1.634409148615186,-0.011897365688202238,0.007279306835918487,119.0,165.0,142.0,160,10,-1.634409148615186,Alcácer,0.16107,-1.63441,119.0,165.0,142.0,160
b875c91c,0.15251670256,-0.9396647895428464,-0.009055706509677503,0.009637167009400415,14.0,173.0,93.5,92,11,-0.9396647895428464,Alcácer,0.15252,-0.93966,14.0,173.0,93.5,92
b875c91c,0.15613590256,-4.6198663992910145,-0.025655933389280856,0.005553392927816729,29.0,176.0,102.5,103,12,-4.6198663992910145,Alcácer,0.15614,-4.61987,29.0,176.0,102.5,103
b974c16c,0.16,-1.4172704579888098,-0.010476760139544994,0.007392209497128821,63.5,129.0,96.25,113,1,-1.4172704579888098,Airlab,0.16,-1.41727,63.5,129.0,96.25,113
b974c16c,0.16,-1.8473199508128026,-0.009284249122632423,0.005025793782255989,48.5,47.0,47.75,25,2,-1.8473199508128026,Airlab,0.16,-1.84732,48.5,47.0,47.75,25
b974c16c,0.16,0.8730492766522914,0.003864783297252661,0.004426764216645568,76.5,99.0,87.75,81,3,0.8730492766522914,Airlab,0.16,0.87305,76.5,99.0,87.75,81
b974c16c,0.16,-9.838024300764337,-0.0437351872261587,0.004445525431641882,83.5,195.0,139.25,162,4,-9.838024300764337,Airlab,0.16,-9.83802,83.5,195.0,139.25,162
b974c16c,0.16,-3.681926848978647,-0.01840266247194621,0.004998106487925213,79.5,181.0,130.25,146,5,-3.681926848978647,Airlab,0.16,-3.68193,79.5,181.0,130.25,146
b974c16c,0.16,1.7876171535293535,0.009657883621240787,0.005402657723535992,88.5,136.0,112.25,122,6,1.7876171535293535,Airlab,0.16,1.78762,88.5,136.0,112.25,122
b974c16c,0.16,-4.066716415292529,-0.023491392414479593,0.005776501239708351,64.0,86.0,75.0,50,7,-4.066716415292529,Airlab,0.16,-4.06672,64.0,86.0,75.0,50
b974c16c,0.16,-1.5707149965952512,-0.011029081055073333,0.007021694628866751,69.0,82.0,75.5,57,8,-1.5707149965952512,Airlab,0.16,-1.57072,69.0,82.0,75.5,57
b974c16c,0.15999999999999998,6.450906004439145,0.03633988901257518,0.005633300033757761,73.0,81.0,77.0,61,9,6.450906004439145,Airlab,0.16,6.45091,73.0,81.0,77.0,61
b974c16c,0.16,-2.392915957932863,-0.010121600124414154,0.004229818473507013,83.5,173.0,128.25,138,10,-2.392915957932863,Airlab,0.16,-2.39292,83.5,173.0,128.25,138
b974c16c,0.16,-0.0800873618866871,-0.0003516227656921462,0.0043904900524710175,92.0,140.0,116.0,121,11,-0.0800873618866871,Airlab,0.16,-0.08009,92.0,140.0,116.0,121
b974c16c,0.16,-2.9198428217189005,-0.011110588979112547,0.003805201052764815,91.5,163.0,127.25,140,12,-2.9198428217189005,Airlab,0.16,-2.91984,91.5,163.0,127.25,140
bb1459bc,0.15390819257580002,1.2376378651305755,0.011343921840565508,0.009165784402829887,7.0,65.0,36.0,16,3,1.2376378651305755,baran_STU,0.15391,1.23764,7.0,65.0,36.0,16
bb1459bc,0.15818500836699997,-1.4292916373980808,-0.010070732857622026,0.007045960806120049,43.0,59.0,51.0,32,4,-1.4292916373980808,baran_STU,0.15818,-1.42929,43.0,59.0,51.0,32
bb1459bc,0.16038389220680002,6.0147528207913075,0.03276324462100896,0.00544714730549785,103.0,2.0,52.5,31,5,6.0147528207913075,baran_STU,0.16038,6.01475,103.0,2.0,52.5,31
bb1459bc,0.1575560348832,3.3920036532330893,0.02487356854035889,0.007333001695517233,52.0,119.0,85.5,81,6,3.3920036532330893,baran_STU,0.15756,3.392,52.0,119.0,85.5,81
bb1459bc,0.16227232768900002,5.785234442934457,0.07234556828582148,0.012505209425726483,112.0,19.0,65.5,42,7,5.785234442934457,baran_STU,0.16227,5.78523,112.0,19.0,65.5,42
bb1459bc,0.15130781276820002,3.244525461887859,0.0490393371658142,0.015114486769131465,7.0,51.0,29.0,14,8,3.244525461887859,baran_STU,0.15131,3.24452,7.0,51.0,29.0,14
bb1459bc,0.1627840787808,0.13699491046777876,0.0013675994095170025,0.009982848303248918,115.0,148.0,131.5,140,9,0.13699491046777876,baran_STU,0.16278,0.137,115.0,148.0,131.5,140
bb1459bc,0.1572749086334,2.2534653220194523,0.003683606102361299,0.0016346406871086084,29.0,43.0,36.0,17,10,2.2534653220194523,baran_STU,0.15727,2.25346,29.0,43.0,36.0,17
bb1459bc,0.16512919254340003,-7.2180893816721206,-0.019465404716339882,0.0026967530723248797,145.0,224.0,184.5,205,11,-7.2180893816721206,baran_STU,0.16513,-7.21809,145.0,224.0,184.5,205
bb1459bc,0.16556739625220004,6.363100761056936,0.04276163368193009,0.006720250910316751,141.0,28.0,84.5,76,12,6.363100761056936,baran_STU,0.16557,6.3631,141.0,28.0,84.5,76
bbb3c357,0.17193724962,-2.5882855993795006,-0.016102270565707438,0.006221210893252157,111.0,144.0,127.5,145,1,-2.5882855993795006,Galloping Gargoyles,0.17194,-2.58829,111.0,144.0,127.5,145
bbb3c357,0.16399032548,9.644714279335838,0.1776439378938903,0.01841878699035171,85.0,2.0,43.5,21,2,9.644714279335838,Galloping Gargoyles,0.16399,9.64471,85.0,2.0,43.5,21
bbb3c357,0.15935585298000002,-1.874539218218127,-0.015024873718342492,0.008015235729570185,52.0,161.0,106.5,122,3,-1.874539218218127,Galloping Gargoyles,0.15936,-1.87454,52.0,161.0,106.5,122
bbb3c357,0.16665340516000005,4.488847259181185,0.014990739238440161,0.0033395520882959686,139.0,10.0,74.5,56,4,4.488847259181185,Galloping Gargoyles,0.16665,4.48885,139.0,10.0,74.5,56
bbb3c357,0.17534948128000002,-0.8956185417181468,-0.007610780450544041,0.008497792414998004,155.0,130.0,142.5,157,5,-0.8956185417181468,Galloping Gargoyles,0.17535,-0.89562,155.0,130.0,142.5,157
bbb3c357,0.16688432744,-3.962760688344906,-0.01598693606965331,0.004034292587153539,136.0,181.0,158.5,171,6,-3.962760688344906,Galloping Gargoyles,0.16688,-3.96276,136.0,181.0,158.5,171
bbb3c357,0.17181917057999999,-4.049134717593349,-0.02768496680712771,0.006837255052749295,146.0,85.0,115.5,120,7,-4.049134717593349,Galloping Gargoyles,0.17182,-4.04913,146.0,85.0,115.5,120
bbb3c357,0.15053035374,5.73803185303834,0.06676421606976023,0.011635386100969092,5.0,18.0,11.5,5,8,5.73803185303834,Galloping Gargoyles,0.15053,5.73803,5.0,18.0,11.5,5
bbb3c357,0.15805136552000001,9.854987135872225,0.132297201240747,0.013424391063808114,33.0,2.0,17.5,5,9,9.854987135872225,Galloping Gargoyles,0.15805,9.85499,33.0,2.0,17.5,5
bbb3c357,0.15407588136,4.181699106878267,0.023537146021603186,0.005628608233167258,11.0,19.0,15.0,3,10,4.181699106878267,Galloping Gargoyles,0.15408,4.1817,11.0,19.0,15.0,3
bbb3c357,0.15743281766,0.07932547281501075,0.0003410693850879447,0.004299619945327376,49.0,135.0,92.0,69,11,0.07932547281501075,Galloping Gargoyles,0.15743,0.07933,49.0,135.0,92.0,69
bbb3c357,0.17065182322000003,-4.242370445407838,-0.024287465163549,0.005724975099673111,159.0,173.0,166.0,184,12,-4.242370445407838,Galloping Gargoyles,0.17065,-4.24237,159.0,173.0,166.0,184
bbbd2099,0.17846299999999996,-4.071282808401667,-0.0637751797122958,0.01566464004433362,157.0,116.0,136.5,157,4,-4.071282808401667,Flashsale,0.17846,-4.07128,157.0,116.0,136.5,157
bbbd2099,0.168703,0.9466992105050719,0.008474683917864016,0.008951823159694727,142.0,51.0,96.5,95,5,0.9466992105050719,Flashsale,0.1687,0.9467,142.0,51.0,96.5,95
bbbd2099,0.17122299999999996,5.849339033660451,0.05097653894547116,0.008714922942938155,154.0,71.0,112.5,123,6,5.849339033660451,Flashsale,0.17122,5.84934,154.0,71.0,112.5,123
bbbd2099,0.17350300000000002,-5.235950028188081,-0.06273144280773374,0.011980909380344521,154.0,137.0,145.5,177,7,-5.235950028188081,Flashsale,0.1735,-5.23595,154.0,137.0,145.5,177
bbbd2099,0.16878300000000002,-4.5421898444453195,-0.06852106755288655,0.0150854697622737,145.0,127.0,136.0,157,8,-4.5421898444453195,Flashsale,0.16878,-4.54219,145.0,127.0,136.0,157
bbbd2099,0.16410300000000003,7.957281891050016,0.10885304467099154,0.013679676824497625,123.0,27.0,75.0,58,9,7.957281891050016,Flashsale,0.1641,7.95728,123.0,27.0,75.0,58
bbbd2099,0.18090299999999998,-0.8332232276064405,-0.006672376190589587,0.008007909488741685,173.0,150.0,161.5,187,10,-0.8332232276064405,Flashsale,0.1809,-0.83322,173.0,150.0,161.5,187
bbbd2099,0.17530300000000004,0.3307863126101289,0.0034294514587544546,0.010367573651079305,169.0,123.0,146.0,168,11,0.3307863126101289,Flashsale,0.1753,0.33079,169.0,123.0,146.0,168
bbbd2099,0.17290300000000003,5.130449905693839,0.03588534070727681,0.0069945796892882245,161.0,49.0,105.0,108,12,5.130449905693839,Flashsale,0.1729,5.13045,161.0,49.0,105.0,108
bbf60ff1,0.1594088112726,-3.1494956037740423,-0.013899433092791093,0.004413225113296045,43.0,151.0,97.0,114,1,-3.1494956037740423,Handel,0.15941,-3.1495,43.0,151.0,97.0,114
bbf60ff1,0.15820286507880002,-7.68292218188029,-0.05086140738302866,0.006620060203522851,16.0,169.0,92.5,96,2,-7.68292218188029,Handel,0.1582,-7.68292,16.0,169.0,92.5,96
bbf60ff1,0.15666658590180002,-1.5406584262529215,-0.02278881531044629,0.014791607874999007,31.0,156.0,93.5,93,3,-1.5406584262529215,Handel,0.15667,-1.54066,31.0,156.0,93.5,93
bbf60ff1,0.1578577137536,1.061317669336794,0.005911378727712988,0.005569848593406482,39.0,35.0,37.0,14,4,1.061317669336794,Handel,0.15786,1.06132,39.0,35.0,37.0,14
bbf60ff1,0.1585856654926,-2.0140103304039974,-0.00787765833012107,0.003911428959026671,56.0,155.0,105.5,109,5,-2.0140103304039974,Handel,0.15859,-2.01401,56.0,155.0,105.5,109
bbf60ff1,0.16,-0.38497722920647176,-0.001206613480586345,0.003134246363280909,88.5,151.0,119.75,133,6,-0.38497722920647176,Handel,0.16,-0.38498,88.5,151.0,119.75,133
bbf60ff1,0.1585279258132,-5.6095350385155776,-0.023759623857577662,0.0042355781173380545,27.0,181.0,104.0,77,7,-5.6095350385155776,Handel,0.15853,-5.60954,27.0,181.0,104.0,77
bbf60ff1,0.1545254703054,-3.331000909389672,-0.055106029802785575,0.016543384796878505,16.0,98.0,57.0,39,8,-3.331000909389672,Handel,0.15452,-3.331,16.0,98.0,57.0,39
bbf60ff1,0.15908790876520004,5.951892527573218,0.0922172550661911,0.015493770198130762,41.0,89.0,65.0,49,9,5.951892527573218,Handel,0.15909,5.95189,41.0,89.0,65.0,49
bbf60ff1,0.1574118924192,-5.786563260457925,-0.01781727719033254,0.0030790775782381327,30.0,204.0,117.0,117,10,-5.786563260457925,Handel,0.15741,-5.78656,30.0,204.0,117.0,117
bbf60ff1,0.15686373377819998,-6.003482081931655,-0.03252339201979232,0.005417421352464123,44.0,222.0,133.0,155,11,-6.003482081931655,Handel,0.15686,-6.00348,44.0,222.0,133.0,155
bbf60ff1,0.1581668381792,2.448780240452203,0.011297170531996335,0.004613386838628748,51.0,121.0,86.0,79,12,2.448780240452203,Handel,0.15817,2.44878,51.0,121.0,86.0,79
bc4b0314,0.15868205519999998,4.610283339626928,0.048553939750737955,0.010531660675473153,40.0,15.0,27.5,7,1,4.610283339626928,MarcoGorelli (Слава Україні!),0.15868,4.61028,40.0,15.0,27.5,7
bc4b0314,0.1585317627334,-5.268628425123812,-0.015631533551944972,0.0029669075688475094,18.0,92.0,55.0,32,2,-5.268628425123812,MarcoGorelli (Слава Україні!),0.15853,-5.26863,18.0,92.0,55.0,32
bc4b0314,0.15637015994200001,-0.5284472587066253,-0.0011160627625631222,0.0021119662259100097,26.0,135.0,80.5,71,3,-0.5284472587066253,MarcoGorelli (Слава Україні!),0.15637,-0.52845,26.0,135.0,80.5,71
bc4b0314,0.1559759608054,-4.376232514203666,-0.014349615220395417,0.0032789883018833578,16.0,151.0,83.5,63,4,-4.376232514203666,MarcoGorelli (Слава Україні!),0.15598,-4.37623,16.0,151.0,83.5,63
bc4b0314,0.15735247536000002,-0.46240427019274116,-0.0004457666358807929,0.0009640192892141474,40.0,115.0,77.5,69,5,-0.46240427019274116,MarcoGorelli (Слава Україні!),0.15735,-0.4624,40.0,115.0,77.5,69
bc4b0314,0.16186330784,4.2462036260889535,0.01474160487151253,0.003471714069701967,113.0,108.0,110.5,120,6,4.2462036260889535,MarcoGorelli (Слава Україні!),0.16186,4.2462,113.0,108.0,110.5,120
bc4b0314,0.16031662912000003,-5.27299710725435,-0.06368220384153285,0.012077041300463028,88.0,150.0,119.0,129,7,-5.27299710725435,MarcoGorelli (Слава Україні!),0.16032,-5.273,88.0,150.0,119.0,129
bc4b0314,0.15969982912,-4.834453883606947,-0.07309001273604356,0.015118566542517455,45.0,152.5,98.75,80,8,-4.834453883606947,MarcoGorelli (Слава Україні!),0.1597,-4.83445,45.0,152.5,98.75,80
bc4b0314,0.15999999999999998,7.838877206432681,0.1097793302513922,0.014004471222142108,73.0,43.5,58.25,24,9,7.838877206432681,MarcoGorelli (Слава Україні!),0.16,7.83888,73.0,43.5,58.25,24
bc4b0314,0.15832176254760003,1.0,0.0,0.0,41.0,63.0,52.0,31,10,,MarcoGorelli (Слава Україні!),0.15832,1.0,41.0,63.0,52.0,31
bc4b0314,0.16027456223999997,1.0,0.0,0.0,117.0,48.0,82.5,52,11,,MarcoGorelli (Слава Україні!),0.16028,1.0,117.0,48.0,82.5,52
bc4b0314,0.16,1.0,0.0,0.0,91.5,132.0,111.75,117,12,,MarcoGorelli (Слава Україні!),0.16,1.0,91.5,132.0,111.75,117
bc8c2b83,0.152660827322,5.299981106847471,0.016098850990122697,0.0030375298827619024,15.0,6.0,10.5,2,1,5.299981106847471,Simply MinVar,0.15266,5.29998,15.0,6.0,10.5,2
bc8c2b83,0.17465721099440004,-6.148821734782708,-0.02136236169629331,0.003474220365741052,118.0,134.0,126.0,155,2,-6.148821734782708,Simply MinVar,0.17466,-6.14882,118.0,134.0,126.0,155
bc8c2b83,0.1635129503114,-2.200051646940705,-0.006070689357123583,0.002759339475309689,121.0,165.0,143.0,170,3,-2.200051646940705,Simply MinVar,0.16351,-2.20005,121.0,165.0,143.0,170
bc8c2b83,0.155715244858,-2.6600696237766313,-0.009846475194566315,0.003701585517369576,13.0,82.0,47.5,29,4,-2.6600696237766313,Simply MinVar,0.15571,-2.66007,13.0,82.0,47.5,29
bc8c2b83,0.14858860125540002,-4.477897299079956,-0.009647182781429838,0.00215440018765325,3.0,187.0,95.0,93,5,-4.477897299079956,Simply MinVar,0.14859,-4.4779,3.0,187.0,95.0,93
bc8c2b83,0.14647808565620002,-0.9021138130358473,-0.001650977696735395,0.0018301212916576749,9.0,156.0,82.5,79,6,-0.9021138130358473,Simply MinVar,0.14648,-0.90211,9.0,156.0,82.5,79
bc8c2b83,0.17276249192040002,-11.01368513723815,-0.026923981534435846,0.002444593358076282,151.0,208.0,179.5,205,7,-11.01368513723815,Simply MinVar,0.17276,-11.01369,151.0,208.0,179.5,205
bc8c2b83,0.1659261255378,-7.235986617484624,-0.01835887695819958,0.002537162923137287,139.0,207.0,173.0,193,8,-7.235986617484624,Simply MinVar,0.16593,-7.23599,139.0,207.0,173.0,193
bc8c2b83,0.1554409902446,8.229116620672643,0.01706118662754508,0.0020732707305040608,18.0,14.0,16.0,4,9,8.229116620672643,Simply MinVar,0.15544,8.22912,18.0,14.0,16.0,4
bc8c2b83,0.16357189784159998,3.5348758502802373,0.007341130144932772,0.0020767717045425465,133.0,30.0,81.5,54,10,3.5348758502802373,Simply MinVar,0.16357,3.53488,133.0,30.0,81.5,54
bc8c2b83,0.164939139942,1.852774365579588,0.004288337051231842,0.002314548997924179,144.0,30.0,87.0,61,11,1.852774365579588,Simply MinVar,0.16494,1.85277,144.0,30.0,87.0,61
bc8c2b83,0.15746102126460002,-14.820571197879502,-0.02217300196472084,0.0014960963156327813,44.0,226.0,135.0,149,12,-14.820571197879502,Simply MinVar,0.15746,-14.82057,44.0,226.0,135.0,149
bc9c8c4c,0.16,-2.472852410959991,-0.06306271815126811,0.02550201454472829,63.5,142.0,102.75,117,1,-2.472852410959991,geo,0.16,-2.47285,63.5,142.0,102.75,117
bc9c8c4c,0.16,3.6833262096663253,0.06121942309132295,0.016620689997715096,48.5,16.0,32.25,13,2,3.6833262096663253,geo,0.16,3.68333,48.5,16.0,32.25,13
bc9c8c4c,0.16,6.344686173667849,0.09669316149196833,0.015240022728511129,76.5,7.0,41.75,22,3,6.344686173667849,geo,0.16,6.34469,76.5,7.0,41.75,22
bc9c8c4c,0.16,-3.003265786530786,-0.05717452473185593,0.019037450827121404,83.5,93.0,88.25,70,4,-3.003265786530786,geo,0.16,-3.00327,83.5,93.0,88.25,70
bc9c8c4c,0.16,-1.7516370447445202,-0.032915335823271406,0.018791185035751612,79.5,149.0,114.25,126,5,-1.7516370447445202,geo,0.16,-1.75164,79.5,149.0,114.25,126
bc9c8c4c,0.16,2.00242300291154,0.034337835106201656,0.01714814255343359,88.5,132.0,110.25,119,6,2.00242300291154,geo,0.16,2.00242,88.5,132.0,110.25,119
bc9c8c4c,0.16,1.8098115724158395,0.024430484589391177,0.013498910583702355,64.0,47.0,55.5,33,7,1.8098115724158395,geo,0.16,1.80981,64.0,47.0,55.5,33
bc9c8c4c,0.16,5.53537590387045,0.07606696610014127,0.013741969365974526,69.0,20.0,44.5,31,8,5.53537590387045,geo,0.16,5.53538,69.0,20.0,44.5,31
bc9c8c4c,0.15999999999999998,3.2452357318269005,0.056129682421346146,0.017296026255001214,73.0,126.0,99.5,100,9,3.2452357318269005,geo,0.16,3.24524,73.0,126.0,99.5,100
bc9c8c4c,0.16,-8.398474707397828,-0.06294369027256137,0.007494657359284203,83.5,216.0,149.75,172,10,-8.398474707397828,geo,0.16,-8.39847,83.5,216.0,149.75,172
bc9c8c4c,0.16,0.6544611078310457,0.008763698065821966,0.013390708723495888,92.0,68.0,80.0,49,11,0.6544611078310457,geo,0.16,0.65446,92.0,68.0,80.0,49
bc9c8c4c,0.16,-5.548928229628473,-0.09081296861974708,0.016365857488451863,91.5,182.0,136.75,153,12,-5.548928229628473,geo,0.16,-5.54893,91.5,182.0,136.75,153
bcb7f00b,0.15159209799999998,0.3826884469551196,0.0035716726242401332,0.009333108048226516,5.0,82.0,43.5,25,10,0.3826884469551196,Simon,0.15159,0.38269,5.0,82.0,43.5,25
bcb7f00b,0.162628996,1.7054085448867193,0.016385094305338365,0.009607723823400178,136.0,33.0,84.5,59,11,1.7054085448867193,Simon,0.16263,1.70541,136.0,33.0,84.5,59
bcb7f00b,0.166264996,-1.0929588630424365,-0.008006568308413904,0.007325589808683432,145.0,151.0,148.0,168,12,-1.0929588630424365,Simon,0.16626,-1.09296,145.0,151.0,148.0,168
bccf94bb,0.16237648384,4.143408752622719,0.027193130419023177,0.006562985223654391,92.0,32.0,62.0,54,1,4.143408752622719,namaste_STU,0.16238,4.14341,92.0,32.0,62.0,54
bccf94bb,0.16107568384,-7.685390739204115,-0.046498322449489,0.00605022230194431,74.0,170.0,122.0,148,2,-7.685390739204115,namaste_STU,0.16108,-7.68539,74.0,170.0,122.0,148
bccf94bb,0.15637968384,0.6022512122520585,0.005481630281342711,0.009101899954413873,27.0,111.0,69.0,37,3,0.6022512122520585,namaste_STU,0.15638,0.60225,27.0,111.0,69.0,37
bccf94bb,0.15741088384000002,-4.509017509434123,-0.04578528567735363,0.01015416009841568,30.0,162.0,96.0,89,4,-4.509017509434123,namaste_STU,0.15741,-4.50902,30.0,162.0,96.0,89
bccf94bb,0.15818048384,-1.077659075762643,-0.007051687715857203,0.006543523712141366,50.0,137.0,93.5,89,5,-1.077659075762643,namaste_STU,0.15818,-1.07766,50.0,137.0,93.5,89
bccf94bb,0.16425248384000002,4.885728302345724,0.031441631571540486,0.006435403204153782,125.0,93.0,109.0,118,6,4.885728302345724,namaste_STU,0.16425,4.88573,125.0,93.0,109.0,118
bccf94bb,0.16067968384,-5.748546177190583,-0.0497493542539118,0.008654249739057535,95.0,185.0,140.0,165,7,-5.748546177190583,namaste_STU,0.16068,-5.74855,95.0,185.0,140.0,165
bccf94bb,0.16154848384,-5.365710862778177,-0.05647911769637767,0.010525933867993545,112.0,183.0,147.5,170,8,-5.365710862778177,namaste_STU,0.16155,-5.36571,112.0,183.0,147.5,170
bccf94bb,0.16531168383999997,7.697357171221811,0.07566417323048703,0.00982988986315634,130.0,60.0,95.0,95,9,7.697357171221811,namaste_STU,0.16531,7.69736,130.0,60.0,95.0,95
bccf94bb,0.16008368383999996,0.3660634486448214,0.0020697689935784344,0.005654126357714177,107.0,84.0,95.5,89,10,0.3660634486448214,namaste_STU,0.16008,0.36606,107.0,84.0,95.5,89
bccf94bb,0.15225168383999999,0.5646607684422921,0.004241728163806118,0.007511993750703825,13.0,109.0,61.0,33,11,0.5646607684422921,namaste_STU,0.15225,0.56466,13.0,109.0,61.0,33
bccf94bb,0.15579088384,2.826305310090954,0.01292872337945392,0.0045744256055046855,23.0,116.0,69.5,43,12,2.826305310090954,namaste_STU,0.15579,2.82631,23.0,116.0,69.5,43
bfd7c457,0.1676299822498,-6.084562450415771,-0.011164060303918904,0.0018348172764922545,106.0,160.0,133.0,149,1,-6.084562450415771,Minore,0.16763,-6.08456,106.0,160.0,133.0,149
bfd7c457,0.15567172558240003,-1.3149534080078145,-0.002432618031402346,0.0018499651900882328,9.0,44.0,26.5,9,2,-1.3149534080078145,Minore,0.15567,-1.31495,9.0,44.0,26.5,9
bfd7c457,0.16094668787900002,11.445589987236838,0.01819650465001504,0.0015898267079553134,107.0,1.0,54.0,27,3,11.445589987236838,Minore,0.16095,11.44559,107.0,1.0,54.0,27
bfd7c457,0.159427106031,-6.185977480689081,-0.013292891125666752,0.002148874800654141,57.0,187.0,122.0,141,4,-6.185977480689081,Minore,0.15943,-6.18598,57.0,187.0,122.0,141
bfd7c457,0.1606341900892,-4.277419472457362,-0.008192605768163427,0.0019153150213385092,104.0,185.0,144.5,165,5,-4.277419472457362,Minore,0.16063,-4.27742,104.0,185.0,144.5,165
bfd7c457,0.15995978446960002,6.913670339673594,0.009012756867844345,0.001303613916348498,68.0,24.0,46.0,26,6,6.913670339673594,Minore,0.15996,6.91367,68.0,24.0,46.0,26
bfd7c457,0.1602261564024,-7.63496485907919,-0.011774313210957541,0.0015421568308799753,87.0,204.0,145.5,177,7,-7.63496485907919,Minore,0.16023,-7.63497,87.0,204.0,145.5,177
bfd7c457,0.16121682158880002,-5.012979716030032,-0.008839286650961915,0.00176327995557143,106.0,173.0,139.5,165,8,-5.012979716030032,Minore,0.16122,-5.01298,106.0,173.0,139.5,165
bfd7c457,0.1589535296336,3.4112067093241167,0.005862111141860051,0.001718486049478235,39.0,124.0,81.5,72,9,3.4112067093241167,Minore,0.15895,3.41121,39.0,124.0,81.5,72
bfd7c457,0.1565380310318,0.4924373648752994,0.0007635653785592969,0.0015505837554643232,20.0,76.0,48.0,29,10,0.4924373648752994,Minore,0.15654,0.49244,20.0,76.0,48.0,29
bfd7c457,0.158439803788,4.341021038814595,0.008150352069481236,0.001877519596566355,58.0,4.0,31.0,10,11,4.341021038814595,Minore,0.15844,4.34102,58.0,4.0,31.0,10
bfd7c457,0.158076323788,2.959397704007665,0.007002938967207122,0.0023663392580603906,50.0,113.0,81.5,74,12,2.959397704007665,Minore,0.15808,2.9594,50.0,113.0,81.5,74
c25cdff0,0.175505334,-5.913281375939376,-0.010583831141553843,0.0017898406094150239,121.0,107.0,114.0,135,2,-5.913281375939376,Pansos Ponso,0.1755,-5.91328,121.0,107.0,114.0,135
c25cdff0,0.154590158,3.835469423763783,0.005792337643414037,0.0015102030555962458,11.0,22.0,16.5,4,3,3.835469423763783,Pansos Ponso,0.15459,3.83547,11.0,22.0,16.5,4
c25cdff0,0.15419478199999997,-2.635610816212844,-0.004173599668385814,0.0015835417136369674,8.0,81.0,44.5,24,4,-2.635610816212844,Pansos Ponso,0.15419,-2.63561,8.0,81.0,44.5,24
c25cdff0,0.15465310399999999,-2.130849161631904,-0.002927438860666832,0.0013738367376623047,11.0,157.0,84.0,79,5,-2.130849161631904,Pansos Ponso,0.15465,-2.13085,11.0,157.0,84.0,79
c25cdff0,0.154807924,10.138185228660966,0.036317665656542174,0.0035822649554548484,35.0,5.0,20.0,9,6,10.138185228660966,Pansos Ponso,0.15481,10.13819,35.0,5.0,20.0,9
c25cdff0,0.15797521,-3.2711210501584684,-0.013422935561407934,0.00410346647390431,23.0,77.0,50.0,29,7,-3.2711210501584684,Pansos Ponso,0.15798,-3.27112,23.0,77.0,50.0,29
c25cdff0,0.155159046,-1.545177945398119,-0.005164145526190356,0.0033421040868272306,17.0,80.0,48.5,35,8,-1.545177945398119,Pansos Ponso,0.15516,-1.54518,17.0,80.0,48.5,35
c25cdff0,0.16055692600000002,4.182612964768201,0.01944591652098914,0.004649226855267214,103.0,114.0,108.5,116,9,4.182612964768201,Pansos Ponso,0.16056,4.18261,103.0,114.0,108.5,116
c25cdff0,0.15576380599999998,-3.441605294483515,-0.013662109537212272,0.003969690992488596,17.0,188.0,102.5,98,10,-3.441605294483515,Pansos Ponso,0.15576,-3.44161,17.0,188.0,102.5,98
c25cdff0,0.15430922200000002,-0.44397723679146245,-0.0020813013124972484,0.0046878559079704405,23.0,154.0,88.5,63,11,-0.44397723679146245,Pansos Ponso,0.15431,-0.44398,23.0,154.0,88.5,63
c25cdff0,0.15822801,-0.8387553879301602,-0.003931335721593813,0.004687106369945798,53.0,148.0,100.5,101,12,-0.8387553879301602,Pansos Ponso,0.15823,-0.83876,53.0,148.0,100.5,101
c261b5c3,0.159215706,-2.3436783144078888,-0.01632429358564708,0.006965244967832233,42.0,139.0,90.5,106,1,-2.3436783144078888,Alfa,0.15922,-2.34368,42.0,139.0,90.5,106
c261b5c3,0.16,-5.741961919636088,-0.061343716033710236,0.010683406976965472,48.5,104.0,76.25,55,2,-5.741961919636088,Alfa,0.16,-5.74196,48.5,104.0,76.25,55
c261b5c3,0.16,1.4003610865931042,0.020806929682357454,0.014858260402663715,76.5,52.0,64.25,34,3,1.4003610865931042,Alfa,0.16,1.40036,76.5,52.0,64.25,34
c261b5c3,0.16,-4.360352082231936,-0.06740499275958085,0.01545861239835436,83.5,150.0,116.75,136,4,-4.360352082231936,Alfa,0.16,-4.36035,83.5,150.0,116.75,136
c261b5c3,0.16,0.6211924001770606,0.0056868039413463176,0.00915465794450381,79.5,61.0,70.25,47,5,0.6211924001770606,Alfa,0.16,0.62119,79.5,61.0,70.25,47
c261b5c3,0.16,6.324061105398656,0.0539171963740838,0.008525723498790412,88.5,39.0,63.75,44,6,6.324061105398656,Alfa,0.16,6.32406,88.5,39.0,63.75,44
c261b5c3,0.16,-5.193233380742747,-0.06302985502778156,0.012136919411614601,64.0,134.0,99.0,72,7,-5.193233380742747,Alfa,0.16,-5.19323,64.0,134.0,99.0,72
c261b5c3,0.16,-4.555129875145052,-0.07019732695826521,0.015410609331096154,69.0,128.0,98.5,79,8,-4.555129875145052,Alfa,0.16,-4.55513,69.0,128.0,98.5,79
c261b5c3,0.15999999999999998,7.997870878295118,0.11166976544333496,0.013962436646281448,73.0,26.0,49.5,18,9,7.997870878295118,Alfa,0.16,7.99787,73.0,26.0,49.5,18
c261b5c3,0.16,-0.4477792470489259,-0.0037173346142202746,0.008301712593245988,83.5,130.0,106.75,102,10,-0.4477792470489259,Alfa,0.16,-0.44778,83.5,130.0,106.75,102
c261b5c3,0.16,0.6072174857788705,0.006460963987469681,0.010640279864770827,92.0,74.0,83.0,55,11,0.6072174857788705,Alfa,0.16,0.60722,92.0,74.0,83.0,55
c261b5c3,0.16,5.062693191634467,0.03405920996860927,0.006727488449208871,91.5,79.0,85.25,78,12,5.062693191634467,Alfa,0.16,5.06269,91.5,79.0,85.25,78
c29fbf4f,0.20566319999999996,-2.464452095253693,-0.005308752064776698,0.0021541307599368086,131.0,141.0,136.0,154,1,-2.464452095253693,idatafactory,0.20566,-2.46445,131.0,141.0,136.0,154
c29fbf4f,0.15787879999999999,-2.9434473234313634,-0.014896551849882356,0.0050609201432952776,14.0,57.0,35.5,14,2,-2.9434473234313634,idatafactory,0.15788,-2.94345,14.0,57.0,35.5,14
c29fbf4f,0.15356340000000002,0.12137396220025859,0.00028505239363555313,0.0023485464960370703,6.0,121.0,63.5,31,3,0.12137396220025859,idatafactory,0.15356,0.12137,6.0,121.0,63.5,31
c29fbf4f,0.15182720000000002,4.767677978780348,0.022750412361279383,0.004771801380574641,4.0,7.0,5.5,3,4,4.767677978780348,idatafactory,0.15183,4.76768,4.0,7.0,5.5,3
c29fbf4f,0.15582219999999997,-3.6606607906934197,-0.012734847118940797,0.003478838342879757,23.0,180.0,101.5,102,5,-3.6606607906934197,idatafactory,0.15582,-3.66066,23.0,180.0,101.5,102
c29fbf4f,0.1534652,-0.5645213964458329,-0.0016346225121591559,0.002895590003232059,28.0,154.0,91.0,89,6,-0.5645213964458329,idatafactory,0.15346,-0.56452,28.0,154.0,91.0,89
c29fbf4f,0.1559052,-5.27299710725435,-0.06368220384153285,0.012077041300463028,12.0,150.0,81.0,55,7,-5.27299710725435,idatafactory,0.1559,-5.273,12.0,150.0,81.0,55
c29fbf4f,0.1531814,7.339086341072321,0.03678356760919491,0.005012009111180511,9.0,11.0,10.0,4,8,7.339086341072321,idatafactory,0.15318,7.33909,9.0,11.0,10.0,4
c29fbf4f,0.16660899999999998,-7.274314162559335,-0.05557059382364346,0.0076392897779509646,137.0,195.0,166.0,184,9,-7.274314162559335,idatafactory,0.16661,-7.27431,137.0,195.0,166.0,184
c29fbf4f,0.1526492,-2.4045017139531035,-0.009396711788892861,0.003907966350934417,7.0,174.0,90.5,65,10,-2.4045017139531035,idatafactory,0.15265,-2.4045,7.0,174.0,90.5,65
c29fbf4f,0.1550492,-0.7046164737816717,-0.002229095520737103,0.0031635586218607165,32.0,167.0,99.5,99,11,-0.7046164737816717,idatafactory,0.15505,-0.70462,32.0,167.0,99.5,99
c29fbf4f,0.1638274,-8.636699962097069,-0.024163771228953378,0.00279780139810324,137.0,211.0,174.0,193,12,-8.636699962097069,idatafactory,0.16383,-8.6367,137.0,211.0,174.0,193
c34d255b,0.27575,4.090803343027105,0.048565959603791065,0.011871985898948962,145.0,33.0,89.0,102,1,4.090803343027105,MM_STU,0.27575,4.0908,145.0,33.0,89.0,102
c34d255b,0.3320000000000001,-5.2606550565820545,-0.05759102837927713,0.010947501358641655,170.5,91.0,130.75,159,2,-5.2606550565820545,MM_STU,0.332,-5.26065,170.5,91.0,130.75,159
c34d255b,0.16890533400000002,0.6345475640687279,0.01069418025312081,0.01685323663453938,130.0,110.0,120.0,146,3,0.6345475640687279,MM_STU,0.1689,0.63455,130.0,110.0,120.0,146
c34d255b,0.16,-2.8273150459428282,-0.058307957078816246,0.020623084492295135,83.5,86.0,84.75,64,4,-2.8273150459428282,MM_STU,0.16,-2.82732,83.5,86.0,84.75,64
c34d255b,0.17072049103999998,-3.353202989363792,-0.01591799678376557,0.004747102049669148,147.0,178.0,162.5,184,5,-3.353202989363792,MM_STU,0.17072,-3.3532,147.0,178.0,162.5,184
c34d255b,0.16,3.3517667227736276,0.018545394736436144,0.005533020723199258,88.5,120.0,104.25,109,6,3.3517667227736276,MM_STU,0.16,3.35177,88.5,120.0,104.25,109
c34d255b,0.16,-5.518299214665377,-0.03755479628403619,0.006805501989495412,64.0,178.0,121.0,135,7,-5.518299214665377,MM_STU,0.16,-5.5183,64.0,178.0,121.0,135
c34d255b,0.16,-2.8536805210563863,-0.02646669758488019,0.00927458325821373,69.0,94.0,81.5,62,8,-2.8536805210563863,MM_STU,0.16,-2.85368,69.0,94.0,81.5,62
c34d255b,0.15999999999999998,6.0467512311516,0.0466215681222896,0.0077101845834346575,73.0,88.0,80.5,71,9,6.0467512311516,MM_STU,0.16,6.04675,73.0,88.0,80.5,71
c34d255b,0.16,-1.0217349089268908,-0.006317180200647279,0.006182797656666244,83.5,155.0,119.25,122,10,-1.0217349089268908,MM_STU,0.16,-1.02174,83.5,155.0,119.25,122
c34d255b,0.16,1.095334580477693,0.006112644601807181,0.005580618662784625,92.0,45.0,68.5,39,11,1.095334580477693,MM_STU,0.16,1.09533,92.0,45.0,68.5,39
c34d255b,0.16,3.3388261630778926,0.014941703666493467,0.0044751367506715226,91.5,105.0,98.25,97,12,3.3388261630778926,MM_STU,0.16,3.33883,91.5,105.0,98.25,97
c3b8d4fc,0.20837028977800004,0.350145107066792,0.006578074646857057,0.018786710178423982,133.0,105.0,119.0,132,1,0.350145107066792,us3,0.20837,0.35014,133.0,105.0,119.0,132
c3b8d4fc,0.1786420848244,-5.8761494770803795,-0.05611064408656632,0.00954887963715406,131.0,106.0,118.5,141,2,-5.8761494770803795,us3,0.17864,-5.87615,131.0,106.0,118.5,141
c3b8d4fc,0.1719886448244,1.8613945465876671,0.02407490154002974,0.01293379825580996,137.0,42.0,89.5,84,3,1.8613945465876671,us3,0.17199,1.86139,137.0,42.0,89.5,84
c3b8d4fc,0.18876236482439995,-4.668063703904939,-0.06576421080790774,0.014088113397615917,165.0,167.0,166.0,184,4,-4.668063703904939,us3,0.18876,-4.66806,165.0,167.0,166.0,184
c3b8d4fc,0.17360644482440002,0.050129162158595746,0.0004332549057496642,0.008642771733925202,152.0,101.0,126.5,141,5,0.050129162158595746,us3,0.17361,0.05013,152.0,101.0,126.5,141
c3b8d4fc,0.13622556482440001,7.251358671458336,0.056402997325845104,0.00777826609899325,2.0,19.0,10.5,3,6,7.251358671458336,us3,0.13623,7.25136,2.0,19.0,10.5,3
c3b8d4fc,0.17358332482439998,-5.031952305085259,-0.056043813621219844,0.01113758839975139,155.0,126.0,140.5,168,7,-5.031952305085259,us3,0.17358,-5.03195,155.0,126.0,140.5,168
c3b8d4fc,0.16771620482439997,-4.244014986108634,-0.062101752775849145,0.014632783573837157,143.0,116.0,129.5,147,8,-4.244014986108634,us3,0.16772,-4.24402,143.0,116.0,129.5,147
c3b8d4fc,0.17488032482440002,8.15311774468324,0.10256989478382002,0.012580450570667553,158.0,17.0,87.5,82,9,8.15311774468324,us3,0.17488,8.15312,158.0,17.0,87.5,82
c3b8d4fc,0.1827240848244,-0.5335447376365864,-0.003966659131613853,0.007434538946414772,175.0,137.0,156.0,181,10,-0.5335447376365864,us3,0.18272,-0.53355,175.0,137.0,156.0,181
c3b8d4fc,0.1768651648244,0.6188250094712272,0.006048073305592535,0.009773479114492294,170.0,73.0,121.5,130,11,0.6188250094712272,us3,0.17686,0.61882,170.0,73.0,121.5,130
c3b8d4fc,0.17945828482439996,3.492344488006442,0.021093053497487226,0.006039797497047009,176.0,100.0,138.0,155,12,3.492344488006442,us3,0.17946,3.49234,176.0,100.0,138.0,155
c47b9db1,0.19450000000000003,-2.807587347866311,-0.03948962428434853,0.01406532349362507,127.0,146.0,136.5,155,1,-2.807587347866311,Numerical Stochastics,0.1945,-2.80759,127.0,146.0,136.5,155
c47b9db1,0.20800000000000002,-5.704315022128192,-0.06870440999795094,0.012044287479115833,150.0,101.0,125.5,152,2,-5.704315022128192,Numerical Stochastics,0.208,-5.70432,150.0,101.0,125.5,152
c47b9db1,0.169,1.3806399230441324,0.021115094007562406,0.015293700881114865,131.5,53.0,92.25,90,3,1.3806399230441324,Numerical Stochastics,0.169,1.38064,131.5,53.0,92.25,90
c47b9db1,0.1435,4.667393553991621,0.08093757934522182,0.017341065930899024,1.0,8.0,4.5,2,4,4.667393553991621,Numerical Stochastics,0.1435,4.66739,1.0,8.0,4.5,2
c47b9db1,0.17050000000000004,-1.0331945068152995,-0.008176910416063606,0.007914202371505023,146.0,136.0,141.0,154,5,-1.0331945068152995,Numerical Stochastics,0.1705,-1.0332,146.0,136.0,141.0,154
c47b9db1,0.18999999999999997,-2.0970748145002975,-0.013050670671571962,0.006223273762734949,170.0,165.0,167.5,179,6,-2.0970748145002975,Numerical Stochastics,0.19,-2.09707,170.0,165.0,167.5,179
c47b9db1,0.16149999999999998,7.254434194582772,0.03720799972338595,0.005129000929000213,106.0,10.0,58.0,35,7,7.254434194582772,Numerical Stochastics,0.1615,7.25443,106.0,10.0,58.0,35
c47b9db1,0.14350000000000002,7.576157115968137,0.0690969855322368,0.009120321090834067,1.0,8.0,4.5,1,8,7.576157115968137,Numerical Stochastics,0.1435,7.57616,1.0,8.0,4.5,1
c47b9db1,0.20049999999999993,-8.165026899852304,-0.13315733567339116,0.016308254376455247,180.0,205.0,192.5,205,9,-8.165026899852304,Numerical Stochastics,0.2005,-8.16503,180.0,205.0,192.5,205
c47b9db1,0.16149999999999998,0.7767529278773323,0.007590313772782928,0.009771850868364695,127.0,72.0,99.5,96,10,0.7767529278773323,Numerical Stochastics,0.1615,0.77675,127.0,72.0,99.5,96
c47b9db1,0.18400000000000002,-1.268743233171211,-0.01551591209837256,0.012229355548632715,174.0,178.0,176.0,197,11,-1.268743233171211,Numerical Stochastics,0.184,-1.26874,174.0,178.0,176.0,197
c47b9db1,0.20199999999999996,-6.630276063191943,-0.05708898852881494,0.00861034864683013,191.0,192.0,191.5,206,12,-6.630276063191943,Numerical Stochastics,0.202,-6.63028,191.0,192.0,191.5,206
c53b3306,0.1573524136326,-1.990557460243868,-0.0021578338943181105,0.00108403496880404,34.0,136.0,85.0,94,1,-1.990557460243868,TKIM,0.15735,-1.99056,34.0,136.0,85.0,94
c53b3306,0.1605574712,-7.523597456692258,-0.010110332311871983,0.0013438162222353905,69.0,167.0,118.0,140,2,-7.523597456692258,TKIM,0.16056,-7.5236,69.0,167.0,118.0,140
c53b3306,0.1573811018594,-0.4238670900915895,-0.0006047616718794365,0.0014267719434145245,41.0,132.0,86.5,77,3,-0.4238670900915895,TKIM,0.15738,-0.42387,41.0,132.0,86.5,77
c53b3306,0.1523979418594,-2.6269802652419707,-0.0039229476222978656,0.0014933296889219393,5.0,80.0,42.5,19,4,-2.6269802652419707,TKIM,0.1524,-2.62698,5.0,80.0,42.5,19
c53b3306,0.15395402185940002,0.8647830267102269,0.0009269009111415225,0.0010718306008706045,8.0,53.0,30.5,13,5,0.8647830267102269,TKIM,0.15395,0.86478,8.0,53.0,30.5,13
c53b3306,0.1556427418594,6.179077226892841,0.009643387595895019,0.0015606517351692353,42.0,42.0,42.0,21,6,6.179077226892841,TKIM,0.15564,6.17908,42.0,42.0,42.0,21
c53b3306,0.15899362185939997,-6.520359134277394,-0.008032407890020013,0.0012318965450528346,29.0,197.0,113.0,116,7,-6.520359134277394,TKIM,0.15899,-6.52036,29.0,197.0,113.0,116
c53b3306,0.1584695418594,-5.920094491989351,-0.010344551935339907,0.0017473626391162193,34.0,191.0,112.5,120,8,-5.920094491989351,TKIM,0.15847,-5.92009,34.0,191.0,112.5,120
c53b3306,0.15785302185939998,6.27733843588151,0.01202641142233912,0.0019158456318996097,31.0,86.0,58.5,43,9,6.27733843588151,TKIM,0.15785,6.27734,31.0,86.0,58.5,43
c53b3306,0.15843290185939998,0.44459199050994064,0.0003672665912255726,0.0008260755908002821,44.0,80.0,62.0,39,10,0.44459199050994064,TKIM,0.15843,0.44459,44.0,80.0,62.0,39
c53b3306,0.15817446185939998,-0.3443734463614027,-0.0004488525729688386,0.0013033890322013686,57.0,148.0,102.5,104,11,-0.3443734463614027,TKIM,0.15817,-0.34437,57.0,148.0,102.5,104
c53b3306,0.1541697818594,1.3147458180730893,0.0011746123091147531,0.0008934139914864168,13.0,129.0,71.0,44,12,1.3147458180730893,TKIM,0.15417,1.31475,13.0,129.0,71.0,44
c674f84b,0.16095120000000002,-4.607617764380543,-0.050630032424594996,0.010988331717963543,84.0,156.0,120.0,136,1,-4.607617764380543,MORPHEMIC,0.16095,-4.60762,84.0,156.0,120.0,136
c674f84b,0.15987020000000002,3.5736934402364753,0.05758278524199362,0.016112961619389295,30.0,18.0,24.0,7,2,3.5736934402364753,MORPHEMIC,0.15987,3.57369,30.0,18.0,24.0,7
c674f84b,0.1582895167326,-1.4747747464650813,-0.02591402254063388,0.01757151226161673,46.0,153.0,99.5,107,3,-1.4747747464650813,MORPHEMIC,0.15829,-1.47477,46.0,153.0,99.5,107
c674f84b,0.1565108257874,-1.9208515732279048,-0.005639560377564228,0.0029359688464045144,21.0,66.0,43.5,22,4,-1.9208515732279048,MORPHEMIC,0.15651,-1.92085,21.0,66.0,43.5,22
c674f84b,0.1566385057874,2.012993688456248,0.004774954252123662,0.0023720661815812964,33.0,22.0,27.5,10,5,2.012993688456248,MORPHEMIC,0.15664,2.01299,33.0,22.0,27.5,10
c674f84b,0.1544965732548,6.477006229255517,0.01583150333409663,0.002444262483890855,34.0,34.0,34.0,14,6,6.477006229255517,MORPHEMIC,0.1545,6.47701,34.0,34.0,34.0,14
c674f84b,0.15933133824679996,-2.876764666898797,-0.015267852491861925,0.005307299782821977,38.0,73.0,55.5,33,7,-2.876764666898797,MORPHEMIC,0.15933,-2.87676,38.0,73.0,55.5,33
c674f84b,0.1601478982468,-2.751337192176627,-0.01843273003602821,0.0066995532530295865,92.0,91.0,91.5,71,8,-2.751337192176627,MORPHEMIC,0.16015,-2.75134,92.0,91.0,91.5,71
c674f84b,0.1576658608828,2.3264510279789166,0.009563708788279179,0.004110857556536475,30.0,134.0,82.0,73,9,2.3264510279789166,MORPHEMIC,0.15767,2.32645,30.0,134.0,82.0,73
c674f84b,0.1599820608828,-6.140593235247052,-0.01013958059842802,0.001651237952096672,61.0,205.0,133.0,148,10,-6.140593235247052,MORPHEMIC,0.15998,-6.14059,61.0,205.0,133.0,148
c674f84b,0.15760675619240003,0.2348988996472055,0.0027847088065323725,0.011854924866462656,51.0,125.0,88.0,62,11,0.2348988996472055,MORPHEMIC,0.15761,0.2349,51.0,125.0,88.0,62
c674f84b,0.1570226156188,-0.7215187722893949,-0.002155184659768222,0.0029870112082181505,34.0,146.0,90.0,84,12,-0.7215187722893949,MORPHEMIC,0.15702,-0.72152,34.0,146.0,90.0,84
c8f498d2,0.151248,-0.4152938608910122,-0.004693429269449051,0.011301465567969887,9.5,114.0,61.75,53,1,-0.4152938608910122,OCI Forecasting Team,0.15125,-0.41529,9.5,114.0,61.75,53
c8f498d2,0.18004800000000004,-3.0732070158792353,-0.015936826117121848,0.005185731398755892,132.0,58.0,95.0,103,2,-3.0732070158792353,OCI Forecasting Team,0.18005,-3.07321,132.0,58.0,95.0,103
c8f498d2,0.16636800000000002,10.069769284167283,0.06812114168693598,0.00676491583516645,127.0,2.0,64.5,35,3,10.069769284167283,OCI Forecasting Team,0.16637,10.06977,127.0,2.0,64.5,35
c8f498d2,0.16436,-4.092163940698357,-0.011679772033878953,0.0028541798918949755,131.0,118.0,124.5,146,4,-4.092163940698357,OCI Forecasting Team,0.16436,-4.09216,131.0,118.0,124.5,146
c8f498d2,0.16715999999999995,-3.051852519443981,-0.01002601798517278,0.0032852236211595924,129.0,172.0,150.5,172,5,-3.051852519443981,OCI Forecasting Team,0.16716,-3.05185,129.0,172.0,150.5,172
c8f498d2,0.16636000000000004,-2.241098201705189,-0.0072539588150309356,0.0032367875756232375,132.0,168.0,150.0,167,6,-2.241098201705189,OCI Forecasting Team,0.16636,-2.2411,132.0,168.0,150.0,167
c8f498d2,0.15475999999999998,11.667502750889602,0.027379379839167214,0.0023466358160558086,8.0,1.0,4.5,3,7,11.667502750889602,OCI Forecasting Team,0.15476,11.6675,8.0,1.0,4.5,3
c8f498d2,0.15716000000000002,4.152798288344082,0.015169472402754163,0.0036528315004683153,22.0,40.0,31.0,17,8,4.152798288344082,OCI Forecasting Team,0.15716,4.1528,22.0,40.0,31.0,17
c8f498d2,0.16456000000000004,3.2572262087861263,0.009351782290366333,0.00287108775716608,127.0,125.0,126.0,132,9,3.2572262087861263,OCI Forecasting Team,0.16456,3.25723,127.0,125.0,126.0,132
c8f498d2,0.17420499999999994,-13.491309513521129,-0.04881116335292984,0.0036179707614009443,161.0,223.0,192.0,215,10,-13.491309513521129,OCI Forecasting Team,0.1742,-13.49131,161.0,223.0,192.0,215
c8f498d2,0.15576800000000002,0.7736406607109523,0.003939734433883971,0.0050924604069588,36.0,65.0,50.5,25,11,0.7736406607109523,OCI Forecasting Team,0.15577,0.77364,36.0,65.0,50.5,25
c8f498d2,0.160688,-7.13150926612364,-0.041818179653078325,0.005863861083617264,120.0,197.0,158.5,177,12,-7.13150926612364,OCI Forecasting Team,0.16069,-7.13151,120.0,197.0,158.5,177
c9b02591,0.1516122875988,1.9079722547763731,0.0024034512425936926,0.0012596887803671929,12.0,98.0,55.0,33,1,1.9079722547763731,ol,0.15161,1.90797,12.0,98.0,55.0,33
c9b02591,0.15756551591440002,1.1799418246269915,0.0022026326232332458,0.0018667298482529441,13.0,32.0,22.5,5,2,1.1799418246269915,ol,0.15757,1.17994,13.0,32.0,22.5,5
c9b02591,0.1629088056394,0.405440949625404,0.002475601630547059,0.006105948678431034,118.0,118.0,118.0,142,3,0.405440949625404,ol,0.16291,0.40544,118.0,118.0,118.0,142
c9b02591,0.16028053934,3.4932158469933507,0.023277033833704337,0.006663497147975879,102.0,16.0,59.0,41,4,3.4932158469933507,ol,0.16028,3.49322,102.0,16.0,59.0,41
c9b02591,0.15600119414000002,-0.16252212233090702,-0.0005699293880360222,0.0035067803684941056,25.0,107.0,66.0,43,5,-0.16252212233090702,ol,0.156,-0.16252,25.0,107.0,66.0,43
c9b02591,0.15708815242,-4.078639567892369,-0.015789139855316586,0.003871178022105935,49.0,182.0,115.5,128,6,-4.078639567892369,ol,0.15709,-4.07864,49.0,182.0,115.5,128
c9b02591,0.16481066679559997,-5.548474891355947,-0.029977784852252394,0.005402887359002965,125.0,179.0,152.0,182,7,-5.548474891355947,ol,0.16481,-5.54847,125.0,179.0,152.0,182
c9b02591,0.1609191866332,-3.5035301056590638,-0.020915332220754805,0.0059697880680321235,101.0,100.0,100.5,84,8,-3.5035301056590638,ol,0.16092,-3.50353,101.0,100.0,100.5,84
c9b02591,0.1724499516714,-8.456562798845072,-0.05040745919632025,0.005960750294812982,153.0,207.0,180.0,197,9,-8.456562798845072,ol,0.17245,-8.45656,153.0,207.0,180.0,197
c9b02591,0.159484312248,-0.2553610929831567,-0.0004859486546212266,0.0019029862730626675,53.0,123.0,88.0,60,10,-0.2553610929831567,ol,0.15948,-0.25536,53.0,123.0,88.0,60
c9b02591,0.160450272248,-0.7285067537699418,-0.0017608732203288012,0.0024170993765211886,118.0,169.0,143.5,165,11,-0.7285067537699418,ol,0.16045,-0.72851,118.0,169.0,143.5,165
c9b02591,0.15550195224799998,7.368694122123504,0.022085185284631728,0.0029971640725761648,21.0,14.0,17.5,6,12,7.368694122123504,ol,0.1555,7.36869,21.0,14.0,17.5,6
cc316613,0.16,-5.972217322696222,-0.0625144726295192,0.010467548190509646,48.5,119.5,84.0,63,2,-5.972217322696222,pipixia,0.16,-5.97222,48.5,119.5,84.0,63
cc316613,0.16,1.2145320363375662,0.017810997445674638,0.014664905422654707,76.5,77.0,76.75,44,3,1.2145320363375662,pipixia,0.16,1.21453,76.5,77.0,76.75,44
cc316613,0.16,-4.138886891126123,-0.06348132628488458,0.015337777512352444,83.5,130.0,106.75,109,4,-4.138886891126123,pipixia,0.16,-4.13889,83.5,130.0,106.75,109
cc316613,0.16,0.5773235167057652,0.0051771401370592236,0.008967485278618521,79.5,72.0,75.75,52,5,0.5773235167057652,pipixia,0.16,0.57732,79.5,72.0,75.75,52
cc316613,0.16,6.0600597491224875,0.05115238333481326,0.008440904125115311,88.5,55.0,71.75,51,6,6.0600597491224875,pipixia,0.16,6.06006,88.5,55.0,71.75,51
cc316613,0.16,-5.27299710725435,-0.06368220384153285,0.012077041300463028,64.0,150.0,107.0,83,7,-5.27299710725435,pipixia,0.16,-5.273,64.0,150.0,107.0,83
cc316613,0.16,-4.834453883606947,-0.07309001273604356,0.015118566542517455,69.0,152.5,110.75,99,8,-4.834453883606947,pipixia,0.16,-4.83445,69.0,152.5,110.75,99
cc316613,0.15999999999999998,7.838877206432681,0.1097793302513922,0.014004471222142108,73.0,43.5,58.25,24,9,7.838877206432681,pipixia,0.16,7.83888,73.0,43.5,58.25,24
cc316613,0.16,-0.017296953794923936,-0.00014163688740659406,0.00818854516730915,83.5,105.0,94.25,69,10,-0.017296953794923936,pipixia,0.16,-0.0173,83.5,105.0,94.25,69
cc316613,0.16,0.5700101716406613,0.006051048095388376,0.010615684414844095,92.0,94.0,93.0,72,11,0.5700101716406613,pipixia,0.16,0.57001,92.0,94.0,93.0,72
cc316613,0.16,5.1218135718674525,0.0342011818958729,0.0066775530612300064,91.5,64.0,77.75,51,12,5.1218135718674525,pipixia,0.16,5.12181,91.5,64.0,77.75,51
ccb2bfb9,0.19808665407999995,1.6542735486793874,0.005921868161677992,0.0035797393764806554,128.0,99.0,113.5,126,1,1.6542735486793874,Quantmetry,0.19809,1.65427,128.0,99.0,113.5,126
ccb2bfb9,0.16213939128,0.5670919552919808,0.0008911963186897507,0.0015715199455278767,79.0,37.0,58.0,35,2,0.5670919552919808,Quantmetry,0.16214,0.56709,79.0,37.0,58.0,35
ccb2bfb9,0.22503595640000004,4.403668894763536,0.01940584724178423,0.00440674530840863,169.0,19.0,94.0,95,3,4.403668894763536,Quantmetry,0.22504,4.40367,169.0,19.0,94.0,95
ccb2bfb9,0.16407895928,-0.7711421897681808,-0.003439699130383075,0.004460525148309043,130.0,51.0,90.5,77,4,-0.7711421897681808,Quantmetry,0.16408,-0.77114,130.0,51.0,90.5,77
ccb2bfb9,0.17447417368,4.874293465330747,0.011456565755017438,0.0023504054149599807,153.0,4.0,78.5,72,5,4.874293465330747,Quantmetry,0.17447,4.87429,153.0,4.0,78.5,72
ccb2bfb9,0.16417793232,3.2547128335412623,0.010488510306302018,0.0032225608963756367,124.0,121.0,122.5,137,6,3.2547128335412623,Quantmetry,0.16418,3.25471,124.0,121.0,122.5,137
ccb2bfb9,0.16625249608000003,2.6787213340055493,0.006206400247235046,0.0023169264262193645,133.0,43.0,88.0,60,7,2.6787213340055493,Quantmetry,0.16625,2.67872,133.0,43.0,88.0,60
ccb2bfb9,0.17066920848,-2.4614744302714744,-0.009388996841862904,0.0038143791893167863,151.0,88.0,119.5,129,8,-2.4614744302714744,Quantmetry,0.17067,-2.46147,151.0,88.0,119.5,129
ccb2bfb9,0.15511571600000001,9.274874609987476,0.030117837576825582,0.003247250107768977,16.0,6.0,11.0,2,9,9.274874609987476,Quantmetry,0.15512,9.27487,16.0,6.0,11.0,2
ccb2bfb9,0.1533321018172,-0.33024619312302367,-0.0006559591839905737,0.0019862732641590664,9.0,125.0,67.0,43,10,-0.33024619312302367,Quantmetry,0.15333,-0.33025,9.0,125.0,67.0,43
ccb2bfb9,0.1600666505956,-3.246150209408598,-0.012608016009958286,0.003883990325960697,115.0,209.0,162.0,180,11,-3.246150209408598,Quantmetry,0.16007,-3.24615,115.0,209.0,162.0,180
ccb2bfb9,0.157309459697,6.870617390036424,0.022950700117989803,0.00334041306844888,40.5,20.0,30.25,11,12,6.870617390036424,Quantmetry,0.15731,6.87062,40.5,20.0,30.25,11
ccbb0fd2,0.16,3.9903564609732767,0.04404783020812661,0.011038570272837988,63.5,50.5,57.0,35,1,3.9903564609732767,market_bulls,0.16,3.99036,63.5,50.5,57.0,35
ccbb0fd2,0.16,-5.972217322696222,-0.0625144726295192,0.010467548190509646,48.5,119.5,84.0,63,2,-5.972217322696222,market_bulls,0.16,-5.97222,48.5,119.5,84.0,63
ccbb0fd2,0.16411228422000002,1.2145320363375662,0.017810997445674638,0.014664905422654707,124.0,77.0,100.5,110,3,1.2145320363375662,market_bulls,0.16411,1.21453,124.0,77.0,100.5,110
ccbb0fd2,0.15869428422,-4.138886891126123,-0.06348132628488458,0.015337777512352444,48.0,130.0,89.0,72,4,-4.138886891126123,market_bulls,0.15869,-4.13889,48.0,130.0,89.0,72
ccbb0fd2,0.16503028422,0.5773235167057652,0.0051771401370592236,0.008967485278618521,121.0,72.0,96.5,95,5,0.5773235167057652,market_bulls,0.16503,0.57732,121.0,72.0,96.5,95
ccbb0fd2,0.17064148422,6.0600597491224875,0.05115238333481326,0.008440904125115311,149.0,55.0,102.0,103,6,6.0600597491224875,market_bulls,0.17064,6.06006,149.0,55.0,102.0,103
ccbb0fd2,0.16845828422,-5.27299710725435,-0.06368220384153285,0.012077041300463028,136.0,150.0,143.0,173,7,-5.27299710725435,market_bulls,0.16846,-5.273,136.0,150.0,143.0,173
ccbb0fd2,0.16255188422,-4.834453883606947,-0.07309001273604356,0.015118566542517455,122.0,152.5,137.25,159,8,-4.834453883606947,market_bulls,0.16255,-4.83445,122.0,152.5,137.25,159
ccbb0fd2,0.16082508422,7.838877206432681,0.1097793302513922,0.014004471222142108,106.0,43.5,74.75,57,9,7.838877206432681,market_bulls,0.16082,7.83888,106.0,43.5,74.75,57
ccbb0fd2,0.16569748422,-0.017296953794923936,-0.00014163688740659406,0.00818854516730915,143.0,105.0,124.0,129,10,-0.017296953794923936,market_bulls,0.1657,-0.0173,143.0,105.0,124.0,129
ccbb0fd2,0.16489988422000004,0.5700101716406613,0.006051048095388376,0.010615684414844095,143.0,94.0,118.5,126,11,0.5700101716406613,market_bulls,0.1649,0.57001,143.0,94.0,118.5,126
ccbb0fd2,0.15710548422000004,5.1218135718674525,0.0342011818958729,0.0066775530612300064,37.0,64.0,50.5,22,12,5.1218135718674525,market_bulls,0.1571,5.12181,37.0,64.0,50.5,22
ccfb51dc,0.161552,6.634195946740586,0.14154464299234898,0.021335613860168023,108.0,76.0,92.0,91,9,6.634195946740586,Submission9,0.16155,6.6342,108.0,76.0,92.0,91
ccfb51dc,0.19503199999999998,-0.8017803926111968,-0.009627825602990858,0.012008058181162868,180.0,148.0,164.0,190,10,-0.8017803926111968,Submission9,0.19503,-0.80178,180.0,148.0,164.0,190
ccfb51dc,0.20615199999999997,-0.4506785287782902,-0.006923481050607014,0.015362349454222608,190.0,155.0,172.5,193,11,-0.4506785287782902,Submission9,0.20615,-0.45068,190.0,155.0,172.5,193
ccfb51dc,0.15035199999999999,7.484541622855775,0.09095441647509372,0.012152302847424006,6.0,13.0,9.5,3,12,7.484541622855775,Submission9,0.15035,7.48454,6.0,13.0,9.5,3
cd35061c,0.15466474411960002,1.4105750347070882,0.008923642229815901,0.006326244269358512,12.0,51.0,31.5,13,3,1.4105750347070882,demir,0.15466,1.41057,12.0,51.0,31.5,13
cd35061c,0.161421328488,1.9336743210968643,0.011961120174658791,0.0061856953077154804,115.0,30.0,72.5,55,4,1.9336743210968643,demir,0.16142,1.93367,115.0,30.0,72.5,55
cd35061c,0.1582054310632,1.2037464236257072,0.010139168863058136,0.008423010581014866,52.0,43.0,47.5,26,5,1.2037464236257072,demir,0.15821,1.20375,52.0,43.0,47.5,26
cd35061c,0.15758190424920002,3.0626090267723587,0.01919549238831737,0.006267692748410408,53.0,124.0,88.5,85,6,3.0626090267723587,demir,0.15758,3.06261,53.0,124.0,88.5,85
cd35061c,0.1564957578962,-4.097836797265624,-0.05455402178334245,0.013312882987371502,13.0,87.0,50.0,29,7,-4.097836797265624,demir,0.1565,-4.09784,13.0,87.0,50.0,29
cd35061c,0.15354912007559998,4.111733675372702,0.05146323728289463,0.01251618936098283,10.0,41.0,25.5,10,8,4.111733675372702,demir,0.15355,4.11173,10.0,41.0,25.5,10
cd35061c,0.1620882845546,-4.099172337536978,-0.041317542784544595,0.010079484193965503,111.0,171.0,141.0,155,9,-4.099172337536978,demir,0.16209,-4.09917,111.0,171.0,141.0,155
cd35061c,0.15682592949539997,2.866792792558244,0.008413083881767279,0.0029346675851866094,22.0,35.0,28.5,10,10,2.866792792558244,demir,0.15683,2.86679,22.0,35.0,28.5,10
cd35061c,0.1669722726686,0.14229296318501963,0.0005982555989950417,0.0042043934260975815,151.0,130.0,140.5,163,11,0.14229296318501963,demir,0.16697,0.14229,151.0,130.0,140.5,163
cd35061c,0.1613994161446,6.467413204103671,0.04123897489417741,0.0063764249465320475,126.0,25.0,75.5,48,12,6.467413204103671,demir,0.1614,6.46741,126.0,25.0,75.5,48
cd4803dc,0.17644799999999997,-0.44758166247301806,-0.005451765308924378,0.012180493005012312,118.0,115.0,116.5,128,1,-0.44758166247301806,deathReaper0965,0.17645,-0.44758,118.0,115.0,116.5,128
cd4803dc,0.151648,-2.470070357913169,-0.013808458471817954,0.005590309777039705,2.0,52.0,27.0,11,2,-2.470070357913169,deathReaper0965,0.15165,-2.47007,2.0,52.0,27.0,11
cd4803dc,0.16036799999999998,9.882837644453215,0.06969159610969786,0.007051779925658555,96.0,3.0,49.5,26,3,9.882837644453215,deathReaper0965,0.16037,9.88284,96.0,3.0,49.5,26
cd4803dc,0.16381,-3.1738217926810446,-0.013013305292818779,0.0041002003713088,129.0,96.0,112.5,127,4,-3.1738217926810446,deathReaper0965,0.16381,-3.17382,129.0,96.0,112.5,127
cd4803dc,0.16921,-3.7679084338923357,-0.011719295505777735,0.0031102920125029247,143.0,183.0,163.0,185,5,-3.7679084338923357,deathReaper0965,0.16921,-3.76791,143.0,183.0,163.0,185
cd4803dc,0.17001000000000002,0.44773348745387387,0.0015229717086449302,0.0034015139615882067,148.0,144.0,146.0,163,6,0.44773348745387387,deathReaper0965,0.17001,0.44773,148.0,144.0,146.0,163
cd4803dc,0.15221,11.232620687682836,0.026491713510399098,0.002358462396887368,2.0,3.0,2.5,1,7,11.232620687682836,deathReaper0965,0.15221,11.23262,2.0,3.0,2.5,1
cd4803dc,0.16201000000000002,4.927476001242904,0.016856781313618504,0.003420976846841376,116.0,30.0,73.0,55,8,4.927476001242904,deathReaper0965,0.16201,4.92748,116.0,30.0,73.0,55
cd4803dc,0.17041000000000003,0.9116719402634093,0.0029894655817104773,0.003279102328022437,149.0,143.0,146.0,166,9,0.9116719402634093,deathReaper0965,0.17041,0.91167,149.0,143.0,146.0,166
cd4803dc,0.16573999999999997,-2.5394895487128513,-0.008478133930640864,0.003338518929892046,144.0,180.0,162.0,188,10,-2.5394895487128513,deathReaper0965,0.16574,-2.53949,144.0,180.0,162.0,188
cd4803dc,0.16052799999999998,-0.3972217130919801,-0.0020578096577559615,0.005180506477699667,119.0,151.0,135.0,157,11,-0.3972217130919801,deathReaper0965,0.16053,-0.39722,119.0,151.0,135.0,157
cd4803dc,0.168568,-7.100721615529575,-0.04244432140727401,0.005977465911978088,151.0,196.0,173.5,191,12,-7.100721615529575,deathReaper0965,0.16857,-7.10072,151.0,196.0,173.5,191
cd597d34,0.1515794296684,4.069323862007858,0.011238248266701,0.002761699153911997,11.0,37.0,24.0,5,1,4.069323862007858,StanekF_STU (CERGE-EI),0.15158,4.06932,11.0,37.0,24.0,5
cd597d34,0.1626974268652,-5.916551951767288,-0.015424859808440081,0.002607069106159482,83.0,108.0,95.5,104,2,-5.916551951767288,StanekF_STU (CERGE-EI),0.1627,-5.91655,83.0,108.0,95.5,104
cd597d34,0.15603702380899998,1.3221965501468964,0.00483698950689523,0.003658298387148143,23.0,59.0,41.0,18,3,1.3221965501468964,StanekF_STU (CERGE-EI),0.15604,1.3222,23.0,59.0,41.0,18
cd597d34,0.1608102970566,-4.040618147127107,-0.015433377889609093,0.0038195586238660728,105.5,115.0,110.25,126,4,-4.040618147127107,StanekF_STU (CERGE-EI),0.16081,-4.04062,105.5,115.0,110.25,126
cd597d34,0.1544666251828,0.36021150828513815,0.0007625513218207621,0.00211695435676402,10.0,87.0,48.5,28,5,0.36021150828513815,StanekF_STU (CERGE-EI),0.15447,0.36021,10.0,87.0,48.5,28
cd597d34,0.1553993010112,6.622275476202112,0.012174241543000367,0.0018383773956172416,39.0,29.0,34.0,14,6,6.622275476202112,StanekF_STU (CERGE-EI),0.1554,6.62228,39.0,29.0,34.0,14
cd597d34,0.1612436612274,-5.175483152056137,-0.014274179428218736,0.002758038043761737,102.0,132.0,117.0,123,7,-5.175483152056137,StanekF_STU (CERGE-EI),0.16124,-5.17548,102.0,132.0,117.0,123
cd597d34,0.1615283333622,4.620358661470129,0.017550814760395436,0.003798582760848057,111.0,32.0,71.5,52,8,4.620358661470129,StanekF_STU (CERGE-EI),0.16153,4.62036,111.0,32.0,71.5,52
cd597d34,0.1560188792472,7.887618214080958,0.027852354573937203,0.0035311489245530726,19.0,29.0,24.0,7,9,7.887618214080958,StanekF_STU (CERGE-EI),0.15602,7.88762,19.0,29.0,24.0,7
cd597d34,0.1577043456096,0.04102035529719615,8.411482449368376e-05,0.002050563040818743,32.0,91.0,61.5,38,10,0.04102035529719615,StanekF_STU (CERGE-EI),0.1577,0.04102,32.0,91.0,61.5,38
cd597d34,0.1535188681458,0.6414484784329403,0.0017031590385863222,0.002655176675681175,20.0,70.0,45.0,22,11,0.6414484784329403,StanekF_STU (CERGE-EI),0.15352,0.64145,20.0,70.0,45.0,22
cd597d34,0.1517287860634,5.171142098051308,0.008635238371822201,0.0016698899794450248,7.0,47.0,27.0,9,12,5.171142098051308,StanekF_STU (CERGE-EI),0.15173,5.17114,7.0,47.0,27.0,9
cd8c18b2,0.1817146,-5.845966771079656,-0.04980832954937019,0.008520118485068192,159.0,184.0,171.5,189,4,-5.845966771079656,Novartis,0.18171,-5.84597,159.0,184.0,171.5,189
cd8c18b2,0.16723459999999996,1.1976863940009423,0.005820215985818772,0.004859549223378915,131.0,44.0,87.5,87,5,1.1976863940009423,Novartis,0.16723,1.19769,131.0,44.0,87.5,87
cd8c18b2,0.17681300000000003,2.882690201503126,0.009632289396682567,0.003341423713051089,161.0,126.0,143.5,160,6,2.882690201503126,Novartis,0.17681,2.88269,161.0,126.0,143.5,160
cd8c18b2,0.175173,-6.339490817874438,-0.02662299730050527,0.00419954820747444,159.0,194.0,176.5,200,7,-6.339490817874438,Novartis,0.17517,-6.33949,159.0,194.0,176.5,200
cd8c18b2,0.17137299999999997,-5.312468539080862,-0.02436639339678323,0.004586642389979968,152.0,180.0,166.0,187,8,-5.312468539080862,Novartis,0.17137,-5.31247,152.0,180.0,166.0,187
cd8c18b2,0.16677300000000006,3.7226040133465275,0.021426003460053702,0.005755649374264834,138.0,117.0,127.5,136,9,3.7226040133465275,Novartis,0.16677,3.7226,138.0,117.0,127.5,136
cd8c18b2,0.18705299999999994,1.100589976186593,0.003742354318603149,0.0034003165570978032,177.0,59.0,118.0,119,10,1.100589976186593,Novartis,0.18705,1.10059,177.0,59.0,118.0,119
cd8c18b2,0.175173,-0.5440636202407759,-0.0019782005417144787,0.0036359728313373058,167.0,159.0,163.0,182,11,-0.5440636202407759,Novartis,0.17517,-0.54406,167.0,159.0,163.0,182
cd8c18b2,0.16433299999999998,6.245128898797651,0.02301963344015911,0.0036860141420925656,139.0,30.0,84.5,76,12,6.245128898797651,Novartis,0.16433,6.24513,139.0,30.0,84.5,76
cdbd56c7,0.17430318714440002,-5.515418974907815,-0.06863509505345772,0.01244422143915275,115.0,95.0,105.0,120,2,-5.515418974907815,Mukul,0.1743,-5.51542,115.0,95.0,105.0,120
cdbd56c7,0.1605982252604,-1.8001627677159227,-0.017658730290286945,0.009809518676298723,101.0,160.0,130.5,157,3,-1.8001627677159227,Mukul,0.1606,-1.80016,101.0,160.0,130.5,157
cdbd56c7,0.162052102632,-4.963166944860232,-0.046885637366695265,0.00944671776863142,123.0,170.0,146.5,167,4,-4.963166944860232,Mukul,0.16205,-4.96317,123.0,170.0,146.5,167
cdbd56c7,0.1562172030022,-8.473979769356427,-0.05396093612187965,0.0063678386768178255,26.0,197.0,111.5,120,5,-8.473979769356427,Mukul,0.15622,-8.47398,26.0,197.0,111.5,120
cdbd56c7,0.1448919157684,11.066156246718466,0.09532600382540615,0.00861419283264448,6.0,2.0,4.0,1,6,11.066156246718466,Mukul,0.14489,11.06616,6.0,2.0,4.0,1
cdbd56c7,0.16908303327,-5.40358461842791,-0.05635842230137488,0.010429821365094398,139.0,170.0,154.5,185,7,-5.40358461842791,Mukul,0.16908,-5.40358,139.0,170.0,154.5,185
cdbd56c7,0.16523888444599996,-0.9605925101730018,-0.018224343254309532,0.018971981419079922,135.0,75.0,105.0,91,8,-0.9605925101730018,Mukul,0.16524,-0.96059,135.0,75.0,105.0,91
cdbd56c7,0.1502415964262,-10.836680091216351,-0.23368846449082464,0.021564580897819468,4.0,213.0,108.5,116,9,-10.836680091216351,Mukul,0.15024,-10.83668,4.0,213.0,108.5,116
cdbd56c7,0.1598608665036,3.8865106500452673,0.019058524270188004,0.0049037622655082715,59.0,23.0,41.0,22,10,3.8865106500452673,Mukul,0.15986,3.88651,59.0,23.0,41.0,22
cdbd56c7,0.1636231751874,4.4578834205776,0.015431153040301003,0.0034615425269020643,140.0,3.0,71.5,45,11,4.4578834205776,Mukul,0.16362,4.45788,140.0,3.0,71.5,45
cdbd56c7,0.15562376854860002,0.9089742447323648,0.006459349520639148,0.00710619641653435,22.0,134.0,78.0,71,12,0.9089742447323648,Mukul,0.15562,0.90897,22.0,134.0,78.0,71
cf2d56c6,0.1546870068842,3.26660073831858,0.03393997380551875,0.01038999759211121,21.0,75.0,48.0,22,1,3.26660073831858,Delta,0.15469,3.2666,21.0,75.0,48.0,22
cf2d56c6,0.16507000000000002,-4.775657440186785,-0.05449629312531322,0.011411265110167067,89.0,84.0,86.5,87,2,-4.775657440186785,Delta,0.16507,-4.77566,89.0,84.0,86.5,87
cf2d56c6,0.16327185507,-6.722923287678659,-0.06580800151735824,0.009788599200286416,119.0,182.0,150.5,175,3,-6.722923287678659,Delta,0.16327,-6.72292,119.0,182.0,150.5,175
cf2d56c6,0.15944783854459998,-6.5556956581425565,-0.11596582055616578,0.017689323391962143,59.0,190.0,124.5,146,4,-6.5556956581425565,Delta,0.15945,-6.5557,59.0,190.0,124.5,146
cf2d56c6,0.16122213778699998,-1.0919069617379067,-0.011457999478576111,0.010493567565810982,113.0,138.0,125.5,139,5,-1.0919069617379067,Delta,0.16122,-1.09191,113.0,138.0,125.5,139
cf2d56c6,0.16369138642820003,6.725453623161456,0.05588194339567387,0.00830902219044747,119.0,26.0,72.5,68,6,6.725453623161456,Delta,0.16369,6.72545,119.0,26.0,72.5,68
cf2d56c6,0.16514999999999996,-2.1512967321048615,-0.02740028528196329,0.012736636872568683,127.0,68.0,97.5,69,7,-2.1512967321048615,Delta,0.16515,-2.1513,127.0,68.0,97.5,69
cf2d56c6,0.1767344375606,-0.13455003253958311,-0.0017503485921648103,0.013008905008253175,164.0,69.0,116.5,127,8,-0.13455003253958311,Delta,0.17673,-0.13455,164.0,69.0,116.5,127
cf2d56c6,0.19911102667519995,-1.5946478415810401,-0.010801507683519344,0.0067736006670977645,179.0,157.0,168.0,187,9,-1.5946478415810401,Delta,0.19911,-1.59465,179.0,157.0,168.0,187
cf2d56c6,0.16604,0.9265611960117911,0.0037277395278154397,0.004023198407035386,147.0,68.0,107.5,103,10,0.9265611960117911,Delta,0.16604,0.92656,147.0,68.0,107.5,103
cf2d56c6,0.15070358074919998,4.8009374502979085,0.05966855701781232,0.01242852206168813,2.0,2.0,2.0,1,11,4.8009374502979085,Delta,0.1507,4.80094,2.0,2.0,2.0,1
cf2d56c6,0.15730868914379997,7.935112329725409,0.19372897161381708,0.024414143563928726,40.5,9.0,24.75,7,12,7.935112329725409,Delta,0.15731,7.93511,40.5,9.0,24.75,7
cfd8f183,0.1540048286796,3.227421885763323,0.04793866701008353,0.014853548345057924,20.0,76.0,48.0,22,1,3.227421885763323,Dan,0.15401,3.22742,20.0,76.0,48.0,22
cfd8f183,0.1584694367054,-6.7890322030537265,-0.08126970953360604,0.01197073560750687,17.0,153.0,85.0,84,2,-6.7890322030537265,Dan,0.15847,-6.78903,17.0,153.0,85.0,84
cfd8f183,0.15680304982259996,-0.10275028861398526,-0.0014039175021982068,0.013663392299290542,32.0,125.0,78.5,64,3,-0.10275028861398526,Dan,0.1568,-0.10275,32.0,125.0,78.5,64
cfd8f183,0.1517986176394,5.780599651948841,0.03412814956263569,0.005903911638497557,3.0,4.0,3.5,1,4,5.780599651948841,Dan,0.1518,5.7806,3.0,4.0,3.5,1
cfd8f183,0.15571628071260002,-0.4097599882848788,-0.0025515653883801045,0.006226975452288844,19.0,114.0,66.5,44,5,-0.4097599882848788,Dan,0.15572,-0.40976,19.0,114.0,66.5,44
cfd8f183,0.15497164887360002,-2.216734510391649,-0.007701742006957607,0.0034743637412839646,37.0,167.0,102.0,103,6,-2.216734510391649,Dan,0.15497,-2.21673,37.0,167.0,102.0,103
cfd8f183,0.1591275067694,1.9147935716827318,0.007202954165712009,0.003761739266432784,33.0,46.0,39.5,23,7,1.9147935716827318,Dan,0.15913,1.91479,33.0,46.0,39.5,23
cfd8f183,0.15822721675980003,-6.2285120947064145,-0.01911629326939963,0.0030691588903947837,33.0,201.0,117.0,128,8,-6.2285120947064145,Dan,0.15823,-6.22851,33.0,201.0,117.0,128
cfd8f183,0.1578777012902,2.3646466525303667,0.02325282481165446,0.009833530429069402,32.0,133.0,82.5,74,9,2.3646466525303667,Dan,0.15788,2.36465,32.0,133.0,82.5,74
cfd8f183,0.15453217832820001,0.5402243657509928,0.0019336726098775029,0.0035793879959290773,16.0,75.0,45.5,26,10,0.5402243657509928,Dan,0.15453,0.54022,16.0,75.0,45.5,26
cfd8f183,0.15732070419100003,-1.2288071850849003,-0.0035264029219213826,0.0028697772642643994,48.0,177.0,112.5,114,11,-1.2288071850849003,Dan,0.15732,-1.22881,48.0,177.0,112.5,114
cfd8f183,0.158487890546,0.8968093299001954,0.00222329696442487,0.0024791189055451703,57.0,135.0,96.0,93,12,0.8968093299001954,Dan,0.15849,0.89681,57.0,135.0,96.0,93
d04974fb,0.16,3.9903564609732767,0.04404783020812661,0.011038570272837988,63.5,50.5,57.0,35,1,3.9903564609732767,jp_th,0.16,3.99036,63.5,50.5,57.0,35
d04974fb,0.16,-5.972217322696222,-0.0625144726295192,0.010467548190509646,48.5,119.5,84.0,63,2,-5.972217322696222,jp_th,0.16,-5.97222,48.5,119.5,84.0,63
d04974fb,0.16,1.2145320363375662,0.017810997445674638,0.014664905422654707,76.5,77.0,76.75,44,3,1.2145320363375662,jp_th,0.16,1.21453,76.5,77.0,76.75,44
d04974fb,0.16,-4.138886891126123,-0.06348132628488458,0.015337777512352444,83.5,130.0,106.75,109,4,-4.138886891126123,jp_th,0.16,-4.13889,83.5,130.0,106.75,109
d04974fb,0.16,0.5773235167057652,0.0051771401370592236,0.008967485278618521,79.5,72.0,75.75,52,5,0.5773235167057652,jp_th,0.16,0.57732,79.5,72.0,75.75,52
d04974fb,0.16,6.0600597491224875,0.05115238333481326,0.008440904125115311,88.5,55.0,71.75,51,6,6.0600597491224875,jp_th,0.16,6.06006,88.5,55.0,71.75,51
d04974fb,0.16,-5.27299710725435,-0.06368220384153285,0.012077041300463028,64.0,150.0,107.0,83,7,-5.27299710725435,jp_th,0.16,-5.273,64.0,150.0,107.0,83
d04974fb,0.16,-4.834453883606947,-0.07309001273604356,0.015118566542517455,69.0,152.5,110.75,99,8,-4.834453883606947,jp_th,0.16,-4.83445,69.0,152.5,110.75,99
d04974fb,0.15999999999999998,7.838877206432681,0.1097793302513922,0.014004471222142108,73.0,43.5,58.25,24,9,7.838877206432681,jp_th,0.16,7.83888,73.0,43.5,58.25,24
d04974fb,0.16,-0.017296953794923936,-0.00014163688740659406,0.00818854516730915,83.5,105.0,94.25,69,10,-0.017296953794923936,jp_th,0.16,-0.0173,83.5,105.0,94.25,69
d04974fb,0.16,0.5700101716406613,0.006051048095388376,0.010615684414844095,92.0,94.0,93.0,72,11,0.5700101716406613,jp_th,0.16,0.57001,92.0,94.0,93.0,72
d04974fb,0.16,5.1218135718674525,0.0342011818958729,0.0066775530612300064,91.5,64.0,77.75,51,12,5.1218135718674525,jp_th,0.16,5.12181,91.5,64.0,77.75,51
d10b6093,0.16,0.7591277090533199,0.005914149132663823,0.007790716979675448,63.5,103.0,83.25,92,1,0.7591277090533199,srrsrr,0.16,0.75913,63.5,103.0,83.25,92
d10b6093,0.16,-0.4843489812177174,-0.004929986917182359,0.010178584261264924,48.5,39.0,43.75,22,2,-0.4843489812177174,srrsrr,0.16,-0.48435,48.5,39.0,43.75,22
d10b6093,0.16,1.5382767108059978,0.013202790643203528,0.008582845043715037,76.5,49.0,62.75,30,3,1.5382767108059978,srrsrr,0.16,1.53828,76.5,49.0,62.75,30
d10b6093,0.16,-0.033753733542968165,-0.0003372490841674347,0.009991460166565574,83.5,44.0,63.75,45,4,-0.033753733542968165,srrsrr,0.16,-0.03375,83.5,44.0,63.75,45
d10b6093,0.16,-2.8240881943998986,-0.0190679722643975,0.006751903960438929,79.5,168.0,123.75,138,5,-2.8240881943998986,srrsrr,0.16,-2.82409,79.5,168.0,123.75,138
d10b6093,0.16,3.509117638957375,0.020540670870286208,0.005853514468209515,88.5,117.0,102.75,105,6,3.509117638957375,srrsrr,0.16,3.50912,88.5,117.0,102.75,105
d10b6093,0.16,-3.3534021097576328,-0.026765177580908125,0.00798149959500162,64.0,79.0,71.5,47,7,-3.3534021097576328,srrsrr,0.16,-3.3534,64.0,79.0,71.5,47
d10b6093,0.16,-2.682657005045968,-0.026338135833147192,0.00981792893523333,69.0,90.0,79.5,59,8,-2.682657005045968,srrsrr,0.16,-2.68266,69.0,90.0,79.5,59
d10b6093,0.15999999999999998,6.433649967457045,0.04306835718955321,0.006694233818657116,73.0,82.0,77.5,65,9,6.433649967457045,srrsrr,0.16,6.43365,73.0,82.0,77.5,65
d10b6093,0.16,7.848952676265899,0.04588304376190469,0.0058457536507575585,83.5,8.0,45.75,27,10,7.848952676265899,srrsrr,0.16,7.84895,83.5,8.0,45.75,27
d10b6093,0.16,-1.8384326578712726,-0.010538964773361099,0.005732581353055489,92.0,191.0,141.5,164,11,-1.8384326578712726,srrsrr,0.16,-1.83843,92.0,191.0,141.5,164
d10b6093,0.16,-5.945570266185605,-0.040319422262971784,0.006781422211470861,91.5,185.0,138.25,157,12,-5.945570266185605,srrsrr,0.16,-5.94557,91.5,185.0,138.25,157
d13904b7,0.16,4.253666953519044,0.01936691107133357,0.0045529918733556215,88.5,107.0,97.75,94,6,4.253666953519044,ST18_STU,0.16,4.25367,88.5,107.0,97.75,94
d13904b7,0.16,-4.299618943306229,-0.027423144942433857,0.006378040776177851,64.0,93.0,78.5,52,7,-4.299618943306229,ST18_STU,0.16,-4.29962,64.0,93.0,78.5,52
d13904b7,0.16,-4.148219860726801,-0.032709221138065826,0.007885122350370049,69.0,114.0,91.5,71,8,-4.148219860726801,ST18_STU,0.16,-4.14822,69.0,114.0,91.5,71
d13904b7,0.15999999999999998,6.425682695437147,0.0502836231062729,0.007825413343547,73.0,83.0,78.0,67,9,6.425682695437147,ST18_STU,0.16,6.42568,73.0,83.0,78.0,67
d13904b7,0.16,1.1500698517796013,0.005443611160078854,0.004733287418721123,83.5,58.0,70.75,47,10,1.1500698517796013,ST18_STU,0.16,1.15007,83.5,58.0,70.75,47
d13904b7,0.16,1.5954044689946725,0.008609714372519216,0.005396571552757739,92.0,36.0,64.0,35,11,1.5954044689946725,ST18_STU,0.16,1.5954,92.0,36.0,64.0,35
d13904b7,0.16,5.880899137823767,0.0224748698416231,0.0038216723862977094,91.5,35.0,63.25,36,12,5.880899137823767,ST18_STU,0.16,5.8809,91.5,35.0,63.25,36
d18b809d,0.190395,4.085044484402805,0.031277408929162746,0.007656565075015385,126.0,34.0,80.0,83,1,4.085044484402805,VC,0.1904,4.08504,126.0,34.0,80.0,83
d18b809d,0.1764000180156,-6.1505817795819295,-0.05730505901614717,0.009317014401203904,122.0,135.0,128.5,156,2,-6.1505817795819295,VC,0.1764,-6.15058,122.0,135.0,128.5,156
d18b809d,0.1628084980156,1.068072123834918,0.01556836570149519,0.01457613709231255,117.0,91.0,104.0,115,3,1.068072123834918,VC,0.16281,1.06807,117.0,91.0,104.0,115
d18b809d,0.17410077801559998,-4.299445575689297,-0.06500053091090878,0.015118351835512595,152.0,147.0,149.5,168,4,-4.299445575689297,VC,0.1741,-4.29945,152.0,147.0,149.5,168
d18b809d,0.17039605801560004,0.11135273841797214,0.0009791641503414297,0.008793354921062223,145.0,99.0,122.0,135,5,0.11135273841797214,VC,0.1704,0.11135,145.0,99.0,122.0,135
d18b809d,0.16678377801559996,5.799459554680976,0.05025954331007307,0.008666246024512159,134.0,72.0,103.0,106,6,5.799459554680976,VC,0.16678,5.79946,134.0,72.0,103.0,106
d18b809d,0.16443461801560003,-4.979379083730519,-0.05893316413461648,0.01183544436838983,120.0,122.0,121.0,135,7,-4.979379083730519,VC,0.16443,-4.97938,120.0,122.0,121.0,135
d18b809d,0.16927409801559995,-5.054790179851702,-0.07625353353185826,0.015085400346745036,148.0,174.0,161.0,186,8,-5.054790179851702,VC,0.16927,-5.05479,148.0,174.0,161.0,186
d18b809d,0.16989769801559998,8.45319215453916,0.11766597323512452,0.013919708801596417,148.0,10.0,79.0,69,9,8.45319215453916,VC,0.1699,8.45319,148.0,10.0,79.0,69
d18b809d,0.17909805801559997,0.34098778739896146,0.0027717405177430515,0.008128562430008875,170.0,85.0,127.5,137,10,0.34098778739896146,VC,0.1791,0.34099,170.0,85.0,127.5,137
d18b809d,0.17017613801559997,1.0467065739592267,0.011111942004076425,0.010616100328905814,160.0,46.0,103.0,105,11,1.0467065739592267,VC,0.17018,1.04671,160.0,46.0,103.0,105
d18b809d,0.16832005801560002,3.6021267848442404,0.02536024929667153,0.007040354438209518,150.0,98.0,124.0,135,12,3.6021267848442404,VC,0.16832,3.60213,150.0,98.0,124.0,135
d252b0cc,0.15601486351600002,1.9485701411852576,0.03066686868187486,0.01573813948684501,28.0,96.0,62.0,54,1,1.9485701411852576,Angel Lordan BCN,0.15601,1.94857,28.0,96.0,62.0,54
d252b0cc,0.17058938966,-5.658445629679441,-0.02372766920451011,0.004193319288967758,105.0,99.0,102.0,113,2,-5.658445629679441,Angel Lordan BCN,0.17059,-5.65845,105.0,99.0,102.0,113
d252b0cc,0.16178469364,1.8033555522931108,0.008915902225522222,0.004944062314381065,113.0,44.0,78.5,64,3,1.8033555522931108,Angel Lordan BCN,0.16179,1.80336,113.0,44.0,78.5,64
d252b0cc,0.15772205364000003,-0.9215668850918018,-0.00437160901996624,0.0047436698200486686,34.0,54.0,44.0,23,4,-0.9215668850918018,Angel Lordan BCN,0.15772,-0.92157,34.0,54.0,44.0,23
d252b0cc,0.15725829364000002,-2.499522798512764,-0.011059293956998648,0.004424562145854007,38.0,162.0,100.0,100,5,-2.499522798512764,Angel Lordan BCN,0.15726,-2.49952,38.0,162.0,100.0,100
d252b0cc,0.15753849364,-5.142824826879055,-0.019717164872730168,0.0038339172607392913,51.0,188.0,119.5,132,6,-5.142824826879055,Angel Lordan BCN,0.15754,-5.14283,51.0,188.0,119.5,132
d252b0cc,0.1591670069812,3.5335356260309,0.011575947555966162,0.003276024011386303,36.0,34.0,35.0,19,7,3.5335356260309,Angel Lordan BCN,0.15917,3.53354,36.0,34.0,35.0,19
d252b0cc,0.1597708469812,-0.11596533976329215,-0.0004944800399139197,0.004264033037140664,46.0,68.0,57.0,39,8,-0.11596533976329215,Angel Lordan BCN,0.15977,-0.11596,46.0,68.0,57.0,39
d252b0cc,0.1596527778836,-1.072197217022919,-0.005251559298584874,0.004897941549565334,48.0,154.0,101.0,102,9,-1.072197217022919,Angel Lordan BCN,0.15965,-1.0722,48.0,154.0,101.0,102
d252b0cc,0.15981637788359998,4.26370303016688,0.010361102744531706,0.0024300713889368075,57.0,18.0,37.5,19,10,4.26370303016688,Angel Lordan BCN,0.15982,4.2637,57.0,18.0,37.5,19
d252b0cc,0.1636350397988,0.5394262140462017,0.005026630097787355,0.009318475756087052,141.0,111.0,126.0,143,11,0.5394262140462017,Angel Lordan BCN,0.16364,0.53943,141.0,111.0,126.0,143
d252b0cc,0.16262507979880003,4.007218818711515,0.022180458393656094,0.005535125331835015,132.0,92.0,112.0,118,12,4.007218818711515,Angel Lordan BCN,0.16262,4.00722,132.0,92.0,112.0,118
d50c10cd,0.15473716305,2.9433813690062642,0.06954782076657479,0.023628545556111647,22.0,86.0,54.0,31,1,2.9433813690062642,Wallace,0.15474,2.94338,22.0,86.0,54.0,31
d50c10cd,0.18241809611999998,-2.771560551986629,-0.03281472833998634,0.011839802062583496,135.0,54.0,94.5,100,2,-2.771560551986629,Wallace,0.18242,-2.77156,135.0,54.0,94.5,100
d50c10cd,0.18087649611999995,3.558016140172998,0.05155291178473061,0.014489229321546586,148.0,25.0,86.5,77,3,3.558016140172998,Wallace,0.18088,3.55802,148.0,25.0,86.5,77
d50c10cd,0.17432369612,-2.593212345029002,-0.022679331121934716,0.008745651379228288,154.0,78.0,116.0,134,4,-2.593212345029002,Wallace,0.17432,-2.59321,154.0,78.0,116.0,134
d50c10cd,0.18820649611999996,-3.114829820806694,-0.018383813134367922,0.005902028101685116,163.0,173.0,168.0,192,5,-3.114829820806694,Wallace,0.18821,-3.11483,163.0,173.0,168.0,192
d50c10cd,0.15776729612,5.99251253968212,0.06152979809354996,0.010267779614327496,56.0,66.0,61.0,40,6,5.99251253968212,Wallace,0.15777,5.99251,56.0,66.0,61.0,40
d50c10cd,0.15295289612,2.6565939387721125,0.008634837658025902,0.0032503415490050228,4.0,44.0,24.0,14,7,2.6565939387721125,Wallace,0.15295,2.65659,4.0,44.0,24.0,14
d50c10cd,0.17978049612,3.167460401286442,0.013433220951160871,0.004241006752824775,166.0,52.0,109.0,97,8,3.167460401286442,Wallace,0.17978,3.16746,166.0,52.0,109.0,97
d50c10cd,0.18464049612,-3.302940192944783,-0.02369961992684861,0.007175310039664654,172.0,167.0,169.5,189,9,-3.302940192944783,Wallace,0.18464,-3.30294,172.0,167.0,169.5,189
d50c10cd,0.15021169612000002,-5.678507987987106,-0.020453026312460813,0.003601831036555593,3.0,202.0,102.5,98,10,-5.678507987987106,Wallace,0.15021,-5.67851,3.0,202.0,102.5,98
d50c10cd,0.19350529611999995,3.638790852540232,0.011693484942305585,0.0032135633555697186,182.0,10.0,96.0,96,11,3.638790852540232,Wallace,0.19351,3.63879,182.0,10.0,96.0,96
d50c10cd,0.17433689612000003,-10.14446319806885,-0.05267475476584003,0.005192463488444362,164.0,219.0,191.5,206,12,-10.14446319806885,Wallace,0.17434,-10.14446,164.0,219.0,191.5,206
d5571172,0.1564410673888,-2.184692504905664,-0.01651843136204157,0.007560986877993086,28.0,164.0,96.0,100,3,-2.184692504905664,alsabtay,0.15644,-2.18469,28.0,164.0,96.0,100
d5571172,0.1568584514544,-2.950632510147089,-0.02669706292435993,0.009047911873996494,25.0,91.0,58.0,39,4,-2.950632510147089,alsabtay,0.15686,-2.95063,25.0,91.0,58.0,39
d5571172,0.15754225770959998,2.350691042705974,0.014343782673970832,0.006101942966294341,42.0,18.0,30.0,12,5,2.350691042705974,alsabtay,0.15754,2.35069,42.0,18.0,30.0,12
d5571172,0.15647392326440002,1.8702561703940839,0.021685330683966806,0.011594845148618044,47.0,133.0,90.0,87,6,1.8702561703940839,alsabtay,0.15647,1.87026,47.0,133.0,90.0,87
d5571172,0.1646865458402,7.9138046815452325,0.0413025713558116,0.00521905366860115,124.0,8.0,66.0,43,7,7.9138046815452325,alsabtay,0.16469,7.9138,124.0,8.0,66.0,43
d5571172,0.1542904658402,4.968737401424057,0.02789401651691556,0.005613904351017029,15.0,28.0,21.5,7,8,4.968737401424057,alsabtay,0.15429,4.96874,15.0,28.0,21.5,7
d5571172,0.16449366916179997,-6.0981164393626095,-0.10308423165237562,0.01690427407830052,126.0,189.0,157.5,178,9,-6.0981164393626095,alsabtay,0.16449,-6.09812,126.0,189.0,157.5,178
d5571172,0.15710513059920003,5.421211834944809,0.013665922564993003,0.0025208243066436324,26.0,11.0,18.5,4,10,5.421211834944809,alsabtay,0.1571,5.42121,26.0,11.0,18.5,4
d5571172,0.1661943256052,-5.040621323343534,-0.026470529731774238,0.005251441842930559,149.0,218.0,183.5,203,11,-5.040621323343534,alsabtay,0.16619,-5.04062,149.0,218.0,183.5,203
d5571172,0.16337186324379996,3.7997946498631627,0.02123552986481024,0.005588599338012903,135.0,93.0,114.0,120,12,3.7997946498631627,alsabtay,0.16337,3.7998,135.0,93.0,114.0,120
d562f28c,0.177328,-0.986570152802339,-0.014028613198729079,0.014219579985144488,119.0,121.0,120.0,136,1,-0.986570152802339,Super3,0.17733,-0.98657,119.0,121.0,120.0,136
d562f28c,0.15360800000000002,-2.0553567448696834,-0.010890226323538367,0.005298460401446682,5.0,48.0,26.5,9,2,-2.0553567448696834,Super3,0.15361,-2.05536,5.0,48.0,26.5,9
d562f28c,0.159648,7.028453032759435,0.05478220141556183,0.00779434694380448,54.0,5.0,29.5,12,3,7.028453032759435,Super3,0.15965,7.02845,54.0,5.0,29.5,12
d562f28c,0.16550499999999999,-5.12561264684597,-0.018409252692072102,0.0035916199604744186,132.0,177.0,154.5,172,4,-5.12561264684597,Super3,0.16551,-5.12561,132.0,177.0,154.5,172
d562f28c,0.165305,-0.9567074097687807,-0.0022569966951606346,0.002359129522897822,122.0,131.0,126.5,141,5,-0.9567074097687807,Super3,0.16531,-0.95671,122.0,131.0,126.5,141
d562f28c,0.17530500000000004,1.1902595267921978,0.0038387616933079505,0.0032251467910142115,158.0,140.0,149.0,164,6,1.1902595267921978,Super3,0.1753,1.19026,158.0,140.0,149.0,164
d562f28c,0.157305,10.224902724311043,0.018974859026807567,0.0018557495888633108,15.0,4.0,9.5,5,7,10.224902724311043,Super3,0.15731,10.2249,15.0,4.0,9.5,5
d562f28c,0.161505,4.955871034454484,0.014325090718704695,0.002890529357828926,110.0,29.0,69.5,51,8,4.955871034454484,Super3,0.16151,4.95587,110.0,29.0,69.5,51
d562f28c,0.17090500000000006,1.3972419671209664,0.0037731557368754767,0.002700431153417263,150.0,139.0,144.5,160,9,1.3972419671209664,Super3,0.17091,1.39724,150.0,139.0,144.5,160
d562f28c,0.16061,-3.2516970680395234,-0.007615989961026593,0.0023421585103615876,116.0,186.0,151.0,173,10,-3.2516970680395234,Super3,0.16061,-3.2517,116.0,186.0,151.0,173
d562f28c,0.161408,-3.7603391228612804,-0.01325393547248149,0.003524664940963206,129.0,214.0,171.5,191,11,-3.7603391228612804,Super3,0.16141,-3.76034,129.0,214.0,171.5,191
d562f28c,0.16696800000000003,-8.02533957844381,-0.03826812477422611,0.004768411903343616,146.0,203.0,174.5,195,12,-8.02533957844381,Super3,0.16697,-8.02534,146.0,203.0,174.5,195
d5c78bbc,0.16,3.9903564609732767,0.04404783020812661,0.011038570272837988,63.5,50.5,57.0,35,1,3.9903564609732767,dummy,0.16,3.99036,63.5,50.5,57.0,35
d5c78bbc,0.16,-4.201788115857458,-0.0444415184573142,0.010576810927136677,48.5,74.0,61.25,38,2,-4.201788115857458,dummy,0.16,-4.20179,48.5,74.0,61.25,38
d5c78bbc,0.16,-0.6328635771081624,-0.00860281423245757,0.013593473449313812,76.5,138.0,107.25,125,3,-0.6328635771081624,dummy,0.16,-0.63286,76.5,138.0,107.25,125
d5c78bbc,0.16,-3.3567740040337894,-0.04296955843941029,0.012800849383299073,83.5,97.0,90.25,76,4,-3.3567740040337894,dummy,0.16,-3.35677,83.5,97.0,90.25,76
d5c78bbc,0.16,1.8792673060700968,0.013691860091812051,0.007285743783008878,79.5,25.0,52.25,30,5,1.8792673060700968,dummy,0.16,1.87927,79.5,25.0,52.25,30
d5c78bbc,0.16,9.536175428318009,0.06070481934759763,0.006365740626722589,88.5,8.0,48.25,28,6,9.536175428318009,dummy,0.16,9.53618,88.5,8.0,48.25,28
d5c78bbc,0.16,-5.430989427825216,-0.05509233103075942,0.010144068914680353,64.0,173.0,118.5,128,7,-5.430989427825216,dummy,0.16,-5.43099,64.0,173.0,118.5,128
d5c78bbc,0.16,-4.319639331177961,-0.052178319254513536,0.012079323122628518,69.0,120.0,94.5,75,8,-4.319639331177961,dummy,0.16,-4.31964,69.0,120.0,94.5,75
d5c78bbc,0.15999999999999998,4.969776824709274,0.06386646826308379,0.012850973095118793,73.0,106.0,89.5,87,9,4.969776824709274,dummy,0.16,4.96978,73.0,106.0,89.5,87
d5c78bbc,0.16,0.22387507029150447,0.0016098643062635257,0.007190904749543327,83.5,88.0,85.75,58,10,0.22387507029150447,dummy,0.16,0.22387,83.5,88.0,85.75,58
d5c78bbc,0.16,0.5982658093401514,0.005345107487881293,0.008934335548569292,92.0,76.0,84.0,57,11,0.5982658093401514,dummy,0.16,0.59827,92.0,76.0,84.0,57
d5c78bbc,0.16,4.166323843197191,0.028086060345300874,0.006741209133601084,91.5,91.0,91.25,88,12,4.166323843197191,dummy,0.16,4.16632,91.5,91.0,91.25,88
d64f73c2,0.16,3.1348045650877943,0.04817505828364896,0.015367802771558027,63.5,79.0,71.25,69,1,3.1348045650877943,Advanced Analytics Team,0.16,3.13481,63.5,79.0,71.25,69
d64f73c2,0.16,-6.66294832827052,-0.10510167572579576,0.01577404934687174,48.5,149.0,98.75,111,2,-6.66294832827052,Advanced Analytics Team,0.16,-6.66295,48.5,149.0,98.75,111
d64f73c2,0.16,0.5440590614391424,0.011787387636213911,0.021665639765348216,76.5,112.0,94.25,97,3,0.5440590614391424,Advanced Analytics Team,0.16,0.54406,76.5,112.0,94.25,97
d64f73c2,0.16,-3.159119713262411,-0.06288012203350127,0.019904317576039308,83.5,95.0,89.25,73,4,-3.159119713262411,Advanced Analytics Team,0.16,-3.15912,83.5,95.0,89.25,73
d64f73c2,0.16,1.5242566829688657,0.01920954318943098,0.012602564518212024,79.5,36.0,57.75,35,5,1.5242566829688657,Advanced Analytics Team,0.16,1.52426,79.5,36.0,57.75,35
d64f73c2,0.16,6.444437029779765,0.0735985338884514,0.011420475294948548,88.5,35.0,61.75,41,6,6.444437029779765,Advanced Analytics Team,0.16,6.44444,88.5,35.0,61.75,41
d64f73c2,0.16,-5.359722956731798,-0.0852553768380089,0.015906676058867628,64.0,169.0,116.5,121,7,-5.359722956731798,Advanced Analytics Team,0.16,-5.35972,64.0,169.0,116.5,121
d64f73c2,0.16,-3.8109655054583738,-0.07012517218462265,0.01840089396878132,69.0,105.0,87.0,67,8,-3.8109655054583738,Advanced Analytics Team,0.16,-3.81097,69.0,105.0,87.0,67
d64f73c2,0.15999999999999998,5.696182791940616,0.11112448331437033,0.019508588009429322,73.0,94.0,83.5,76,9,5.696182791940616,Advanced Analytics Team,0.16,5.69618,73.0,94.0,83.5,76
d64f73c2,0.16,-2.4469705140675724,-0.029090257595554985,0.011888274676100844,83.5,176.0,129.75,142,10,-2.4469705140675724,Advanced Analytics Team,0.16,-2.44697,83.5,176.0,129.75,142
d64f73c2,0.16,-0.3894346188633141,-0.005039611862095016,0.012940841974462077,92.0,150.0,121.0,128,11,-0.3894346188633141,Advanced Analytics Team,0.16,-0.38943,92.0,150.0,121.0,128
d64f73c2,0.16,8.005964213732707,0.08242129048522222,0.010294986123450839,91.5,8.0,49.75,21,12,8.005964213732707,Advanced Analytics Team,0.16,8.00596,91.5,8.0,49.75,21
d707cb75,0.15973697525,4.029996129727942,0.06075341358905348,0.01507530320957277,45.0,40.0,42.5,15,1,4.029996129727942,M4-SL,0.15974,4.03,45.0,40.0,42.5,15
d707cb75,0.15977621500000003,-4.1768013423261605,-0.06711735187607296,0.016069079272679438,27.0,73.0,50.0,28,2,-4.1768013423261605,M4-SL,0.15978,-4.1768,27.0,73.0,50.0,28
d707cb75,0.15633133675,-0.8779299894245058,-0.015057650539945365,0.017151311290568676,25.0,142.0,83.5,75,3,-0.8779299894245058,M4-SL,0.15633,-0.87793,25.0,142.0,83.5,75
d707cb75,0.16614124100000002,-2.578790197088994,-0.08235971673239349,0.031937346754832285,136.0,77.0,106.5,106,4,-2.578790197088994,M4-SL,0.16614,-2.57879,136.0,77.0,106.5,106
d707cb75,0.1554805455,2.105849443056455,0.02935651367776032,0.013940461781138506,17.0,21.0,19.0,5,5,2.105849443056455,M4-SL,0.15548,2.10585,17.0,21.0,19.0,5
d707cb75,0.16332308050000002,6.929587309257627,0.10372333782174466,0.014968183990289695,117.0,22.0,69.5,50,6,6.929587309257627,M4-SL,0.16332,6.92959,117.0,22.0,69.5,50
d707cb75,0.16097287949999997,-2.7652243897281186,-0.03706590485642447,0.013404302737279434,99.0,72.0,85.5,57,7,-2.7652243897281186,M4-SL,0.16097,-2.76522,99.0,72.0,85.5,57
d707cb75,0.16295526675000002,-5.398684089723271,-0.06149603611994808,0.011390930659752734,126.0,185.0,155.5,180,8,-5.398684089723271,M4-SL,0.16295,-5.39868,126.0,185.0,155.5,180
d707cb75,0.16258460125000002,3.4844405857368503,0.07487852710316216,0.021489397009571247,113.0,122.0,117.5,128,9,3.4844405857368503,M4-SL,0.16259,3.48444,113.0,122.0,117.5,128
d707cb75,0.15716834775000002,-9.534163101711068,-0.09215743875486553,0.009666022887559612,27.0,218.0,122.5,128,10,-9.534163101711068,M4-SL,0.15717,-9.53416,27.0,218.0,122.5,128
d707cb75,0.15106828125000002,1.662180803988761,0.018982129570441125,0.011420014913473562,6.0,34.0,20.0,4,11,1.662180803988761,M4-SL,0.15107,1.66218,6.0,34.0,20.0,4
d707cb75,0.1529047945,5.571731088401254,0.07686518391212792,0.013795565990637844,11.0,41.0,26.0,8,12,5.571731088401254,M4-SL,0.15291,5.57173,11.0,41.0,26.0,8
d874631c,0.16206387835999997,3.4145415056921773,0.0583675704673227,0.01709382368614399,90.0,74.0,82.0,86,1,3.4145415056921773,wp,0.16206,3.41454,90.0,74.0,82.0,86
d874631c,0.17395667836,-5.6162407852409215,-0.09940441406887626,0.01769945731851525,114.0,97.0,105.5,122,2,-5.6162407852409215,wp,0.17396,-5.61624,114.0,97.0,105.5,122
d874631c,0.16468867836,-0.23704115530396933,-0.0055246314065007275,0.023306633818149534,125.0,127.0,126.0,154,3,-0.23704115530396933,wp,0.16469,-0.23704,125.0,127.0,126.0,154
d874631c,0.15302159199999998,-1.819472483809761,-0.029454195247664114,0.01618831584965248,7.0,65.0,36.0,13,4,-1.819472483809761,wp,0.15302,-1.81947,7.0,65.0,36.0,13
d874631c,0.15715039200000003,2.2310929822030277,0.022694812389113753,0.010172060317586775,37.0,19.0,28.0,11,5,2.2310929822030277,wp,0.15715,2.23109,37.0,19.0,28.0,11
d874631c,0.15847094428,5.384293476447417,0.06404239911671494,0.011894299483647468,61.0,84.0,72.5,68,6,5.384293476447417,wp,0.15847,5.38429,61.0,84.0,72.5,68
d874631c,0.16449294428000003,-5.501705905514125,-0.08315711246711838,0.015114786921593456,121.0,176.0,148.5,181,7,-5.501705905514125,wp,0.16449,-5.50171,121.0,176.0,148.5,181
d874631c,0.16312043527999998,-4.639018455268961,-0.07677620004194735,0.016550095840801308,127.0,131.0,129.0,145,8,-4.639018455268961,wp,0.16312,-4.63902,127.0,131.0,129.0,145
d874631c,0.15943043528,7.443840486881319,0.11924014714110194,0.01601863276775547,46.0,67.0,56.5,22,9,7.443840486881319,wp,0.15943,7.44384,46.0,67.0,56.5,22
d874631c,0.16018723527999998,0.14059081638697524,0.0012209435044989534,0.008684375949125403,109.0,89.0,99.0,95,10,0.14059081638697524,wp,0.16019,0.14059,109.0,89.0,99.0,95
d874631c,0.15301963528,0.11585243683403904,0.0013658495794899202,0.011789562799153957,19.0,131.0,75.0,47,11,0.11585243683403904,wp,0.15302,0.11585,19.0,131.0,75.0,47
d874631c,0.15255163528000001,6.917749052497177,0.05353471025656304,0.007738747076585268,9.0,19.0,14.0,4,12,6.917749052497177,wp,0.15255,6.91775,9.0,19.0,14.0,4
d9bc9425,0.276,6.25816150856042,0.0737289539934426,0.011781248197667986,146.0,3.0,74.5,77,1,6.25816150856042,chicken_STU,0.276,6.25816,146.0,3.0,74.5,77
d9bc9425,0.33487880000000003,-4.52965538117135,-0.06396390609238412,0.014121141833055592,172.0,79.0,125.5,152,2,-4.52965538117135,chicken_STU,0.33488,-4.52965,172.0,79.0,125.5,152
d9bc9425,0.2964788,0.9870274105673964,0.017976332932685298,0.018212597482324767,176.0,95.0,135.5,159,3,0.9870274105673964,chicken_STU,0.29648,0.98703,176.0,95.0,135.5,159
d9bc9425,0.32051880000000005,-3.9649411888230124,-0.06719991187762137,0.016948526769338935,193.0,112.0,152.5,170,4,-3.9649411888230124,chicken_STU,0.32052,-3.96494,193.0,112.0,152.5,170
d9bc9425,0.30475879999999994,1.5180331045216053,0.01494798361509066,0.009846941789718996,189.0,37.0,113.0,124,5,1.5180331045216053,chicken_STU,0.30476,1.51803,189.0,37.0,113.0,124
d9bc9425,0.3212388,6.270067863931606,0.06142306826512006,0.009796236595532654,194.0,41.0,117.5,130,6,6.270067863931606,chicken_STU,0.32124,6.27007,194.0,41.0,117.5,130
d9bc9425,0.3404388000000001,-4.756705266366622,-0.06606984139650977,0.013889832919367903,205.0,112.0,158.5,190,7,-4.756705266366622,chicken_STU,0.34044,-4.75671,205.0,112.0,158.5,190
d9bc9425,0.3079588,-3.766721412524983,-0.061773829467279134,0.0163998933560286,201.0,104.0,152.5,178,8,-3.766721412524983,chicken_STU,0.30796,-3.76672,201.0,104.0,152.5,178
d9bc9425,0.30799879999999996,5.704146085429329,0.09428521101851035,0.01652924199458224,204.0,93.0,148.5,172,9,5.704146085429329,chicken_STU,0.308,5.70415,204.0,93.0,148.5,172
d9bc9425,0.3237588,-0.5464151722322298,-0.005191063016387066,0.009500217563835933,220.0,138.0,179.0,203,10,-0.5464151722322298,chicken_STU,0.32376,-0.54641,220.0,138.0,179.0,203
d9bc9425,0.3164388,0.5363526468596003,0.0060595900319140895,0.011297772216457978,219.0,112.0,165.5,186,11,0.5363526468596003,chicken_STU,0.31644,0.53635,219.0,112.0,165.5,186
d9bc9425,0.2921988,5.340033237894684,0.04429764785310095,0.008295388039675453,210.0,43.0,126.5,139,12,5.340033237894684,chicken_STU,0.2922,5.34003,210.0,43.0,126.5,139
db080390,0.1532379262508,5.583817669190948,0.04913000511363262,0.00879864064772573,4.0,12.0,8.0,2,3,5.583817669190948,mees_STU,0.15324,5.58382,4.0,12.0,8.0,2
db080390,0.155572571158,-2.177161210005799,-0.019316789884669443,0.008872466492556144,12.0,71.0,41.5,18,4,-2.177161210005799,mees_STU,0.15557,-2.17716,12.0,71.0,41.5,18
db080390,0.15796997559259998,1.2871939405277406,0.007882759440256059,0.006123987374446606,48.0,41.0,44.5,21,5,1.2871939405277406,mees_STU,0.15797,1.28719,48.0,41.0,44.5,21
db080390,0.1576655480966,4.52705277527201,0.056100919181309966,0.012392371365261832,55.0,104.0,79.5,76,6,4.52705277527201,mees_STU,0.15767,4.52705,55.0,104.0,79.5,76
db080390,0.16355730003219995,7.207804799838015,0.01617393431610903,0.002243947327273973,116.0,11.0,63.5,39,7,7.207804799838015,mees_STU,0.16356,7.2078,116.0,11.0,63.5,39
db080390,0.15217478417459998,3.8409597584489887,0.04511187011211844,0.011744947343664694,8.0,44.0,26.0,11,8,3.8409597584489887,mees_STU,0.15218,3.84096,8.0,44.0,26.0,11
db080390,0.16222698543,-7.108664397530884,-0.09651125546186994,0.013576566576330718,112.0,194.0,153.0,176,9,-7.108664397530884,mees_STU,0.16223,-7.10866,112.0,194.0,153.0,176
db080390,0.1557857745022,-7.153737415555564,-0.02135584326561071,0.002985270778764278,18.0,214.0,116.0,116,10,-7.153737415555564,mees_STU,0.15579,-7.15374,18.0,214.0,116.0,116
db080390,0.15472477876540003,-2.5764517325834633,-0.030808350238794975,0.011957666370835824,30.0,202.0,116.0,121,11,-2.5764517325834633,mees_STU,0.15473,-2.57645,30.0,202.0,116.0,121
db080390,0.15979127644500002,3.789349480316652,0.04000129391093494,0.010556242995985761,66.0,94.0,80.0,73,12,3.789349480316652,mees_STU,0.15979,3.78935,66.0,94.0,80.0,73
db21f28b,0.1582166801248,4.553316572820768,0.049802989429457226,0.01093773925730018,39.0,17.0,28.0,8,1,4.553316572820768,21,0.15822,4.55332,39.0,17.0,28.0,8
db21f28b,0.155735931821,-3.930433915655732,-0.04539861757973964,0.011550535781534844,10.0,70.0,40.0,16,2,-3.930433915655732,21,0.15574,-3.93043,10.0,70.0,40.0,16
db21f28b,0.15336955978779998,1.823401718440047,0.027643231076766132,0.015160252837984278,5.0,43.0,24.0,8,3,1.823401718440047,21,0.15337,1.8234,5.0,43.0,24.0,8
db21f28b,0.1582157552286,-3.915427636144544,-0.05924521191725067,0.015131223820953678,44.0,110.0,77.0,58,4,-3.915427636144544,21,0.15822,-3.91543,44.0,110.0,77.0,58
db21f28b,0.157329883269,1.8411882183641115,0.01855586073147793,0.010078198712331942,39.0,30.0,34.5,15,5,1.8411882183641115,21,0.15733,1.84119,39.0,30.0,34.5,15
db21f28b,0.1532632317196,5.123267365192233,0.013539644286765034,0.002642775268523782,27.0,87.0,57.0,35,6,5.123267365192233,21,0.15326,5.12327,27.0,87.0,57.0,35
db21f28b,0.1582783845088,-3.347104022802358,-0.013001759673200816,0.003884480310329618,24.0,78.0,51.0,31,7,-3.347104022802358,21,0.15828,-3.3471,24.0,78.0,51.0,31
db21f28b,0.1591638603818,-0.44629523993998726,-0.0014562116850383995,0.003262888677087872,41.0,71.0,56.0,36,8,-0.44629523993998726,21,0.15916,-0.44629,41.0,71.0,56.0,36
db21f28b,0.16041487265700002,3.649040075702206,0.01773768479057311,0.004860918055869733,102.0,119.0,110.5,121,9,3.649040075702206,21,0.16042,3.64904,102.0,119.0,110.5,121
db21f28b,0.15777804522759997,-6.63836344681119,-0.03395583175175815,0.005115090793660778,33.0,211.0,122.0,125,10,-6.63836344681119,21,0.15778,-6.63836,33.0,211.0,122.0,125
db21f28b,0.1551457731806,0.05992263568276505,0.0004906728495867978,0.008188439043043047,33.0,137.0,85.0,60,11,0.05992263568276505,21,0.15515,0.05992,33.0,137.0,85.0,60
db21f28b,0.16051480216480002,3.5438230077512447,0.03748996668256576,0.010578961364765013,119.0,99.0,109.0,113,12,3.5438230077512447,21,0.16051,3.54382,119.0,99.0,109.0,113
db442696,0.156505,-2.6284268379098568,-0.011079070659753073,0.00421509569905443,32.0,145.0,88.5,100,1,-2.6284268379098568,berserk_HKU,0.15651,-2.62843,32.0,145.0,88.5,100
db442696,0.21510500000000005,3.881756642023102,0.008072244739472604,0.0020795339543144297,153.0,13.0,83.0,62,2,3.881756642023102,berserk_HKU,0.2151,3.88176,153.0,13.0,83.0,62
db442696,0.19690500000000002,1.0812136268035688,0.0025423839675363952,0.0023514168749912425,160.0,90.0,125.0,153,3,1.0812136268035688,berserk_HKU,0.1969,1.08121,160.0,90.0,125.0,153
db442696,0.18830499999999997,-0.11449211130888368,-0.0003139651890510407,0.0027422429847940057,164.0,45.0,104.5,101,4,-0.11449211130888368,berserk_HKU,0.18831,-0.11449,164.0,45.0,104.5,101
db442696,0.16550500000000004,-3.863620296594403,-0.007003355997497528,0.0018126408549180293,125.0,184.0,154.5,176,5,-3.863620296594403,berserk_HKU,0.16551,-3.86362,125.0,184.0,154.5,176
db442696,0.19010499999999997,2.8030732956026334,0.005298647076862083,0.0018902991531382432,171.0,129.0,150.0,167,6,2.8030732956026334,berserk_HKU,0.1901,2.80307,171.0,129.0,150.0,167
db442696,0.20770500000000003,5.023886073332457,0.006139328214810691,0.0012220277540526186,179.0,25.0,102.0,75,7,5.023886073332457,berserk_HKU,0.20771,5.02389,179.0,25.0,102.0,75
db442696,0.201305,3.6537262389878276,0.005807499117447469,0.001589472975691876,178.0,45.0,111.5,117,8,3.6537262389878276,berserk_HKU,0.20131,3.65373,178.0,45.0,111.5,117
db442696,0.16830500000000004,-3.6293374383002965,-0.009292010329542862,0.0025602497666611366,146.0,169.0,157.5,178,9,-3.6293374383002965,berserk_HKU,0.16831,-3.62934,146.0,169.0,157.5,178
db442696,0.19550500000000004,-0.5036045402231882,-0.00038414045027833355,0.0007627819441581873,181.0,133.0,157.0,182,10,-0.5036045402231882,berserk_HKU,0.19551,-0.5036,181.0,133.0,157.0,182
db442696,0.18430500000000002,-2.1624114738455256,-0.004509979077943967,0.002085624837128543,175.0,195.0,185.0,206,11,-2.1624114738455256,berserk_HKU,0.1843,-2.16241,175.0,195.0,185.0,206
db442696,0.147305,-9.745241512828333,-0.018089643081660122,0.001856253953054676,3.0,216.0,109.5,114,12,-9.745241512828333,berserk_HKU,0.1473,-9.74524,3.0,216.0,109.5,114
dcc0145b,0.314667792,5.18835315821587,0.04647099919979283,0.008956791834072627,158.0,7.0,82.5,89,1,5.18835315821587,Stonks,0.31467,5.18835,158.0,7.0,82.5,89
dcc0145b,0.16077708350720002,-4.412884746297863,-0.05393597650670505,0.012222385040070217,71.0,76.0,73.5,51,2,-4.412884746297863,Stonks,0.16078,-4.41289,71.0,76.0,73.5,51
dcc0145b,0.16040420350720003,1.2887999985715182,0.02138543294188381,0.01659329063127485,98.0,61.0,79.5,66,3,1.2887999985715182,Stonks,0.1604,1.2888,98.0,61.0,79.5,66
dcc0145b,0.16080964350719998,-4.423307911642606,-0.06567906623436506,0.014848404756424696,105.5,156.0,130.75,154,4,-4.423307911642606,Stonks,0.16081,-4.42331,105.5,156.0,130.75,154
dcc0145b,0.16072488350720002,1.0072463212912912,0.009469481982095747,0.009401356730651404,106.0,49.0,77.5,69,5,1.0072463212912912,Stonks,0.16073,1.00725,106.0,49.0,77.5,69
dcc0145b,0.15914988350720002,6.918105956043674,0.05664751313448102,0.008188297995782157,63.0,23.0,43.0,23,6,6.918105956043674,Stonks,0.15915,6.91811,63.0,23.0,43.0,23
dcc0145b,0.15994776350720002,-4.334318814365125,-0.05246649094733336,0.012104898876715061,43.0,95.0,69.0,46,7,-4.334318814365125,Stonks,0.15995,-4.33432,43.0,95.0,69.0,46
dcc0145b,0.1587934035072,-2.273172380057626,-0.03496884936270165,0.015383280946698453,36.0,87.0,61.5,44,8,-2.273172380057626,Stonks,0.15879,-2.27317,36.0,87.0,61.5,44
dcc0145b,0.1606509635072,6.722669655220597,0.09027533147308811,0.013428494348667476,104.0,75.0,89.5,87,9,6.722669655220597,Stonks,0.16065,6.72267,104.0,75.0,89.5,87
dcc0145b,0.16269768350719999,-2.9988206488947706,-0.025557516482382282,0.00852252250957443,132.0,183.0,157.5,183,10,-2.9988206488947706,Stonks,0.1627,-2.99882,132.0,183.0,157.5,183
dcc0145b,0.1607998835072,0.07840899449653035,0.0007254652190210042,0.009252321416430185,123.0,136.0,129.5,151,11,0.07840899449653035,Stonks,0.1608,0.07841,123.0,136.0,129.5,151
dcc0145b,0.16101612350720004,1.6313782762781395,0.011114972623323784,0.006813240549384852,123.0,125.0,124.0,135,12,1.6313782762781395,Stonks,0.16102,1.63138,123.0,125.0,124.0,135
dcc4c022,0.18006500000000003,0.8301485637975387,0.00384250073874771,0.0046286904613435445,120.0,102.0,111.0,121,1,0.8301485637975387,Porto ( Serafettin Gunes ),0.18007,0.83015,120.0,102.0,111.0,121
dcc4c022,0.18626500000000004,-3.56665742356836,-0.019103945082507595,0.005356260165686036,137.0,67.0,102.0,113,2,-3.56665742356836,Porto ( Serafettin Gunes ),0.18626,-3.56666,137.0,67.0,102.0,113
dcc4c022,0.1746275,2.531188222903191,0.024127778094700254,0.009532194356935841,142.0,34.0,88.0,82,3,2.531188222903191,Porto ( Serafettin Gunes ),0.17463,2.53119,142.0,34.0,88.0,82
dcc4c022,0.1597275,-2.0577203003845197,-0.018191648504818025,0.008840680874567165,63.0,69.0,66.0,48,4,-2.0577203003845197,Porto ( Serafettin Gunes ),0.15973,-2.05772,63.0,69.0,66.0,48
dcc4c022,0.175155,-1.4259252055059228,-0.005796970757568781,0.004065410117715114,154.0,142.0,148.0,169,5,-1.4259252055059228,Porto ( Serafettin Gunes ),0.17516,-1.42593,154.0,142.0,148.0,169
dcc4c022,0.16875499999999996,4.57884120561282,0.016515504826119392,0.003606918013639436,143.0,102.0,122.5,137,6,4.57884120561282,Porto ( Serafettin Gunes ),0.16875,4.57884,143.0,102.0,122.5,137
dcc4c022,0.16,0.21050459459456375,0.0006940189935879947,0.0032969303825633343,64.0,58.0,61.0,36,7,0.21050459459456375,Porto ( Serafettin Gunes ),0.16,0.2105,64.0,58.0,61.0,36
dcc4c022,0.16582999999999998,-1.5472272629514203,-0.005307076034076824,0.003430055920778753,138.0,81.0,109.5,98,8,-1.5472272629514203,Porto ( Serafettin Gunes ),0.16583,-1.54723,138.0,81.0,109.5,98
dcc4c022,0.16172,-1.363681232830471,-0.008352517379855118,0.006124977875158219,109.0,156.0,132.5,142,9,-1.363681232830471,Porto ( Serafettin Gunes ),0.16172,-1.36368,109.0,156.0,132.5,142
dcc4c022,0.16146000000000002,-2.1887976914561795,-0.007571213377763678,0.0034590740877137186,126.0,171.0,148.5,169,10,-2.1887976914561795,Porto ( Serafettin Gunes ),0.16146,-2.1888,126.0,171.0,148.5,169
dcc4c022,0.15452500000000002,4.256415401651876,0.02275345605791566,0.005345685021505479,27.0,6.0,16.5,3,11,4.256415401651876,Porto ( Serafettin Gunes ),0.15452,4.25641,27.0,6.0,16.5,3
dcc4c022,0.15607500000000002,-3.2146314163451164,-0.00908784407120673,0.0028270252150833447,27.0,164.0,95.5,92,12,-3.2146314163451164,Porto ( Serafettin Gunes ),0.15607,-3.21463,27.0,164.0,95.5,92
dd543bd7,0.149884764116,3.096562863831893,0.03593624584807993,0.01160520468284956,5.0,80.0,42.5,15,1,3.096562863831893,Innovation Team (Mathco),0.14988,3.09656,5.0,80.0,42.5,15
dd543bd7,0.16840084411600004,-1.6993586822094957,-0.017196659850471488,0.010119499803368466,100.0,46.0,73.0,50,2,-1.6993586822094957,Innovation Team (Mathco),0.1684,-1.69936,100.0,46.0,73.0,50
dd543bd7,0.1596675396812,-1.5086499516433147,-0.01895358764185187,0.012563277267338559,55.0,155.0,105.0,117,3,-1.5086499516433147,Innovation Team (Mathco),0.15967,-1.50865,55.0,155.0,105.0,117
dd543bd7,0.1614399374684,-1.5211257089617938,-0.031379163645799464,0.020628908880395248,116.0,61.0,88.5,71,4,-1.5211257089617938,Innovation Team (Mathco),0.16144,-1.52113,116.0,61.0,88.5,71
dd543bd7,0.155079359679,-2.2211156678599644,-0.013429880047808401,0.006046456851456113,14.0,158.0,86.0,84,5,-2.2211156678599644,Innovation Team (Mathco),0.15508,-2.22112,14.0,158.0,86.0,84
dd543bd7,0.1521676233364,9.444531505065605,0.06784982464340025,0.007184032856156896,18.0,10.0,14.0,5,6,9.444531505065605,Innovation Team (Mathco),0.15217,9.44453,18.0,10.0,14.0,5
dd543bd7,0.1662393446314,-4.60278082703228,-0.04912255811684287,0.010672365242408352,132.0,108.0,120.0,133,7,-4.60278082703228,Innovation Team (Mathco),0.16624,-4.60278,132.0,108.0,120.0,133
dd543bd7,0.16451618679920002,-0.9081667149223971,-0.01651914523044116,0.01818955149865047,131.0,73.0,102.0,85,8,-0.9081667149223971,Innovation Team (Mathco),0.16452,-0.90817,131.0,73.0,102.0,85
dd543bd7,0.1528497808182,6.620862008031086,0.07136609562501088,0.010778973423467219,12.0,77.0,44.5,15,9,6.620862008031086,Innovation Team (Mathco),0.15285,6.62086,12.0,77.0,44.5,15
dd543bd7,0.1611474284614,-0.6636281345627867,-0.0037311565734191453,0.005622360444192614,121.0,146.0,133.5,149,10,-0.6636281345627867,Innovation Team (Mathco),0.16115,-0.66363,121.0,146.0,133.5,149
dd543bd7,0.1592489004398,0.6362084973775978,0.005551016998042819,0.008725153815020833,63.0,71.0,67.0,38,11,0.6362084973775978,Innovation Team (Mathco),0.15925,0.63621,63.0,71.0,67.0,38
dd543bd7,0.16,0.10960035321559519,0.00014767501026416918,0.0013473953863422064,91.5,141.0,116.25,125,12,0.10960035321559519,Innovation Team (Mathco),0.16,0.1096,91.5,141.0,116.25,125
dd807d74,0.16155548799999997,-4.649308220831908,-0.025102966787660705,0.00539929073215305,87.0,157.0,122.0,140,1,-4.649308220831908,noname,0.16156,-4.64931,87.0,157.0,122.0,140
dd807d74,0.155179904,3.318546538681268,0.005303416553552461,0.0015981142622938612,8.0,20.0,14.0,3,2,3.318546538681268,noname,0.15518,3.31855,8.0,20.0,14.0,3
dd807d74,0.154128224,-2.406023532331182,-0.004055721934374635,0.0016856534775638997,8.0,168.0,88.0,82,3,-2.406023532331182,noname,0.15413,-2.40602,8.0,168.0,88.0,82
dd807d74,0.16114265000000003,-2.256901226905322,-0.016282320125666307,0.007214458449292764,109.0,74.0,91.5,79,4,-2.256901226905322,noname,0.16114,-2.2569,109.0,74.0,91.5,79
dd807d74,0.162114048,-0.8362621687241992,-0.0020543957175198947,0.002456640745394568,115.0,129.0,122.0,135,5,-0.8362621687241992,noname,0.16211,-0.83626,115.0,129.0,122.0,135
dd807d74,0.163248704,-4.137788984392278,-0.05021221066931449,0.01213503415923691,116.0,183.0,149.5,165,6,-4.137788984392278,noname,0.16325,-4.13779,116.0,183.0,149.5,165
dd807d74,0.1598648,-5.676339182799225,-0.049628946488992076,0.008743125611552709,42.0,182.0,112.0,114,7,-5.676339182799225,noname,0.15987,-5.67634,42.0,182.0,112.0,114
dd807d74,0.1601368,-4.072137464995892,-0.034125884715990776,0.00838033711026138,91.0,108.0,99.5,81,8,-4.072137464995892,noname,0.16014,-4.07214,91.0,108.0,99.5,81
dd807d74,0.167589472,7.1509511227165925,0.10817644088195293,0.01512755982044211,143.0,71.0,107.0,113,9,7.1509511227165925,noname,0.16759,7.15095,143.0,71.0,107.0,113
dd807d74,0.15867583999999998,-5.558250608123224,-0.04565196859948623,0.008213369964421393,47.0,201.0,124.0,129,10,-5.558250608123224,noname,0.15868,-5.55825,47.0,201.0,124.0,129
dd807d74,0.15470783999999999,1.7850772501107601,0.018191542276397046,0.010190899175522124,29.0,31.0,30.0,7,11,1.7850772501107601,noname,0.15471,1.78508,29.0,31.0,30.0,7
dd807d74,0.15976384,-0.11309777188072968,-0.0010028374355648137,0.008866995510949438,65.0,143.0,104.0,106,12,-0.11309777188072968,noname,0.15976,-0.1131,65.0,143.0,104.0,106
dd8bb8b0,0.16,3.9903564609732767,0.04404783020812661,0.011038570272837988,63.5,50.5,57.0,35,1,3.9903564609732767,Jupayters,0.16,3.99036,63.5,50.5,57.0,35
dd8bb8b0,0.16,-5.972217322696222,-0.0625144726295192,0.010467548190509646,48.5,119.5,84.0,63,2,-5.972217322696222,Jupayters,0.16,-5.97222,48.5,119.5,84.0,63
dd8bb8b0,0.16,1.2145320363375662,0.017810997445674638,0.014664905422654707,76.5,77.0,76.75,44,3,1.2145320363375662,Jupayters,0.16,1.21453,76.5,77.0,76.75,44
dd8bb8b0,0.16,-4.138886891126123,-0.06348132628488458,0.015337777512352444,83.5,130.0,106.75,109,4,-4.138886891126123,Jupayters,0.16,-4.13889,83.5,130.0,106.75,109
dd8bb8b0,0.16,0.5773235167057652,0.0051771401370592236,0.008967485278618521,79.5,72.0,75.75,52,5,0.5773235167057652,Jupayters,0.16,0.57732,79.5,72.0,75.75,52
dd8bb8b0,0.16,6.0600597491224875,0.05115238333481326,0.008440904125115311,88.5,55.0,71.75,51,6,6.0600597491224875,Jupayters,0.16,6.06006,88.5,55.0,71.75,51
dd8bb8b0,0.16,-5.27299710725435,-0.06368220384153285,0.012077041300463028,64.0,150.0,107.0,83,7,-5.27299710725435,Jupayters,0.16,-5.273,64.0,150.0,107.0,83
dd8bb8b0,0.16,-4.834453883606947,-0.07309001273604356,0.015118566542517455,69.0,152.5,110.75,99,8,-4.834453883606947,Jupayters,0.16,-4.83445,69.0,152.5,110.75,99
dd8bb8b0,0.15999999999999998,7.838877206432681,0.1097793302513922,0.014004471222142108,73.0,43.5,58.25,24,9,7.838877206432681,Jupayters,0.16,7.83888,73.0,43.5,58.25,24
dd8bb8b0,0.16,-0.017296953794923936,-0.00014163688740659406,0.00818854516730915,83.5,105.0,94.25,69,10,-0.017296953794923936,Jupayters,0.16,-0.0173,83.5,105.0,94.25,69
dd8bb8b0,0.16,0.5700101716406613,0.006051048095388376,0.010615684414844095,92.0,94.0,93.0,72,11,0.5700101716406613,Jupayters,0.16,0.57001,92.0,94.0,93.0,72
dd8bb8b0,0.16,5.1218135718674525,0.0342011818958729,0.0066775530612300064,91.5,64.0,77.75,51,12,5.1218135718674525,Jupayters,0.16,5.12181,91.5,64.0,77.75,51
dfb3c499,0.1647856,6.11471767920151,0.060515571375529764,0.00989670734617337,98.0,4.0,51.0,27,1,6.11471767920151,Navi,0.16479,6.11472,98.0,4.0,51.0,27
dfb3c499,0.15351440000000002,-2.8737216523707385,-0.03221276908292908,0.011209425608897948,4.0,56.0,30.0,12,2,-2.8737216523707385,Navi,0.15351,-2.87372,4.0,56.0,30.0,12
dfb3c499,0.160212,-1.2738216425388134,-0.01280999150137302,0.01005634625255843,94.0,149.0,121.5,147,3,-1.2738216425388134,Navi,0.16021,-1.27382,94.0,149.0,121.5,147
dfb3c499,0.159528,-4.407177946912042,-0.04633154388931987,0.01051274635320382,61.0,152.0,106.5,106,4,-4.407177946912042,Navi,0.15953,-4.40718,61.0,152.0,106.5,106
dfb3c499,0.1603224,-1.5030523519324386,-0.0096382773450133,0.00641246948758744,101.0,144.0,122.5,137,5,-1.5030523519324386,Navi,0.16032,-1.50305,101.0,144.0,122.5,137
dfb3c499,0.16128240000000002,9.810885610083282,0.06873161275362324,0.007005648163197756,112.0,6.0,59.0,36,6,9.810885610083282,Navi,0.16128,9.81089,112.0,6.0,59.0,36
dfb3c499,0.16043999999999997,-4.688562342408914,-0.050573629188889406,0.010786596294442237,92.0,110.0,101.0,74,7,-4.688562342408914,Navi,0.16044,-4.68856,92.0,110.0,101.0,74
dfb3c499,0.15900000000000003,-5.397598853578225,-0.06971426814537855,0.012915792750912368,39.0,184.0,111.5,117,8,-5.397598853578225,Navi,0.159,-5.3976,39.0,184.0,111.5,117
dfb3c499,0.15963999999999998,7.3551030370003065,0.0885446628162575,0.012038534656935196,47.0,68.0,57.5,23,9,7.3551030370003065,Navi,0.15964,7.3551,47.0,68.0,57.5,23
dfb3c499,0.16201680000000004,-1.3488236454218807,-0.007437178323627422,0.005513825583404007,129.0,161.0,145.0,164,10,-1.3488236454218807,Navi,0.16202,-1.34882,129.0,161.0,145.0,164
dfb3c499,0.1564168,-4.457501303421088,-0.03423123272996056,0.007679466678717161,39.0,215.0,127.0,147,11,-4.457501303421088,Navi,0.15642,-4.4575,39.0,215.0,127.0,147
dfb3c499,0.1603368,-6.948681991337936,-0.041700140705765575,0.006001158314303057,117.0,195.0,156.0,175,12,-6.948681991337936,Navi,0.16034,-6.94868,117.0,195.0,156.0,175
dfcb064c,0.16,3.9903564609732767,0.04404783020812661,0.011038570272837988,63.5,50.5,57.0,35,1,3.9903564609732767,hm2200,0.16,3.99036,63.5,50.5,57.0,35
dfcb064c,0.16,-5.972217322696222,-0.0625144726295192,0.010467548190509646,48.5,119.5,84.0,63,2,-5.972217322696222,hm2200,0.16,-5.97222,48.5,119.5,84.0,63
dfcb064c,0.15304151044,-10.193442212399287,-0.07592316760576066,0.007448236427279476,2.0,185.0,93.5,93,3,-10.193442212399287,hm2200,0.15304,-10.19344,2.0,185.0,93.5,93
dfcb064c,0.17088143104000003,3.3572178158099653,0.037940278531918066,0.01130110723029288,147.0,17.0,82.0,62,4,3.3572178158099653,hm2200,0.17088,3.35722,147.0,17.0,82.0,62
dfcb064c,0.15933736828,-2.0900930776151,-0.02043120838785395,0.00977526245441996,59.0,156.0,107.5,113,5,-2.0900930776151,hm2200,0.15934,-2.09009,59.0,156.0,107.5,113
dfcb064c,0.17643994576,-3.6127717699445268,-0.039191183824508855,0.010847954512529482,160.0,177.0,168.5,180,6,-3.6127717699445268,hm2200,0.17644,-3.61277,160.0,177.0,168.5,180
dfcb064c,0.16002257063999997,-5.27299710725435,-0.06368220384153285,0.012077041300463028,84.0,150.0,117.0,123,7,-5.27299710725435,hm2200,0.16002,-5.273,84.0,150.0,117.0,123
dfcb064c,0.17303127356,-4.834453883606947,-0.07309001273604356,0.015118566542517455,159.0,152.5,155.75,181,8,-4.834453883606947,hm2200,0.17303,-4.83445,159.0,152.5,155.75,181
dfcb064c,0.15999999999999998,-7.671264566182139,-0.10468597763566664,0.013646508568764839,73.0,196.0,134.5,143,9,-7.671264566182139,hm2200,0.16,-7.67127,73.0,196.0,134.5,143
dfcb064c,0.16,-0.017296953794923936,-0.00014163688740659406,0.00818854516730915,83.5,105.0,94.25,69,10,-0.017296953794923936,hm2200,0.16,-0.0173,83.5,105.0,94.25,69
dfcb064c,0.16,0.5700101716406613,0.006051048095388376,0.010615684414844095,92.0,94.0,93.0,72,11,0.5700101716406613,hm2200,0.16,0.57001,92.0,94.0,93.0,72
dfcb064c,0.16,5.1218135718674525,0.0342011818958729,0.0066775530612300064,91.5,64.0,77.75,51,12,5.1218135718674525,hm2200,0.16,5.12181,91.5,64.0,77.75,51
f067b9f5,0.17460000000000003,3.9903564609732767,0.04404783020812661,0.011038570272837988,114.0,50.5,82.25,88,1,3.9903564609732767,Europans,0.1746,3.99036,114.0,50.5,82.25,88
f067b9f5,0.14900000000000002,-6.95694609092791,-0.06209624821748394,0.00892579120290432,1.0,157.0,79.0,57,2,-6.95694609092791,Europans,0.149,-6.95695,1.0,157.0,79.0,57
f067b9f5,0.169,1.0912957544409172,0.014412188777923891,0.013206492116619123,131.5,89.0,110.25,133,3,1.0912957544409172,Europans,0.169,1.0913,131.5,89.0,110.25,133
f067b9f5,0.17000000000000007,-4.5094880819481515,-0.06169951425858501,0.013682154856018622,146.0,163.0,154.5,172,4,-4.5094880819481515,Europans,0.17,-4.50949,146.0,163.0,154.5,172
f067b9f5,0.176,0.19179400504152633,0.0015759820717150667,0.008217055957373863,156.0,95.0,125.5,139,5,0.19179400504152633,Europans,0.176,0.19179,156.0,95.0,125.5,139
f067b9f5,0.17920000000000005,5.485259318108236,0.04331050703840344,0.007895799364566856,164.0,80.0,122.0,135,6,5.485259318108236,Europans,0.1792,5.48526,164.0,80.0,122.0,135
f067b9f5,0.17300000000000001,-5.456802191502244,-0.05970266459916119,0.010940961849805517,153.0,175.0,164.0,193,7,-5.456802191502244,Europans,0.173,-5.4568,153.0,175.0,164.0,193
f067b9f5,0.1624,-5.096905094145197,-0.06968600803804968,0.013672220053321738,119.0,176.0,147.5,170,8,-5.096905094145197,Europans,0.1624,-5.0969,119.0,176.0,147.5,170
f067b9f5,0.174,8.135472166386549,0.10332948424777336,0.012701104758824118,157.0,18.0,87.5,82,9,8.135472166386549,Europans,0.174,8.13547,157.0,18.0,87.5,82
f067b9f5,0.16400000000000003,0.3758380603309089,0.0028581107089827393,0.007604633512812136,135.5,83.0,109.25,108,10,0.3758380603309089,Europans,0.164,0.37584,135.5,83.0,109.25,108
f067b9f5,0.16519999999999999,0.7395703609875519,0.0071982975103379865,0.009733080028688636,146.0,67.0,106.5,107,11,0.7395703609875519,Europans,0.1652,0.73957,146.0,67.0,106.5,107
f067b9f5,0.17500000000000004,5.210028708191433,0.030824893440348188,0.005916453664042955,166.0,46.0,106.0,111,12,5.210028708191433,Europans,0.175,5.21003,166.0,46.0,106.0,111
f24358d7,0.29200000000000004,-9.00479592263071,-0.06406632495389784,0.007114689272733808,183.0,193.0,188.0,197,4,-9.00479592263071,Erol&Eren,0.292,-9.0048,183.0,193.0,188.0,197
f24358d7,0.34,2.2112896507341846,0.0130531948800632,0.005902978325670417,194.0,20.0,107.0,112,5,2.2112896507341846,Erol&Eren,0.34,2.21129,194.0,20.0,107.0,112
f24358d7,0.29200000000000004,2.1609519798772285,0.013190653403645695,0.006104093717249147,189.0,131.0,160.0,173,6,2.1609519798772285,Erol&Eren,0.292,2.16095,189.0,131.0,160.0,173
f24358d7,0.23999999999999996,-4.449618336620854,-0.028555450426649285,0.006417505562586065,191.0,99.0,145.0,176,7,-4.449618336620854,Erol&Eren,0.24,-4.44962,191.0,99.0,145.0,176
f24358d7,0.22,-4.85021289021423,-0.02882552879049242,0.005943147124253183,186.0,166.0,176.0,196,8,-4.85021289021423,Erol&Eren,0.22,-4.85021,186.0,166.0,176.0,196
f24358d7,0.3560000000000001,7.350653380307252,0.04305760664033883,0.005857657056132206,213.0,69.0,141.0,155,9,7.350653380307252,Erol&Eren,0.356,7.35065,213.0,69.0,141.0,155
f24358d7,0.268,-1.4189323312704853,-0.005956046652133776,0.004197555105958326,210.0,163.0,186.5,210,10,-1.4189323312704853,Erol&Eren,0.268,-1.41893,210.0,163.0,186.5,210
f24358d7,0.288,-1.1682541634125572,-0.005425707020378487,0.0046442864834563,216.0,176.0,196.0,218,11,-1.1682541634125572,Erol&Eren,0.288,-1.16825,216.0,176.0,196.0,218
f24358d7,0.428,5.3799442129330375,0.022135845516005965,0.004114512091555304,226.0,42.0,134.0,148,12,5.3799442129330375,Erol&Eren,0.428,5.37994,226.0,42.0,134.0,148
f250dfc3,0.2783356,0.17566424868311478,0.0008780637684859547,0.00499853427813827,148.0,108.0,128.0,146,1,0.17566424868311478,AM naïve,0.27834,0.17566,148.0,108.0,128.0,146
f250dfc3,0.19122177599999998,-4.153267293748194,-0.03111182245403727,0.007490927083086873,143.0,71.0,107.0,124,2,-4.153267293748194,AM naïve,0.19122,-4.15327,143.0,71.0,107.0,124
f250dfc3,0.1885807570444,-8.703674528287713,-0.06307605421180688,0.007247060308471338,155.0,184.0,169.5,182,3,-8.703674528287713,AM naïve,0.18858,-8.70368,155.0,184.0,169.5,182
f250dfc3,0.21792431704440002,9.45567268882908,0.05592865794271775,0.005914825923362575,178.0,1.0,89.5,74,4,9.45567268882908,AM naïve,0.21792,9.45567,178.0,1.0,89.5,74
f250dfc3,0.16,3.2042175469969583,0.012185772933678942,0.0038030416958110833,79.5,11.0,45.25,23,5,3.2042175469969583,AM naïve,0.16,3.20422,79.5,11.0,45.25,23
f250dfc3,0.16,-1.8555342250449642,-0.013408084867209964,0.007225997066631877,88.5,162.0,125.25,142,6,-1.8555342250449642,AM naïve,0.16,-1.85553,88.5,162.0,125.25,142
f250dfc3,0.1641559554304,6.016421086039032,0.05206223291536155,0.008653355902260693,119.0,17.0,68.0,44,7,6.016421086039032,AM naïve,0.16416,6.01642,119.0,17.0,68.0,44
f250dfc3,0.16,7.689251482713915,0.09498447023096523,0.01235288902235781,69.0,7.0,38.0,25,8,7.689251482713915,AM naïve,0.16,7.68925,69.0,7.0,38.0,25
f250dfc3,0.15999999999999998,-8.177974625445039,-0.08444376210832226,0.010325754966955146,73.0,206.0,139.5,152,9,-8.177974625445039,AM naïve,0.16,-8.17797,73.0,206.0,139.5,152
f250dfc3,0.15761992139380002,-6.7377809639192945,-0.02706680132121145,0.004017168481159261,31.0,212.0,121.5,124,10,-6.7377809639192945,AM naïve,0.15762,-6.73778,31.0,212.0,121.5,124
f250dfc3,0.1538150557686,0.0015883006754950817,1.8012310584975683e-05,0.01134061759393331,22.0,139.0,80.5,50,11,0.0015883006754950817,AM naïve,0.15382,0.00159,22.0,139.0,80.5,50
f250dfc3,0.1570574515856,3.4408551193810246,0.011969976168963411,0.003478779475933497,35.0,102.0,68.5,42,12,3.4408551193810246,AM naïve,0.15706,3.44085,35.0,102.0,68.5,42
f371b8c4,0.22899999999999998,-5.27299710725435,-0.06368220384153285,0.012077041300463028,187.0,150.0,168.5,198,7,-5.27299710725435,LRSD,0.229,-5.273,187.0,150.0,168.5,198
f371b8c4,0.214,-4.834453883606947,-0.07309001273604356,0.015118566542517455,185.0,152.5,168.75,190,8,-4.834453883606947,LRSD,0.214,-4.83445,185.0,152.5,168.75,190
f371b8c4,0.244,7.838877206432681,0.1097793302513922,0.014004471222142108,193.0,43.5,118.25,130,9,7.838877206432681,LRSD,0.244,7.83888,193.0,43.5,118.25,130
f371b8c4,0.25299999999999995,-0.017296953794923936,-0.00014163688740659406,0.00818854516730915,205.0,105.0,155.0,180,10,-0.017296953794923936,LRSD,0.253,-0.0173,205.0,105.0,155.0,180
f371b8c4,0.247,0.5700101716406613,0.006051048095388376,0.010615684414844095,207.0,94.0,150.5,172,11,0.5700101716406613,LRSD,0.247,0.57001,207.0,94.0,150.5,172
f371b8c4,0.295,5.1218135718674525,0.0342011818958729,0.0066775530612300064,212.0,64.0,138.0,155,12,5.1218135718674525,LRSD,0.295,5.12181,212.0,64.0,138.0,155
f4767b9c,0.268934814,-0.9504595820162078,-0.007584337145951071,0.007979652464402992,144.0,120.0,132.0,148,1,-0.9504595820162078,M37,0.26893,-0.95046,144.0,120.0,132.0,148
f4767b9c,0.304,-2.455300231401865,-0.010210956624503153,0.004158740545824475,165.0,51.0,108.0,127,2,-2.455300231401865,M37,0.304,-2.4553,165.0,51.0,108.0,127
f4767b9c,0.256,2.1696430881255493,0.02590018265004666,0.011937531473170997,172.0,38.0,105.0,117,3,2.1696430881255493,M37,0.256,2.16964,172.0,38.0,105.0,117
f4767b9c,0.24,5.638260387150289,0.034580975628502035,0.006133270415696441,180.0,5.0,92.5,81,4,5.638260387150289,M37,0.24,5.63826,180.0,5.0,92.5,81
f4767b9c,0.324,0.2049212074383021,0.0014788327865031571,0.007216592196531956,193.0,94.0,143.5,160,5,0.2049212074383021,M37,0.324,0.20492,193.0,94.0,143.5,160
f4767b9c,0.32800000000000007,-1.872005443700518,-0.01956511856671382,0.010451421833495391,196.0,163.0,179.5,190,6,-1.872005443700518,M37,0.328,-1.872,196.0,163.0,179.5,190
f4767b9c,0.268,0.7362092032939092,0.003710479386755161,0.005039979628282187,197.0,51.0,124.0,143,7,0.7362092032939092,M37,0.268,0.73621,197.0,51.0,124.0,143
f4767b9c,0.3400000000000001,-4.982625808629036,-0.025488946919265173,0.005115565145414447,206.5,169.0,187.75,203,8,-4.982625808629036,M37,0.34,-4.98263,206.5,169.0,187.75,203
f4767b9c,0.34400000000000014,-3.1805393098659054,-0.01782162264671562,0.0056033335577503045,210.0,165.0,187.5,202,9,-3.1805393098659054,M37,0.344,-3.18054,210.0,165.0,187.5,202
f4767b9c,0.268,-0.6742071304946191,-0.0029401418706136583,0.004360888127149708,210.0,147.0,178.5,202,10,-0.6742071304946191,M37,0.268,-0.67421,210.0,147.0,178.5,202
f4767b9c,0.28800000000000003,-1.6044074826639405,-0.012675193697112556,0.00790023347190254,216.0,184.0,200.0,220,11,-1.6044074826639405,M37,0.288,-1.60441,216.0,184.0,200.0,220
f4767b9c,0.35200000000000004,-8.696408290429657,-0.056241552725190255,0.006467216216962091,223.0,212.0,217.5,224,12,-8.696408290429657,M37,0.352,-8.69641,223.0,212.0,217.5,224
f5d74bfb,0.18780000000000002,-3.139594858047816,-0.026884847770898307,0.008563158301136716,125.0,150.0,137.5,156,1,-3.139594858047816,Bruce,0.1878,-3.13959,125.0,150.0,137.5,156
f5d74bfb,0.17549999999999996,-3.096781665982283,-0.03760217649432633,0.012142340193815089,120.0,61.0,90.5,95,2,-3.096781665982283,Bruce,0.1755,-3.09678,120.0,61.0,90.5,95
f5d74bfb,0.1555,4.703422981864925,0.06901476873542661,0.01467330686640945,19.0,16.0,17.5,5,3,4.703422981864925,Bruce,0.1555,4.70342,19.0,16.0,17.5,5
f5d74bfb,0.18550000000000005,-5.263806945972992,-0.08544628527283539,0.01623279237818647,160.0,178.0,169.0,185,4,-5.263806945972992,Bruce,0.1855,-5.26381,160.0,178.0,169.0,185
f5d74bfb,0.21057999999999996,0.2325629625576775,0.0020240294144886744,0.00870314598777395,173.0,92.0,132.5,149,5,0.2325629625576775,Bruce,0.21058,0.23256,173.0,92.0,132.5,149
f5d74bfb,0.17938,6.6084747412321905,0.045565899073798995,0.006895070475112832,165.0,31.0,98.0,95,6,6.6084747412321905,Bruce,0.17938,6.60848,165.0,31.0,98.0,95
f5d74bfb,0.19578000000000004,0.7096949907915321,0.004708503821225217,0.006634545660205043,171.0,53.0,112.0,114,7,0.7096949907915321,Bruce,0.19578,0.70969,171.0,53.0,112.0,114
f5d74bfb,0.20738,-1.4140735476064286,-0.014440089076189084,0.010211695919658145,180.0,78.0,129.0,145,8,-1.4140735476064286,Bruce,0.20738,-1.41407,180.0,78.0,129.0,145
f5d74bfb,0.18657999999999997,11.770941101688377,0.10521203813747906,0.00893828600691816,176.0,1.0,88.5,85,9,11.770941101688377,Bruce,0.18658,11.77094,176.0,1.0,88.5,85
f5d74bfb,0.21658000000000002,-3.70647541877739,-0.020695377465361455,0.005583573375535292,196.0,191.0,193.5,216,10,-3.70647541877739,Bruce,0.21658,-3.70648,196.0,191.0,193.5,216
f5d74bfb,0.22048,-1.657780284732164,-0.032998584764287915,0.019905282423852245,197.0,186.0,191.5,212,11,-1.657780284732164,Bruce,0.22048,-1.65778,197.0,186.0,191.5,212
f5d74bfb,0.17887999999999998,-1.50912534145949,-0.013953553668110196,0.009246119778636529,174.0,153.0,163.5,182,12,-1.50912534145949,Bruce,0.17888,-1.50913,174.0,153.0,163.5,182
f743b142,0.2176528660546,-1.0535663517899112,-0.007596403608913255,0.007210180541555519,138.0,125.0,131.5,147,1,-1.0535663517899112,SimpleBest,0.21765,-1.05357,138.0,125.0,131.5,147
f743b142,0.21628105382219995,-3.0906268574032203,-0.01695505784052046,0.00548596081727132,154.0,60.0,107.0,124,2,-3.0906268574032203,SimpleBest,0.21628,-3.09063,154.0,60.0,107.0,124
f743b142,0.18174309046640003,1.7217524578582855,0.012989477339191752,0.007544335005828634,151.0,45.0,98.0,103,3,1.7217524578582855,SimpleBest,0.18174,1.72175,151.0,45.0,98.0,103
f743b142,0.21294019918979995,-2.7868896302664035,-0.014469602831226936,0.005192025788923605,174.0,85.0,129.5,152,4,-2.7868896302664035,SimpleBest,0.21294,-2.78689,174.0,85.0,129.5,152
f743b142,0.21439284799999997,2.7502349333095255,0.00630692917460989,0.0022932328792072965,174.0,16.0,95.0,93,5,2.7502349333095255,SimpleBest,0.21439,2.75023,174.0,16.0,95.0,93
f743b142,0.30190661867380003,-4.143507803743511,-0.014560721406050737,0.0035141049795768806,192.0,184.0,188.0,196,6,-4.143507803743511,SimpleBest,0.30191,-4.14351,192.0,184.0,188.0,196
f743b142,0.31086219244940005,-3.2585765223975756,-0.012177171687864486,0.003736960480800629,202.0,76.0,139.0,163,7,-3.2585765223975756,SimpleBest,0.31086,-3.25858,202.0,76.0,139.0,163
f743b142,0.18104320000000002,1.466178434300593,0.005090245444690195,0.0034717775992376943,167.0,60.0,113.5,123,8,1.466178434300593,SimpleBest,0.18104,1.46618,167.0,60.0,113.5,123
f743b142,0.2421232,-7.951579501422067,-0.040201232779997716,0.00505575436588518,192.0,202.0,197.0,211,9,-7.951579501422067,SimpleBest,0.24212,-7.95158,192.0,202.0,197.0,211
f743b142,0.17600319999999997,1.523275956653175,0.003953256010252533,0.0025952329865025396,164.0,51.0,107.5,103,10,1.523275956653175,SimpleBest,0.176,1.52328,164.0,51.0,107.5,103
f743b142,0.18684320000000004,2.8353843954835924,0.00804012384854668,0.002835638039538335,176.0,18.0,97.0,97,11,2.8353843954835924,SimpleBest,0.18684,2.83538,176.0,18.0,97.0,97
f743b142,0.23200320000000005,-8.348299839840537,-0.02820547000719346,0.003378588520813385,200.0,209.0,204.5,218,12,-8.348299839840537,SimpleBest,0.232,-8.3483,200.0,209.0,204.5,218
f8fbd1bf,0.2968975014972,4.33019640360862,0.03939306167715634,0.009097292133060677,154.0,23.0,88.5,100,1,4.33019640360862,Selamlar H.T.(Ataforecasting),0.2969,4.3302,154.0,23.0,88.5,100
f8fbd1bf,0.15511169580600004,-0.7881274182361442,-0.003888885325010248,0.0049343357876239155,7.0,40.0,23.5,6,2,-0.7881274182361442,Selamlar H.T.(Ataforecasting),0.15511,-0.78813,7.0,40.0,23.5,6
f8fbd1bf,0.1578071977882,6.0907791514578875,0.03705449162374499,0.006083703037381619,44.0,10.0,27.0,9,3,6.0907791514578875,Selamlar H.T.(Ataforecasting),0.15781,6.09078,44.0,10.0,27.0,9
f8fbd1bf,0.15777341319000002,-0.0075283824426741475,-5.80252761688228e-05,0.007707535663957543,36.0,43.0,39.5,16,4,-0.0075283824426741475,Selamlar H.T.(Ataforecasting),0.15777,-0.00753,36.0,43.0,39.5,16
f8fbd1bf,0.15811029620539999,1.665625655948244,0.006952576408565954,0.004174153047977541,49.0,33.0,41.0,18,5,1.665625655948244,Selamlar H.T.(Ataforecasting),0.15811,1.66563,49.0,33.0,41.0,18
f8fbd1bf,0.15721803154800004,6.647145189048687,0.05884480125296051,0.008852642687857725,50.0,28.0,39.0,20,6,6.647145189048687,Selamlar H.T.(Ataforecasting),0.15722,6.64715,50.0,28.0,39.0,20
f8fbd1bf,0.1652647637586,5.548417216488717,0.03308876193673711,0.005963639835592093,129.0,20.0,74.5,49,7,5.548417216488717,Selamlar H.T.(Ataforecasting),0.16526,5.54842,129.0,20.0,74.5,49
f8fbd1bf,0.1505741736374,4.041494519829361,0.02150346989053964,0.005320672782069627,6.0,42.0,24.0,8,8,4.041494519829361,Selamlar H.T.(Ataforecasting),0.15057,4.0415,6.0,42.0,24.0,8
f8fbd1bf,0.16407422049419998,-0.10170144737560602,-0.0006315306398195272,0.006209652429892608,122.0,151.0,136.5,146,9,-0.10170144737560602,Selamlar H.T.(Ataforecasting),0.16407,-0.1017,122.0,151.0,136.5,146
f8fbd1bf,0.1587258318446,-5.7825329394413405,-0.017925953148618938,0.003100017472680543,48.0,203.0,125.5,134,10,-5.7825329394413405,Selamlar H.T.(Ataforecasting),0.15873,-5.78253,48.0,203.0,125.5,134
f8fbd1bf,0.15759108098740002,2.5585585757950917,0.022542402570059135,0.008810586860632616,50.0,22.0,36.0,15,11,2.5585585757950917,Selamlar H.T.(Ataforecasting),0.15759,2.55856,50.0,22.0,36.0,15
f8fbd1bf,0.16417225096440002,-2.006039934798035,-0.010563980280939456,0.005266086730224054,138.0,156.0,147.0,167,12,-2.006039934798035,Selamlar H.T.(Ataforecasting),0.16417,-2.00604,138.0,156.0,147.0,167
fb07c974,0.171412908477,4.750765481507733,0.044517759271031104,0.009370649728831209,110.0,14.0,62.0,54,1,4.750765481507733,FabulousFab,0.17141,4.75077,110.0,14.0,62.0,54
fb07c974,0.19967470847699997,-3.270648646743356,-0.04261732492406939,0.013030236361984106,146.0,63.0,104.5,119,2,-3.270648646743356,FabulousFab,0.19967,-3.27065,146.0,63.0,104.5,119
fb07c974,0.18695470847699996,1.2709006719921585,0.023971064701642387,0.018861477714121697,154.0,62.0,108.0,127,3,1.2709006719921585,FabulousFab,0.18696,1.2709,154.0,62.0,108.0,127
fb07c974,0.16558466847699996,0.18727380140207514,0.0028214774527778944,0.015066055324632451,134.0,41.0,87.5,68,4,0.18727380140207514,FabulousFab,0.16559,0.18727,134.0,41.0,87.5,68
fb07c974,0.18333470847700004,0.9047139762020087,0.008718044608839036,0.009636243982255483,161.0,52.0,106.5,110,5,0.9047139762020087,FabulousFab,0.18333,0.90471,161.0,52.0,106.5,110
fb07c974,0.167466428477,8.717270110641131,0.07545327544594652,0.008655608291159987,140.0,13.0,76.5,75,6,8.717270110641131,FabulousFab,0.16747,8.71727,140.0,13.0,76.5,75
fb07c974,0.202840188477,-6.039878514909179,-0.06963357033735709,0.011528968697875236,177.0,190.0,183.5,206,7,-6.039878514909179,FabulousFab,0.20284,-6.03988,177.0,190.0,183.5,206
fb07c974,0.191141548477,-6.183540799201569,-0.08621756756244801,0.01394307409980712,174.0,200.0,187.0,202,8,-6.183540799201569,FabulousFab,0.19114,-6.18354,174.0,200.0,187.0,202
fb07c974,0.18523886847699994,4.926000342783855,0.07412379384194032,0.015047460146957759,175.0,108.0,141.5,157,9,4.926000342783855,FabulousFab,0.18524,4.926,175.0,108.0,141.5,157
fb07c974,0.195951828477,-0.9207227891222022,-0.009081426121581106,0.009863366290997476,183.0,152.0,167.5,193,10,-0.9207227891222022,FabulousFab,0.19595,-0.92072,183.0,152.0,167.5,193
fb07c974,0.196322028477,-2.7087254155980935,-0.029886297311626626,0.011033343261567786,184.0,205.0,194.5,214,11,-2.7087254155980935,FabulousFab,0.19632,-2.70872,184.0,205.0,194.5,214
fb07c974,0.18009378847700003,0.9472651371011553,0.008678422117179988,0.00916155548987891,178.0,133.0,155.5,174,12,0.9472651371011553,FabulousFab,0.18009,0.94727,178.0,133.0,155.5,174
ffbf60c3,0.16,3.9903564609732767,0.04404783020812661,0.011038570272837988,63.5,50.5,57.0,35,1,3.9903564609732767,Dodger Federer,0.16,3.99036,63.5,50.5,57.0,35
ffbf60c3,0.2840476284,4.9987535666438,0.01841505037354623,0.003683928428964389,161.0,9.0,85.0,84,2,4.9987535666438,Dodger Federer,0.28405,4.99875,161.0,9.0,85.0,84
ffbf60c3,0.23797878496,-1.4628884572125935,-0.045748049027037115,0.03127241096303818,170.0,152.0,161.0,179,3,-1.4628884572125935,Dodger Federer,0.23798,-1.46289,170.0,152.0,161.0,179
ffbf60c3,0.3130526998,-3.952074610232158,-0.035013683787486295,0.008859570539694208,190.0,111.0,150.5,169,4,-3.952074610232158,Dodger Federer,0.31305,-3.95207,190.0,111.0,150.5,169
ffbf60c3,0.31342789979999996,0.023854964990380773,0.00022266151655161645,0.009333969538056418,190.0,102.0,146.0,167,5,0.023854964990380773,Dodger Federer,0.31343,0.02386,190.0,102.0,146.0,167
ffbf60c3,0.2993098998,-4.441134243787343,-0.03812767996880582,0.008585122150302535,190.0,185.0,187.5,195,6,-4.441134243787343,Dodger Federer,0.29931,-4.44113,190.0,185.0,187.5,195
ffbf60c3,0.23959149980000005,5.875093426211962,0.04610939447733659,0.00784828276459702,190.0,18.0,104.0,77,7,5.875093426211962,Dodger Federer,0.23959,5.87509,190.0,18.0,104.0,77
ffbf60c3,0.2852726998,3.0646947895922527,0.022155376719236106,0.0072292277829675185,200.0,53.0,126.5,140,8,3.0646947895922527,Dodger Federer,0.28527,3.06469,200.0,53.0,126.5,140
ffbf60c3,0.2523694998,0.8578403217862468,0.011192777009960108,0.013047622880041163,195.0,144.0,169.5,189,9,0.8578403217862468,Dodger Federer,0.25237,0.85784,195.0,144.0,169.5,189
ffbf60c3,0.27118509980000005,3.868474532222979,0.0253818733952882,0.006561209899113067,212.0,24.0,118.0,119,10,3.868474532222979,Dodger Federer,0.27119,3.86848,212.0,24.0,118.0,119
ffbf60c3,0.24468869979999996,2.839837776744265,0.019311176982197434,0.0068000986325129995,205.0,17.0,111.0,113,11,2.839837776744265,Dodger Federer,0.24469,2.83984,205.0,17.0,111.0,113
ffbf60c3,0.3039978997999999,-7.558652912595185,-0.07094683132101798,0.009386173983832144,215.0,199.0,207.0,220,12,-7.558652912595185,Dodger Federer,0.304,-7.55865,215.0,199.0,207.0,220
