team,rps,ir,returns,risk,rps_rank,ir_rank,overall_rank,position,period,ir_code,team_name,rps_official,ir_official,rps_rank_official,ir_rank_official,overall_rank_official,position_official
0102b20c,0.16483466666666668,1.6424530070819774,0.018719684861656833,0.011397394495270637,95.0,41.0,68.0,59,1,1.6424530070819774,Apollo,0.16484,1.64245,95.0,41.0,68.0,59
0102b20c,0.16426133333333337,-2.7562801486847044,-0.01838308832638686,0.006669528253562782,122.0,140.0,131.0,139,2,-2.7562801486847044,Apollo,0.16426,-2.75628,122.0,140.0,131.0,139
0102b20c,0.16818133333333332,5.825782002694157,0.04835944923846677,0.008300936975688886,143.0,23.0,83.0,56,3,5.825782002694157,Apollo,0.16818,5.82578,143.0,23.0,83.0,56
0102b20c,0.15954133333333334,-11.694772772896084,-0.07160098077368685,0.0061224772951236775,56.0,210.0,133.0,149,4,-11.694772772896084,Apollo,0.15954,-11.69477,56.0,210.0,133.0,149
014dbdb4,0.15068061643533334,2.211301546931406,0.026473045814403094,0.011971703203997389,4.0,35.0,19.5,9,2,2.211301546931406,OMBeasts,0.15068,2.2113,4.0,35.0,19.5,9
014dbdb4,0.16510293643533333,-2.912127643374189,-0.043072920806735054,0.014790876665291993,134.0,144.0,139.0,163,3,-2.912127643374189,OMBeasts,0.1651,-2.91213,134.0,144.0,139.0,163
014dbdb4,0.15973588310200001,6.252818929951554,0.06201680303736349,0.009918215085406924,59.0,33.0,46.0,18,4,6.252818929951554,OMBeasts,0.15974,6.25282,59.0,33.0,46.0,18
015c8cbd,0.15907757626666666,-6.08506942061984,-0.01449681748307935,0.002382358602837873,52.0,172.0,112.0,116,2,-6.08506942061984,Kiwi,0.15908,-6.08507,52.0,172.0,112.0,116
015c8cbd,0.16135944293333335,-7.556717836900083,-0.018646011247707393,0.0024674748548447006,105.0,185.0,145.0,170,3,-7.556717836900083,Kiwi,0.16136,-7.55672,105.0,185.0,145.0,170
015c8cbd,0.15467597626666665,0.6791122785732376,0.0011522451452768891,0.0016966931413722442,5.0,124.0,64.5,30,4,0.6791122785732376,Kiwi,0.15468,0.67911,5.0,124.0,64.5,30
0509c220,0.20426666666666668,-2.061301607677949,-0.03703570897475299,0.017967146989456634,135.0,117.0,126.0,148,1,-2.061301607677949,Droid,0.20427,-2.0613,135.0,117.0,126.0,148
0509c220,0.20426666666666668,0.2707400156957688,0.004763306406374568,0.017593654909613017,170.0,63.0,116.5,123,2,0.2707400156957688,Droid,0.20427,0.27074,170.0,63.0,116.5,123
0509c220,0.204,-2.9836285855555342,-0.05192397900698774,0.01740296337766847,177.0,147.0,162.0,183,3,-2.9836285855555342,Droid,0.204,-2.98363,177.0,147.0,162.0,183
0509c220,0.2048,-0.40886786549604603,-0.004499654125587629,0.011005154734106008,189.0,137.0,163.0,180,4,-0.40886786549604603,Droid,0.2048,-0.40887,189.0,137.0,163.0,180
05cd7224,0.30000000000000004,0.5721642084166461,0.006035210618527999,0.01054803940852798,156.0,54.0,105.0,123,1,0.5721642084166461,ma7,0.3,0.57216,156.0,54.0,105.0,123
05cd7224,0.21965461084453333,2.154245957595601,0.01875446905625186,0.008705816060661948,176.0,37.0,106.5,109,2,2.154245957595601,ma7,0.21965,2.15425,176.0,37.0,106.5,109
05cd7224,0.1610291229334667,-7.252812299830757,-0.09707905021102915,0.013385021726440441,96.0,183.0,139.5,165,3,-7.252812299830757,ma7,0.16103,-7.25281,96.0,183.0,139.5,165
05cd7224,0.16196110960013335,-6.4314798258909605,-0.03690661221198712,0.005738432399867538,123.0,183.0,153.0,171,4,-6.4314798258909605,ma7,0.16196,-6.43148,123.0,183.0,153.0,171
067500b1,0.16243499999999997,-0.301864561959883,-0.003872923336043839,0.012830003332946847,117.0,76.0,96.5,102,2,-0.301864561959883,FlashCrash,0.16243,-0.30186,117.0,76.0,96.5,102
067500b1,0.16096833333333332,-1.4922304715571368,-0.023327985417144766,0.015632964117668836,95.0,88.0,91.5,84,3,-1.4922304715571368,FlashCrash,0.16097,-1.49223,95.0,88.0,91.5,84
067500b1,0.16316833333333333,4.00213509057895,0.04033663799172871,0.01007877972102476,135.0,91.0,113.0,124,4,4.00213509057895,FlashCrash,0.16317,4.00213,135.0,91.0,113.0,124
07449c03,0.31719213333333335,-8.977171013826567,-0.05293701786483947,0.005896848548758433,193.0,187.0,190.0,196,2,-8.977171013826567,TSCOE,0.31719,-8.97717,193.0,187.0,190.0,196
07449c03,0.25209879999999996,3.811409632346289,0.020109512073735285,0.005276135082167998,193.0,31.0,112.0,120,3,3.811409632346289,TSCOE,0.2521,3.81141,193.0,31.0,112.0,120
07449c03,0.25892546666666666,-5.13811840024475,-0.0188579527168885,0.0036702059485414383,205.0,170.0,187.5,207,4,-5.13811840024475,TSCOE,0.25893,-5.13812,205.0,170.0,187.5,207
07c9170b,0.1601593334666,-2.9670174564026377,-0.019786970158869543,0.0066689766574074254,66.0,126.0,96.0,111,1,-2.9670174564026377,Dream Team,0.16016,-2.96702,66.0,126.0,96.0,111
07c9170b,0.157795678455,-12.278034220857814,-0.0733573007980819,0.005974677988229027,44.0,195.0,119.5,129,2,-12.278034220857814,Dream Team,0.1578,-12.27803,44.0,195.0,119.5,129
07c9170b,0.16035285947999997,-3.7387594551286156,-0.03585854026980339,0.009591026301682688,87.0,162.0,124.5,136,3,-3.7387594551286156,Dream Team,0.16035,-3.73876,87.0,162.0,124.5,136
07c9170b,0.16,8.941260002169825,0.053669709251637936,0.0060024771943343125,81.5,15.0,48.25,19,4,8.941260002169825,Dream Team,0.16,8.94126,81.5,15.0,48.25,19
08986844,0.15877333333333332,2.576021150282191,0.04572722201353482,0.017751105035968207,23.0,25.0,24.0,7,1,2.576021150282191,Peters_STU,0.15877,2.57602,23.0,25.0,24.0,7
08986844,0.1567666666666667,2.513584645593961,0.03528953375350301,0.014039524714380197,32.0,30.0,31.0,19,2,2.513584645593961,Peters_STU,0.15677,2.51358,32.0,30.0,31.0,19
08986844,0.15879333333333334,-2.4490658183023157,-0.044044454704820435,0.01798418579675082,20.0,138.0,79.0,52,3,-2.4490658183023157,Peters_STU,0.15879,-2.44907,20.0,138.0,79.0,52
08986844,0.15747333333333333,4.951690524645366,0.05731067792684176,0.011573961991686924,34.0,52.0,43.0,16,4,4.951690524645366,Peters_STU,0.15747,4.95169,34.0,52.0,43.0,16
0b1bfb9c,0.15851531595986668,1.7231402072982964,0.02329130166135564,0.013516776848863602,17.0,40.0,28.5,8,1,1.7231402072982964,T,0.15851,1.72314,17.0,40.0,28.5,8
0b1bfb9c,0.15998500603953333,-9.251906961137204,-0.09055490921651506,0.009787702102592744,65.0,188.0,126.5,136,2,-9.251906961137204,T,0.15998,-9.25191,65.0,188.0,126.5,136
0b1bfb9c,0.160412427023,-8.997052341998394,-0.1036047674483085,0.011515412327288536,89.0,192.0,140.5,167,3,-8.997052341998394,T,0.16041,-8.99705,89.0,192.0,140.5,167
0b1bfb9c,0.1602862946666667,-9.800952959701275,-0.030360372147439245,0.003097695935514887,109.0,204.0,156.5,174,4,-9.800952959701275,T,0.16029,-9.80095,109.0,204.0,156.5,174
0bdd6c11,0.2612866666666666,-4.242753123917832,-0.036032886825243804,0.008492807800226286,184.0,156.0,170.0,186,2,-4.242753123917832,Forctech_STU,0.26129,-4.24275,184.0,156.0,170.0,186
0bdd6c11,0.23106333333333337,-5.7477256208029415,-0.050714415836529185,0.008823388446549493,186.0,174.0,180.0,202,3,-5.7477256208029415,Forctech_STU,0.23106,-5.74773,186.0,174.0,180.0,202
0bdd6c11,0.20231499999999994,10.570881612782447,0.057581546952222944,0.0054471849237810585,188.0,9.0,98.5,98,4,10.570881612782447,Forctech_STU,0.20231,10.57088,188.0,9.0,98.5,98
0cf24559,0.16,-0.34552676076322286,-0.004426784695589494,0.012811698537651071,81.5,77.0,79.25,65,2,-0.34552676076322286,Equally Weighted,0.16,-0.34553,81.5,77.0,79.25,65
0cf24559,0.16,-1.312267565011089,-0.02112689495155848,0.01609953298767996,60.5,83.0,71.75,45,3,-1.312267565011089,Equally Weighted,0.16,-1.31227,60.5,83.0,71.75,45
0cf24559,0.16,4.048195599914161,0.03886105383609409,0.009599598852614265,81.5,90.0,85.75,78,4,4.048195599914161,Equally Weighted,0.16,4.0482,81.5,90.0,85.75,78
0db5fc0c,0.16247490618666668,4.327728897521512,0.01576929056079655,0.0036437796669351484,78.0,17.0,47.5,20,1,4.327728897521512,USYD_PRAZ,0.16248,4.32773,78.0,17.0,47.5,20
0db5fc0c,0.15053182859013334,8.540747137106417,0.04994280568977914,0.005847592123737741,3.0,4.0,3.5,1,2,8.540747137106417,USYD_PRAZ,0.15053,8.54075,3.0,4.0,3.5,1
0db5fc0c,0.1741863253538667,-15.291974590765445,-0.12693311544051447,0.008300636041938439,158.0,203.0,180.5,203,3,-15.291974590765445,USYD_PRAZ,0.17419,-15.29198,158.0,203.0,180.5,203
0db5fc0c,0.1799734051673333,-8.44377965246431,-0.0448813493139045,0.00531531507940356,171.0,196.0,183.5,203,4,-8.44377965246431,USYD_PRAZ,0.17997,-8.44378,171.0,196.0,183.5,203
104bc1c3,0.1694349554604,-1.2632231814812322,-0.0024973191322102553,0.001976942134074792,141.0,121.0,131.0,139,2,-1.2632231814812322,PolarisAI,0.16944,-1.26322,141.0,121.0,131.0,139
104bc1c3,0.17437056879373333,-10.103805318252274,-0.023942890612391743,0.002369690414475772,159.0,197.0,178.0,199,3,-10.103805318252274,PolarisAI,0.17437,-10.1038,159.0,197.0,178.0,199
104bc1c3,0.16160128879373334,14.01074237155054,0.022632873880976893,0.0016153943367721892,120.0,2.0,61.0,27,4,14.01074237155054,PolarisAI,0.1616,14.01074,120.0,2.0,61.0,27
121c1584,0.16161698499653335,-5.345949928168781,-0.10085133908140173,0.018864998819012074,110.0,170.0,140.0,166,3,-5.345949928168781,Blue and Gold,0.16162,-5.34595,110.0,170.0,140.0,166
121c1584,0.24532971866666667,1.104153086675926,0.00811338150699732,0.007348058530020335,202.0,120.0,161.0,178,4,1.104153086675926,Blue and Gold,0.24533,1.10415,202.0,120.0,161.0,178
1240bcc8,0.1744542102066667,-10.813920767148248,-0.024131855181127895,0.0022315546507829403,114.0,158.0,136.0,156,1,-10.813920767148248,cn ccc,0.17445,-10.81392,114.0,158.0,136.0,156
1240bcc8,0.15768543383333333,2.0058573928116483,0.0042343939397481425,0.0021110144494433437,38.0,39.0,38.5,24,2,2.0058573928116483,cn ccc,0.15768,2.00586,38.0,39.0,38.5,24
1240bcc8,0.16058743383333332,-1.5897581768369318,-0.002968755048587651,0.0018674255568192424,91.0,90.0,90.5,83,3,-1.5897581768369318,cn ccc,0.16059,-1.58976,91.0,90.0,90.5,83
1240bcc8,0.15952850049999998,9.814626990757489,0.017036880864895285,0.0017358663636365447,54.0,11.0,32.5,12,4,9.814626990757489,cn ccc,0.15953,9.81463,54.0,11.0,32.5,12
12b14bfc,0.23440000000000003,2.448623438831137,0.02773544873720694,0.011326955503802005,147.0,30.0,88.5,99,1,2.448623438831137,Drazencap,0.2344,2.44862,147.0,30.0,88.5,99
12b14bfc,0.24904,-5.054323151977719,-0.029539178777037427,0.00584433917041473,183.0,162.0,172.5,188,2,-5.054323151977719,Drazencap,0.24904,-5.05432,183.0,162.0,172.5,188
12b14bfc,0.23477333333333336,5.473995788862862,0.0627819004456153,0.011469117417545048,189.0,25.0,107.0,109,3,5.473995788862862,Drazencap,0.23477,5.474,189.0,25.0,107.0,109
12b14bfc,0.2076266666666667,-11.111060193134486,-0.1992065246200034,0.017928669376041446,192.0,207.0,199.5,217,4,-11.111060193134486,Drazencap,0.20763,-11.11106,192.0,207.0,199.5,217
1374c1f1,0.1592844704466667,-0.35262180966917084,-0.0029527104357846036,0.008373589933517814,27.0,90.0,58.5,32,1,-0.35262180966917084,Lo Kheng Hong,0.15928,-0.35262,27.0,90.0,58.5,32
1374c1f1,0.15922687044666667,-0.6991616421863038,-0.005651215154518321,0.008082844958208471,54.0,104.0,79.0,64,2,-0.6991616421863038,Lo Kheng Hong,0.15923,-0.69916,54.0,104.0,79.0,64
1374c1f1,0.16230553711333331,-3.2511732552493604,-0.0308159129670311,0.009478397657607319,113.0,153.0,133.0,153,3,-3.2511732552493604,Lo Kheng Hong,0.16231,-3.25117,113.0,153.0,133.0,153
1374c1f1,0.15635460378,5.403824964558181,0.02972463452556558,0.005500665680424362,18.0,43.0,30.5,11,4,5.403824964558181,Lo Kheng Hong,0.15635,5.40383,18.0,43.0,30.5,11
14cbb019,0.16136763180786665,0.12118539348781998,0.0017244966024149815,0.014230234789709256,73.0,66.0,69.5,63,1,0.12118539348781998,NEOMABS_STU,0.16137,0.12119,73.0,66.0,69.5,63
14cbb019,0.16313576609626668,-4.578730353936535,-0.05706648987353745,0.012463387328427167,119.0,158.0,138.5,154,2,-4.578730353936535,NEOMABS_STU,0.16314,-4.57873,119.0,158.0,138.5,154
14cbb019,0.15873180736933332,-1.8773514343246263,-0.02219009523470622,0.011819894149274755,17.0,98.0,57.5,32,3,-1.8773514343246263,NEOMABS_STU,0.15873,-1.87735,17.0,98.0,57.5,32
14cbb019,0.16,-2.346038968211645,-0.006680513908864792,0.002847571587422208,81.5,156.0,118.75,134,4,-2.346038968211645,NEOMABS_STU,0.16,-2.34604,81.5,156.0,118.75,134
15db49cb,0.16,-0.05355755748029037,-0.0006556449757179547,0.012241875966043403,49.5,76.0,62.75,38,1,-0.05355755748029037,bingo,0.16,-0.05356,49.5,76.0,62.75,38
15db49cb,0.16,-0.6266772403318992,-0.007151802813012071,0.011412258739800974,81.5,92.0,86.75,75,2,-0.6266772403318992,bingo,0.16,-0.62668,81.5,92.0,86.75,75
15db49cb,0.16,-1.9005861782152709,-0.0269928863261842,0.01420240062543843,60.5,111.0,85.75,60,3,-1.9005861782152709,bingo,0.16,-1.90059,60.5,111.0,85.75,60
15db49cb,0.16,4.723227576901588,0.04011059310385468,0.008492199973596659,81.5,66.0,73.75,43,4,4.723227576901588,bingo,0.16,4.72323,81.5,66.0,73.75,43
169b45f0,0.332,-2.355729213203124,-0.011723601146366808,0.004976633596365702,162.0,119.0,140.5,159,1,-2.355729213203124,Overfitters,0.332,-2.35573,162.0,119.0,140.5,159
169b45f0,0.3106666666666667,-3.5290277150148923,-0.01196307166016526,0.0033899058398624044,190.0,150.0,170.0,186,2,-3.5290277150148923,Overfitters,0.31067,-3.52903,190.0,150.0,170.0,186
169b45f0,0.3360000000000001,1.8090349598073634,0.008982288414844906,0.004965237607017497,207.5,45.0,126.25,141,3,1.8090349598073634,Overfitters,0.336,1.80903,207.5,45.0,126.25,141
169b45f0,0.3146666666666667,-3.549954415516878,-0.01135613107259898,0.003198951238066958,216.5,162.0,189.25,209,4,-3.549954415516878,Overfitters,0.31467,-3.54995,216.5,162.0,189.25,209
190cb995,0.20560295164666664,-3.5045502930830463,-0.028571614865105115,0.008152719315085048,137.0,130.0,133.5,155,1,-3.5045502930830463,Placeholder,0.2056,-3.50455,137.0,130.0,133.5,155
190cb995,0.17247602701999998,-2.8641558843811206,-0.025849984507067533,0.0090253413398458,147.0,141.0,144.0,164,2,-2.8641558843811206,Placeholder,0.17248,-2.86416,147.0,141.0,144.0,164
190cb995,0.1735570936866667,-2.8235856352309665,-0.030059820974058064,0.010645974607247638,157.0,142.0,149.5,174,3,-2.8235856352309665,Placeholder,0.17356,-2.82359,157.0,142.0,149.5,174
190cb995,0.19114349368666664,-4.085793167307366,-0.026965510667953163,0.006599822742795389,178.0,164.0,171.0,190,4,-4.085793167307366,Placeholder,0.19114,-4.08579,178.0,164.0,171.0,190
1995b9c2,0.16,0.09518572626426669,0.0014607473225968573,0.015346285414068756,49.5,67.0,58.25,31,1,0.09518572626426669,FunWithFlags,0.16,0.09519,49.5,67.0,58.25,31
1995b9c2,0.16,1.2701676780190776,0.016581097641312714,0.013054258841771338,81.5,48.0,64.75,45,2,1.2701676780190776,FunWithFlags,0.16,1.27017,81.5,48.0,64.75,45
1995b9c2,0.16,-3.00818351970296,-0.04372904401874636,0.014536694231695126,60.5,148.0,104.25,104,3,-3.00818351970296,FunWithFlags,0.16,-3.00818,60.5,148.0,104.25,104
1995b9c2,0.16,2.499349354824714,0.0217589622691384,0.008705850675550882,81.5,109.0,95.25,90,4,2.499349354824714,FunWithFlags,0.16,2.49935,81.5,109.0,95.25,90
1bdff261,0.16024666666666668,-0.11565402434008379,-0.0014234651976501415,0.01230796079749377,67.0,84.0,75.5,71,1,-0.11565402434008379,Arnoud,0.16025,-0.11565,67.0,84.0,75.5,71
1bdff261,0.15984666666666666,-0.507585763393322,-0.005795077540650489,0.01141694263036285,61.0,80.0,70.5,46,2,-0.507585763393322,Arnoud,0.15985,-0.50759,61.0,80.0,70.5,46
1bdff261,0.16038,-1.9238917064946945,-0.027393803896271652,0.014238745249431322,88.0,124.0,106.0,108,3,-1.9238917064946945,Arnoud,0.16038,-1.92389,88.0,124.0,106.0,108
1bdff261,0.16024666666666668,4.618915261703044,0.039398597432485305,0.008529837678372697,108.0,82.0,95.0,89,4,4.618915261703044,Arnoud,0.16025,4.61892,108.0,82.0,95.0,89
1cc29c68,0.16,-1.9005861782152709,-0.0269928863261842,0.01420240062543843,60.5,111.0,85.75,60,3,-1.9005861782152709,BusiMath,0.16,-1.90059,60.5,111.0,85.75,60
1cc29c68,0.16,4.723227576901588,0.04011059310385468,0.008492199973596659,81.5,66.0,73.75,43,4,4.723227576901588,BusiMath,0.16,4.72323,81.5,66.0,73.75,43
1cd83ccc,0.16084966,1.9773455427991913,0.021098612325044133,0.010670169612932845,70.0,34.0,52.0,26,1,1.9773455427991913,Hustlers,0.16085,1.97735,70.0,34.0,52.0,26
1cd83ccc,0.16084966,-0.8453257948864695,-0.00960895480973969,0.011367161475334144,106.0,109.0,107.5,110,2,-0.8453257948864695,Hustlers,0.16085,-0.84533,106.0,109.0,107.5,110
1cd83ccc,0.16084965999999998,-2.003703093383546,-0.026960545792384254,0.013455359669509432,94.0,126.0,110.0,114,3,-2.003703093383546,Hustlers,0.16085,-2.0037,94.0,126.0,110.0,114
1cd83ccc,0.16084966,0.09899369984806267,0.0007834362572750886,0.00791400117863582,115.0,131.0,123.0,138,4,0.09899369984806267,Hustlers,0.16085,0.09899,115.0,131.0,123.0,138
1d06b200,0.16134564496,-5.729225211790149,-0.04278890659677312,0.007468532832104069,104.0,173.0,138.5,162,3,-5.729225211790149,Team_Finfluers,0.16135,-5.72922,104.0,173.0,138.5,162
1d06b200,0.15462111162666667,0.5693054423863633,0.002624862149858051,0.004610639481778692,4.0,125.0,64.5,30,4,0.5693054423863633,Team_Finfluers,0.15462,0.5693,4.0,125.0,64.5,30
1d3cd369,0.1638404459904,-4.57351514611061,-0.04430341761885837,0.00968695110948407,87.0,138.0,112.5,135,1,-4.57351514611061,Big Short,0.16384,-4.57352,87.0,138.0,112.5,135
1d3cd369,0.15350987731813334,-10.460185126317851,-0.11182243611688308,0.010690292262183541,8.0,192.0,100.0,105,2,-10.460185126317851,Big Short,0.15351,-10.46018,8.0,192.0,100.0,105
1d3cd369,0.16063108552493333,-1.6957101026120216,-0.02007655889596113,0.011839617435218315,92.0,93.0,92.5,85,3,-1.6957101026120216,Big Short,0.16063,-1.69571,92.0,93.0,92.5,85
1d3cd369,0.16073556303206668,12.569566830406087,0.26309512949592667,0.02093112141776383,114.0,5.0,59.5,25,4,12.569566830406087,Big Short,0.16074,12.56957,114.0,5.0,59.5,25
1f4595d2,0.16,-0.6266772403318992,-0.007151802813012071,0.011412258739800974,81.5,92.0,86.75,75,2,-0.6266772403318992,speer,0.16,-0.62668,81.5,92.0,86.75,75
1f4595d2,0.16,-1.9005861782152709,-0.0269928863261842,0.01420240062543843,60.5,111.0,85.75,60,3,-1.9005861782152709,speer,0.16,-1.90059,60.5,111.0,85.75,60
1f4595d2,0.16,4.723227576901588,0.04011059310385468,0.008492199973596659,81.5,66.0,73.75,43,4,4.723227576901588,speer,0.16,4.72323,81.5,66.0,73.75,43
203bb693,0.160118556,-11.732941969999356,-0.0861658389767907,0.00734392441359662,65.0,160.0,112.5,135,1,-11.732941969999356,SKIZIODS,0.16012,-11.73294,65.0,160.0,112.5,135
203bb693,0.15988579333333333,2.8206789091374946,0.01939925061459016,0.006877511138097619,63.0,28.0,45.5,29,2,2.8206789091374946,SKIZIODS,0.15989,2.82068,63.0,28.0,45.5,29
203bb693,0.15988249066666668,4.2175813296632585,0.0213133493940654,0.005053453087949606,39.0,28.0,33.5,14,3,4.2175813296632585,SKIZIODS,0.15988,4.21758,39.0,28.0,33.5,14
203bb693,0.16119813333333333,1.4092578786171581,0.007457312505630266,0.005291659261786632,117.0,118.0,117.5,133,4,1.4092578786171581,SKIZIODS,0.1612,1.40926,117.0,118.0,117.5,133
20fbd380,0.21799999999999997,0.2566388750644983,0.0025910204866847596,0.010095978195172443,140.0,61.0,100.5,117,1,0.2566388750644983,smart,0.218,0.25664,140.0,61.0,100.5,117
20fbd380,0.20186666666666672,-3.351565645687956,-0.035116738665171086,0.010477711725668104,168.0,147.0,157.5,175,2,-3.351565645687956,smart,0.20187,-3.35157,168.0,147.0,157.5,175
20fbd380,0.17906666666666668,-1.9004277908966256,-0.021089467825114193,0.011097221334131374,164.0,99.0,131.5,151,3,-1.9004277908966256,smart,0.17907,-1.90043,164.0,99.0,131.5,151
20fbd380,0.20993333333333333,-7.9907252230286305,-0.05600788905675671,0.007009112126061656,193.0,190.0,191.5,212,4,-7.9907252230286305,smart,0.20993,-7.99073,193.0,190.0,191.5,212
21b46979,0.21377139999999997,5.482624750170065,0.01701165395971454,0.003102830256472843,175.0,14.0,94.5,99,2,5.482624750170065,EnterTheData,0.21377,5.48262,175.0,14.0,94.5,99
21b46979,0.23243806666666667,-0.5319802567138698,-0.0014736852612553027,0.002770187883209239,187.0,72.0,129.5,149,3,-0.5319802567138698,EnterTheData,0.23244,-0.53198,187.0,72.0,129.5,149
21b46979,0.25077140000000003,-13.135032935405356,-0.030280057029717745,0.002305289768105426,203.0,213.0,208.0,219,4,-13.135032935405356,EnterTheData,0.25077,-13.13503,203.0,213.0,208.0,219
22dcdc75,0.19595442974133334,-1.170297087088363,-0.009901643958692379,0.008460795184346859,131.0,105.0,118.0,142,1,-1.170297087088363,VTAI,0.19595,-1.1703,131.0,105.0,118.0,142
22dcdc75,0.2031005696,-0.8849624856575515,-0.00859022234223739,0.009706877389107197,169.0,111.0,140.0,157,2,-0.8849624856575515,VTAI,0.2031,-0.88496,169.0,111.0,140.0,157
22dcdc75,0.19750186746666665,-2.256905374158093,-0.02784331188182744,0.012336942523438315,176.0,133.0,154.5,178,3,-2.256905374158093,VTAI,0.1975,-2.25691,176.0,133.0,154.5,178
22dcdc75,0.1922537088,5.273839083956253,0.03895985298806823,0.007387379927193736,179.0,47.0,113.0,124,4,5.273839083956253,VTAI,0.19225,5.27384,179.0,47.0,113.0,124
23c126bd,0.22207660848520003,-7.379775317172859,-0.017727340256545796,0.002402151758644194,177.0,177.0,177.0,192,2,-7.379775317172859,golda2000,0.22208,-7.37978,177.0,177.0,177.0,192
23c126bd,0.20816675515186667,7.6641605968757,0.017367592388610242,0.0022660788704884595,181.0,21.0,101.0,98,3,7.6641605968757,golda2000,0.20817,7.66416,181.0,21.0,101.0,98
23c126bd,0.2169699151518667,-9.028248344124503,-0.016402899930692674,0.0018168419061453402,198.0,201.0,199.5,217,4,-9.028248344124503,golda2000,0.21697,-9.02825,198.0,201.0,199.5,217
25db2913,0.18047488933846667,7.226497692848177,0.059848291893920304,0.008281783851276968,161.0,7.0,84.0,70,2,7.226497692848177,Can't spell Gratitude without Guacamole,0.18047,7.2265,161.0,7.0,84.0,70
25db2913,0.20754098579180003,-4.410301217940473,-0.05671182208744753,0.012858945293067957,180.0,166.0,173.0,195,3,-4.410301217940473,Can't spell Gratitude without Guacamole,0.20754,-4.4103,180.0,166.0,173.0,195
25db2913,0.21663005245846664,2.581025061557653,0.020424671611124167,0.007913395307675875,197.0,107.0,152.0,170,4,2.581025061557653,Can't spell Gratitude without Guacamole,0.21663,2.58102,197.0,107.0,152.0,170
263fb01c,0.16703333333333334,-12.447471903164054,-0.09415437550950839,0.007564136415971749,130.0,196.0,163.0,182,2,-12.447471903164054,vikas,0.16703,-12.44747,130.0,196.0,163.0,182
263fb01c,0.16130000000000003,3.1759547235861767,0.025960470230341405,0.008174068111722875,103.0,36.0,69.5,42,3,3.1759547235861767,vikas,0.1613,3.17596,103.0,36.0,69.5,42
263fb01c,0.16783419999999996,-13.662144463790806,-0.04752219743500134,0.003478384931512828,151.0,214.0,182.5,202,4,-13.662144463790806,vikas,0.16783,-13.66214,151.0,214.0,182.5,202
2b6cb11d,0.16350716532486667,1.073651992885406,0.014239194469355579,0.013262392808574955,83.0,49.0,66.0,55,1,1.073651992885406,Team_QWERTY,0.16351,1.07365,83.0,49.0,66.0,55
2b6cb11d,0.17264242056913334,-2.340051364252968,-0.02668191547394238,0.011402277694216444,148.0,136.0,142.0,163,2,-2.340051364252968,Team_QWERTY,0.17264,-2.34005,148.0,136.0,142.0,163
2b6cb11d,0.17289382056913336,-1.7194294326139508,-0.023990158610838898,0.013952394995570144,156.0,94.0,125.0,138,3,-1.7194294326139508,Team_QWERTY,0.17289,-1.71943,156.0,94.0,125.0,138
2b6cb11d,0.17715646056913337,3.686124894923996,0.030871601072556612,0.008375082763763258,169.0,94.0,131.5,147,4,3.686124894923996,Team_QWERTY,0.17716,3.68613,169.0,94.0,131.5,147
2b8b032c,0.16133756794106668,2.823154876488838,0.0302818686806312,0.010726251305876922,72.0,22.0,47.0,19,1,2.823154876488838,AEML_Inha,0.16134,2.82315,72.0,22.0,47.0,19
2b8b032c,0.16259733333333334,-0.047691528721524934,-0.00024046576152694267,0.005042106386042762,118.0,72.0,95.0,100,2,-0.047691528721524934,AEML_Inha,0.1626,-0.04769,118.0,72.0,95.0,100
2b8b032c,0.16026666666666667,12.58514417972559,0.03982217863127279,0.003164221089769119,85.0,9.0,47.0,26,3,12.58514417972559,AEML_Inha,0.16027,12.58514,85.0,9.0,47.0,26
2b8b032c,0.16013333333333332,2.378025613604262,0.00740276906995217,0.0031129896278670184,105.0,111.0,108.0,114,4,2.378025613604262,AEML_Inha,0.16013,2.37803,105.0,111.0,108.0,114
2bc96665,0.20119332038946666,-4.101571242481234,-0.03429541701860228,0.008361531469548574,133.0,133.0,133.0,154,1,-4.101571242481234,Command Line Heroes,0.20119,-4.10157,133.0,133.0,133.0,154
2bc96665,0.17454503009286668,-1.7307019954560572,-0.013972323604008546,0.008073211702934855,152.0,130.0,141.0,160,2,-1.7307019954560572,Command Line Heroes,0.17455,-1.7307,152.0,130.0,141.0,160
2bc96665,0.18562408342620004,-2.3927222964198434,-0.02434723005632368,0.010175535243999561,166.0,136.0,151.0,176,3,-2.3927222964198434,Command Line Heroes,0.18562,-2.39272,166.0,136.0,151.0,176
2bc96665,0.19527489675953333,5.734453257941732,0.03519813732845556,0.006138011026545403,182.0,39.0,110.5,120,4,5.734453257941732,Command Line Heroes,0.19528,5.73445,182.0,39.0,110.5,120
2c1cbbbf,0.16,-0.05355755748029037,-0.0006556449757179547,0.012241875966043403,49.5,76.0,62.75,38,1,-0.05355755748029037,Fortuneteller,0.16,-0.05356,49.5,76.0,62.75,38
2c1cbbbf,0.16,-0.6266772403318992,-0.007151802813012071,0.011412258739800974,81.5,92.0,86.75,75,2,-0.6266772403318992,Fortuneteller,0.16,-0.62668,81.5,92.0,86.75,75
2c1cbbbf,0.16,-1.9005861782152709,-0.0269928863261842,0.01420240062543843,60.5,111.0,85.75,60,3,-1.9005861782152709,Fortuneteller,0.16,-1.90059,60.5,111.0,85.75,60
2c1cbbbf,0.16,4.723227576901588,0.04011059310385468,0.008492199973596659,81.5,66.0,73.75,43,4,4.723227576901588,Fortuneteller,0.16,4.72323,81.5,66.0,73.75,43
2c78c015,0.16,-0.05355755748029037,-0.0006556449757179547,0.012241875966043403,49.5,76.0,62.75,38,1,-0.05355755748029037,flsck,0.16,-0.05356,49.5,76.0,62.75,38
2c78c015,0.16,-0.6266772403318992,-0.007151802813012071,0.011412258739800974,81.5,92.0,86.75,75,2,-0.6266772403318992,flsck,0.16,-0.62668,81.5,92.0,86.75,75
2c78c015,0.16,-1.9005861782152709,-0.0269928863261842,0.01420240062543843,60.5,111.0,85.75,60,3,-1.9005861782152709,flsck,0.16,-1.90059,60.5,111.0,85.75,60
2c78c015,0.16,4.723227576901588,0.04011059310385468,0.008492199973596659,81.5,66.0,73.75,43,4,4.723227576901588,flsck,0.16,4.72323,81.5,66.0,73.75,43
2d729675,0.16,-0.05355755748029037,-0.0006556449757179547,0.012241875966043403,49.5,76.0,62.75,38,1,-0.05355755748029037,JackofAllTrades,0.16,-0.05356,49.5,76.0,62.75,38
2d729675,0.16,-0.6266772403318992,-0.007151802813012071,0.011412258739800974,81.5,92.0,86.75,75,2,-0.6266772403318992,JackofAllTrades,0.16,-0.62668,81.5,92.0,86.75,75
2d729675,0.16,-1.9005861782152709,-0.0269928863261842,0.01420240062543843,60.5,111.0,85.75,60,3,-1.9005861782152709,JackofAllTrades,0.16,-1.90059,60.5,111.0,85.75,60
2d729675,0.16,4.723227576901588,0.04011059310385468,0.008492199973596659,81.5,66.0,73.75,43,4,4.723227576901588,JackofAllTrades,0.16,4.72323,81.5,66.0,73.75,43
2ddbfd56,0.1694050339862,-10.658687921298453,-0.2493144403539873,0.023390725218232634,106.0,157.0,131.5,153,1,-10.658687921298453,impulsive response,0.16941,-10.65869,106.0,157.0,131.5,153
2ddbfd56,0.16178451047566667,-7.67061342714434,-0.12099703628290745,0.01577410169762041,115.0,178.0,146.5,167,2,-7.67061342714434,impulsive response,0.16179,-7.67061,115.0,178.0,146.5,167
2ddbfd56,0.16121670914506664,3.849629555426236,0.08558055864390182,0.02223085556979683,101.0,30.0,65.5,40,3,3.849629555426236,impulsive response,0.16122,3.84963,101.0,30.0,65.5,40
2ddbfd56,0.1537031688634667,-9.093336699263263,-0.1783351038463561,0.01961162439534486,1.0,202.0,101.5,106,4,-9.093336699263263,impulsive response,0.1537,-9.09334,1.0,202.0,101.5,106
2f030cc5,0.16,-5.8320329833239795,-0.03762534102058367,0.006451496609873257,49.5,141.0,95.25,110,1,-5.8320329833239795,Sushant,0.16,-5.83203,49.5,141.0,95.25,110
2f030cc5,0.16,2.425815357561488,0.01531333055071258,0.006312652982008515,81.5,31.0,56.25,38,2,2.425815357561488,Sushant,0.16,2.42582,81.5,31.0,56.25,38
2f030cc5,0.16,-6.641590177006404,-0.047534827645433195,0.007157145559809112,60.5,179.0,119.75,130,3,-6.641590177006404,Sushant,0.16,-6.64159,60.5,179.0,119.75,130
2f030cc5,0.16,4.246546023667512,0.024626475378666118,0.005799177788587245,81.5,86.0,83.75,75,4,4.246546023667512,Sushant,0.16,4.24655,81.5,86.0,83.75,75
30c5c41c,0.16753066177766662,0.6921588816645763,0.0059338133941736,0.008572906526754872,102.0,52.0,77.0,76,1,0.6921588816645763,Axios,0.16753,0.69216,102.0,52.0,77.0,76
30c5c41c,0.17816639940739998,-1.8683886309838214,-0.011574356404335382,0.00619483345830507,157.0,133.0,145.0,165,2,-1.8683886309838214,Axios,0.17817,-1.86839,157.0,133.0,145.0,165
30c5c41c,0.16908773274073333,-7.17484000923108,-0.050508804439812746,0.007039711599816666,146.0,182.0,164.0,186,3,-7.17484000923108,Axios,0.16909,-7.17484,146.0,182.0,164.0,186
30c5c41c,0.1677371194074,-16.428216975846155,-0.09801214933615844,0.00596608563669827,150.0,220.0,185.0,205,4,-16.428216975846155,Axios,0.16774,-16.42822,150.0,220.0,185.0,205
31bb28c9,0.16005736530373332,-1.606382715242775,-0.011580244945077596,0.00720889538663111,64.0,111.0,87.5,97,1,-1.606382715242775,ouranos,0.16006,-1.60638,64.0,111.0,87.5,97
31bb28c9,0.15927718335893334,0.45304269184342416,0.0018502216730595942,0.004083989668900891,55.0,58.0,56.5,39,2,0.45304269184342416,ouranos,0.15928,0.45304,55.0,58.0,56.5,39
31bb28c9,0.16103595183166666,-7.805390925689981,-0.025830393890229217,0.003309301755177094,97.0,187.0,142.0,168,3,-7.805390925689981,ouranos,0.16104,-7.80539,97.0,187.0,142.0,168
31bb28c9,0.15866473187066665,4.9973284676016245,0.025345298521400446,0.005071769583632043,47.0,51.0,49.0,20,4,4.9973284676016245,ouranos,0.15867,4.99733,47.0,51.0,49.0,20
32cdcc24,0.16,-0.05355755748029037,-0.0006556449757179547,0.012241875966043403,49.5,76.0,62.75,38,1,-0.05355755748029037,M6 Dummy,0.16,-0.05356,49.5,76.0,62.75,38
32cdcc24,0.16,-0.6266772403318992,-0.007151802813012071,0.011412258739800974,81.5,92.0,86.75,75,2,-0.6266772403318992,M6 Dummy,0.16,-0.62668,81.5,92.0,86.75,75
32cdcc24,0.16,-1.9005861782152709,-0.0269928863261842,0.01420240062543843,60.5,111.0,85.75,60,3,-1.9005861782152709,M6 Dummy,0.16,-1.90059,60.5,111.0,85.75,60
32cdcc24,0.16,4.723227576901588,0.04011059310385468,0.008492199973596659,81.5,66.0,73.75,43,4,4.723227576901588,M6 Dummy,0.16,4.72323,81.5,66.0,73.75,43
34cf2f3f,0.16,-0.05355755748029037,-0.0006556449757179547,0.012241875966043403,49.5,76.0,62.75,38,1,-0.05355755748029037,Team Sahand,0.16,-0.05356,49.5,76.0,62.75,38
34cf2f3f,0.16,-0.6266772403318992,-0.007151802813012071,0.011412258739800974,81.5,92.0,86.75,75,2,-0.6266772403318992,Team Sahand,0.16,-0.62668,81.5,92.0,86.75,75
34cf2f3f,0.16,-1.9005861782152709,-0.0269928863261842,0.01420240062543843,60.5,111.0,85.75,60,3,-1.9005861782152709,Team Sahand,0.16,-1.90059,60.5,111.0,85.75,60
34cf2f3f,0.16,4.723227576901588,0.04011059310385468,0.008492199973596659,81.5,66.0,73.75,43,4,4.723227576901588,Team Sahand,0.16,4.72323,81.5,66.0,73.75,43
3653df28,0.16,-0.05355755748029037,-0.0006556449757179547,0.012241875966043403,49.5,76.0,62.75,38,1,-0.05355755748029037,fright131,0.16,-0.05356,49.5,76.0,62.75,38
3653df28,0.16,-0.6266772403318992,-0.007151802813012071,0.011412258739800974,81.5,92.0,86.75,75,2,-0.6266772403318992,fright131,0.16,-0.62668,81.5,92.0,86.75,75
3653df28,0.16,-1.9005861782152709,-0.0269928863261842,0.01420240062543843,60.5,111.0,85.75,60,3,-1.9005861782152709,fright131,0.16,-1.90059,60.5,111.0,85.75,60
3653df28,0.16,4.723227576901588,0.04011059310385468,0.008492199973596659,81.5,66.0,73.75,43,4,4.723227576901588,fright131,0.16,4.72323,81.5,66.0,73.75,43
373b51b4,0.332,-8.88917938987132,-0.03039310143932182,0.0034191121706861846,222.0,199.0,210.5,221,4,-8.88917938987132,Chaotician,0.332,-8.88918,222.0,199.0,210.5,221
37888cb7,0.21624800000000002,-4.302059181352725,-0.049952221019918676,0.011611235204861098,196.0,165.0,180.5,198,4,-4.302059181352725,Pain,0.21625,-4.30206,196.0,165.0,180.5,198
380c6343,0.17124721365999998,1.5598771273361536,0.02132014436392857,0.013667835748279473,108.0,44.0,76.0,73,1,1.5598771273361536,PREMIA,0.17125,1.55988,108.0,44.0,76.0,73
380c6343,0.16006067708333332,-7.256322215096327,-0.06440272884834657,0.008875395405452185,100.0,176.0,138.0,151,2,-7.256322215096327,PREMIA,0.16006,-7.25632,100.0,176.0,138.0,151
380c6343,0.15875364583333332,-5.358874573778271,-0.09047875515289272,0.01688390984099871,18.0,171.0,94.5,87,3,-5.358874573778271,PREMIA,0.15875,-5.35888,18.0,171.0,94.5,87
380c6343,0.16274739583333334,7.510191812041233,0.08147713971645759,0.010848876001518862,131.0,27.0,79.0,67,4,7.510191812041233,PREMIA,0.16275,7.51019,131.0,27.0,79.0,67
3862cc83,0.16245159859539998,-2.499438996821887,-0.039938681235597684,0.01597905821521587,77.0,121.0,99.0,116,1,-2.499438996821887,Dull AI,0.16245,-2.49944,77.0,121.0,99.0,116
3862cc83,0.15248511979846666,0.9896254094120549,0.013684030656876515,0.013827485154212357,6.0,52.0,29.0,18,2,0.9896254094120549,Dull AI,0.15249,0.98962,6.0,52.0,29.0,18
3862cc83,0.1724346980924667,-5.62750087481422,-0.09839028472417963,0.01748383286167464,153.0,172.0,162.5,184,3,-5.62750087481422,Dull AI,0.17244,-5.6275,153.0,172.0,162.5,184
3862cc83,0.16562473674566666,-0.872358545438833,-0.008207322939454618,0.00940819916577534,144.0,141.0,142.5,161,4,-0.872358545438833,Dull AI,0.16562,-0.87236,144.0,141.0,142.5,161
388c6ccc,0.15779140069406666,0.39896184295311155,0.0050905758119435904,0.012759555586226492,42.0,59.0,50.5,33,2,0.39896184295311155,Dileep,0.15779,0.39896,42.0,59.0,50.5,33
388c6ccc,0.16024321066466665,-1.7520135787661848,-0.03083058796497865,0.0175972311736821,84.0,95.0,89.5,80,3,-1.7520135787661848,Dileep,0.16024,-1.75201,84.0,95.0,89.5,80
388c6ccc,0.15791497566766668,2.6030764492585656,0.022499680888016956,0.00864349600428583,41.0,106.0,73.5,41,4,2.6030764492585656,Dileep,0.15791,2.60308,41.0,106.0,73.5,41
38c7fc7b,0.15601437295993334,-1.6133490471183574,-0.006870396704070051,0.004258468876491071,2.0,112.0,57.0,30,1,-1.6133490471183574,MP - Miguel Pérez Michaus,0.15601,-1.61335,2.0,112.0,57.0,30
38c7fc7b,0.15657180116013333,-1.1874444685471846,-0.03147304793560999,0.026504858769620325,31.0,118.0,74.5,56,2,-1.1874444685471846,MP - Miguel Pérez Michaus,0.15657,-1.18744,31.0,118.0,74.5,56
38c7fc7b,0.15753421536300002,8.97887052099365,0.08105906650014019,0.009027757590513706,5.0,17.0,11.0,1,3,8.97887052099365,MP - Miguel Pérez Michaus,0.15753,8.97887,5.0,17.0,11.0,1
38c7fc7b,0.15581514313093334,1.9723208686499107,0.01083378014610322,0.005492909555593324,9.0,114.0,61.5,28,4,1.9723208686499107,MP - Miguel Pérez Michaus,0.15582,1.97232,9.0,114.0,61.5,28
3900b673,0.15994501993180002,-0.5927358609925679,-0.005405449366134544,0.00911949102772832,36.0,94.0,65.0,54,1,-0.5927358609925679,Stochoshi,0.15995,-0.59274,36.0,94.0,65.0,54
3900b673,0.1519965273144667,-3.802141237041741,-0.03074564031107979,0.008086401423373073,5.0,152.0,78.5,63,2,-3.802141237041741,Stochoshi,0.152,-3.80214,5.0,152.0,78.5,63
3900b673,0.16400036731446666,-2.0381417166623814,-0.021570086671575613,0.010583212391579099,127.0,130.0,128.5,145,3,-2.0381417166623814,Stochoshi,0.164,-2.03814,127.0,130.0,128.5,145
3900b673,0.15668332731446666,3.079998972813671,0.019658089618883053,0.006382498758083935,20.0,100.0,60.0,26,4,3.079998972813671,Stochoshi,0.15668,3.08,20.0,100.0,60.0,26
39b9b3b1,0.1706671145366667,-0.8222912697256184,-0.010080685190546272,0.012259263306917983,107.0,100.0,103.5,121,1,-0.8222912697256184,gvg_1327,0.17067,-0.82229,107.0,100.0,103.5,121
39b9b3b1,0.16649375517986667,-0.8285298973477351,-0.009740765092734674,0.011756685092374479,129.0,107.0,118.0,125,2,-0.8285298973477351,gvg_1327,0.16649,-0.82853,129.0,107.0,118.0,125
39b9b3b1,0.17473043517986667,-1.3570268583165188,-0.019785913663902286,0.01458034050147542,160.0,86.0,123.0,133,3,-1.3570268583165188,gvg_1327,0.17473,-1.35703,160.0,86.0,123.0,133
39b9b3b1,0.16916735517986667,5.086783124793421,0.04391612357682663,0.008633378404275905,154.0,49.0,101.5,106,4,5.086783124793421,gvg_1327,0.16917,5.08678,154.0,49.0,101.5,106
3b28f32c,0.16235980322666665,-0.05355755748029037,-0.0006556449757179547,0.012241875966043403,76.0,76.0,76.0,73,1,-0.05355755748029037,Shipwreck,0.16236,-0.05356,76.0,76.0,76.0,73
3b28f32c,0.15422528350666667,-0.6266772403318992,-0.007151802813012071,0.011412258739800974,14.0,92.0,53.0,36,2,-0.6266772403318992,Shipwreck,0.15423,-0.62668,14.0,92.0,53.0,36
3b28f32c,0.16555835017333334,-1.9005861782152709,-0.0269928863261842,0.01420240062543843,135.0,111.0,123.0,133,3,-1.9005861782152709,Shipwreck,0.16556,-1.90059,135.0,111.0,123.0,133
3b28f32c,0.16385328350666667,4.723227576901588,0.04011059310385468,0.008492199973596659,140.0,66.0,103.0,108,4,4.723227576901588,Shipwreck,0.16385,4.72323,140.0,66.0,103.0,108
3b48240b,0.20879148099680003,-4.834600128462497,-0.03311282837118642,0.006849134880099585,182.0,168.0,175.0,198,3,-4.834600128462497,PowerForecast.S,0.20879,-4.8346,182.0,168.0,175.0,198
3b48240b,0.19872425433013333,5.29820902283147,0.0237538957028071,0.004483382139218158,187.0,45.0,116.0,128,4,5.29820902283147,PowerForecast.S,0.19872,5.29821,187.0,45.0,116.0,128
3bdbc3c0,0.16397828575999998,-15.331623170353824,-0.04363906500014822,0.002846343437694935,89.0,163.0,126.0,148,1,-15.331623170353824,Fred Viole,0.16398,-15.33162,89.0,163.0,126.0,148
3bdbc3c0,0.1579057781333333,-5.51997550937407,-0.12704649666125706,0.02301577179925991,45.0,166.0,105.5,108,2,-5.51997550937407,Fred Viole,0.15791,-5.51998,45.0,166.0,105.5,108
3bdbc3c0,0.16639518146666668,-0.9397675066240997,-0.020063039445924878,0.021348939290311036,138.0,76.0,107.0,109,3,-0.9397675066240997,Fred Viole,0.16639,-0.93977,138.0,76.0,107.0,109
3bdbc3c0,0.1641131432,13.239136539593355,0.17999751603507153,0.01359586522102598,141.0,3.0,72.0,38,4,13.239136539593355,Fred Viole,0.16411,13.23914,141.0,3.0,72.0,38
3cd1929f,0.17282166666666665,-0.20133127807397408,-0.0023298446898265025,0.01157219440573193,111.0,86.0,98.5,115,1,-0.20133127807397408,Thedenizens,0.17282,-0.20133,111.0,86.0,98.5,115
3cd1929f,0.17282166666666668,-0.20925427573232386,-0.0022242376771880856,0.010629353543214141,150.0,75.0,112.5,119,2,-0.20925427573232386,Thedenizens,0.17282,-0.20925,150.0,75.0,112.5,119
3cd1929f,0.172755,-1.669275248330013,-0.02209503669395312,0.013236305226509275,155.0,92.0,123.5,135,3,-1.669275248330013,Thedenizens,0.17275,-1.66928,155.0,92.0,123.5,135
3cd1929f,0.17302166666666666,5.067797071302972,0.04047342275925779,0.007986393730807327,162.0,50.0,106.0,111,4,5.067797071302972,Thedenizens,0.17302,5.0678,162.0,50.0,106.0,111
3d227c13,0.16,-0.4607187045413673,-0.007219199217176259,0.015669429406741302,49.5,92.0,70.75,64,1,-0.4607187045413673,Spyros M,0.16,-0.46072,49.5,92.0,70.75,64
3d227c13,0.16,-1.9102816153035456,-0.027622706065075327,0.014460017750150442,81.5,134.0,107.75,111,2,-1.9102816153035456,Spyros M,0.16,-1.91028,81.5,134.0,107.75,111
3d227c13,0.16,-1.347923733240651,-0.022378559952468402,0.016602244919796998,60.5,85.0,72.75,47,3,-1.347923733240651,Spyros M,0.16,-1.34792,60.5,85.0,72.75,47
3d227c13,0.16,7.525100306498288,0.07527071937160584,0.010002620072267467,81.5,26.0,53.75,22,4,7.525100306498288,Spyros M,0.16,7.5251,81.5,26.0,53.75,22
41c16cc4,0.157,5.180871362728125,0.04455714649902397,0.008600319015749742,8.0,11.0,9.5,1,1,5.180871362728125,Felix_STU,0.157,5.18087,8.0,11.0,9.5,1
41c16cc4,0.16515833333333332,-3.2389363191182596,-0.01783014325251319,0.00550493788570907,125.0,145.0,135.0,144,2,-3.2389363191182596,Felix_STU,0.16516,-3.23894,125.0,145.0,135.0,144
41c16cc4,0.16974166666666665,0.2799426181233123,0.001329876788710666,0.004750533511567242,148.0,60.0,104.0,102,3,0.2799426181233123,Felix_STU,0.16974,0.27994,148.0,60.0,104.0,102
41c16cc4,0.17536666666666667,-19.0835104846446,-0.061447192219751486,0.0032199103131048397,165.0,222.0,193.5,214,4,-19.0835104846446,Felix_STU,0.17537,-19.08351,165.0,222.0,193.5,214
47604324,0.21500666666666668,-20.41332589759639,-0.041747842979286486,0.002045126952301397,194.0,223.0,208.5,220,4,-20.41332589759639,FRONTLEARNERS - DAILA,0.21501,-20.41333,194.0,223.0,208.5,220
47dc617b,0.22749274333333336,-3.7046975102429514,-0.042335609626016915,0.011427548270530885,146.0,132.0,139.0,158,1,-3.7046975102429514,gmobaz,0.22749,-3.7047,146.0,132.0,139.0,158
47dc617b,0.15752481672,-4.695367514372958,-0.04432677303825747,0.009440533228244454,37.0,159.0,98.0,103,2,-4.695367514372958,gmobaz,0.15752,-4.69537,37.0,159.0,98.0,103
47dc617b,0.15726124975333336,-12.47819258451554,-0.14185650006737952,0.011368353157444638,2.0,201.0,101.5,100,3,-12.47819258451554,gmobaz,0.15726,-12.47819,2.0,201.0,101.5,100
47dc617b,0.15735924192666664,7.976511685735009,0.04949706358704792,0.006205352105929615,30.0,19.0,24.5,5,4,7.976511685735009,gmobaz,0.15736,7.97651,30.0,19.0,24.5,5
47dd8149,0.1589477876579333,-4.346556558833287,-0.04591714353462737,0.010564027618900365,25.0,136.0,80.5,80,1,-4.346556558833287,MyBloodyValentine,0.15895,-4.34656,25.0,136.0,80.5,80
47dd8149,0.1564279501316,-0.922569514380483,-0.009635780895267428,0.01044450390466021,30.0,113.0,71.5,49,2,-0.922569514380483,MyBloodyValentine,0.15643,-0.92257,30.0,113.0,71.5,49
47dd8149,0.16027025679826667,0.11547781993604715,0.0014563479259090111,0.012611494802339984,86.0,63.0,74.5,49,3,0.11547781993604715,MyBloodyValentine,0.16027,0.11548,86.0,63.0,74.5,49
47dd8149,0.16145181679826667,-2.5212203189715474,-0.019542867808523455,0.0077513526531054425,118.0,157.0,137.5,157,4,-2.5212203189715474,MyBloodyValentine,0.16145,-2.52122,118.0,157.0,137.5,157
481d2b9c,0.16,-1.9005861782152709,-0.0269928863261842,0.01420240062543843,60.5,111.0,85.75,60,3,-1.9005861782152709,Forecast,0.16,-1.90059,60.5,111.0,85.75,60
481d2b9c,0.16,4.723227576901588,0.04011059310385468,0.008492199973596659,81.5,66.0,73.75,43,4,4.723227576901588,Forecast,0.16,4.72323,81.5,66.0,73.75,43
48cf320f,0.3253333333333333,-0.6541560609410144,-0.005088416279987133,0.007778596857556225,160.0,95.0,127.5,151,1,-0.6541560609410144,ML6team,0.32533,-0.65416,160.0,95.0,127.5,151
48cf320f,0.3173333333333334,8.119583985036725,0.05321459414305445,0.0065538572223800655,194.0,5.0,99.5,104,2,8.119583985036725,ML6team,0.31733,8.11958,194.0,5.0,99.5,104
48cf320f,0.328,-6.578830892423098,-0.057948399315489764,0.008808312641419236,206.0,178.0,192.0,206,3,-6.578830892423098,ML6team,0.328,-6.57883,206.0,178.0,192.0,206
48cf320f,0.2946666666666667,8.439554899884063,0.06008177399525225,0.007119069039538757,212.0,16.0,114.0,127,4,8.439554899884063,ML6team,0.29467,8.43956,212.0,16.0,114.0,127
4b556c23,0.15974744991999998,1.9402343547393492,0.0063667266873853965,0.0032814214797473274,33.5,36.0,34.75,12,1,1.9402343547393492,Up-and-Down,0.15975,1.94023,33.5,36.0,34.75,12
4b556c23,0.15524751999333333,-1.3583568982640148,-0.004046376398286807,0.0029788757310086115,20.0,122.0,71.0,48,2,-1.3583568982640148,Up-and-Down,0.15525,-1.35836,20.0,122.0,71.0,48
4b556c23,0.15859551999333335,2.4142554697353646,0.009523466117006232,0.003944680352344872,14.0,39.0,26.5,10,3,2.4142554697353646,Up-and-Down,0.1586,2.41425,14.0,39.0,26.5,10
4b556c23,0.15695965332666667,-8.839469591234295,-0.02806890128806326,0.003175405605320248,25.0,198.0,111.5,122,4,-8.839469591234295,Up-and-Down,0.15696,-8.83947,25.0,198.0,111.5,122
4bc7fc70,0.16,-0.6266772403318992,-0.007151802813012071,0.011412258739800974,81.5,92.0,86.75,75,2,-0.6266772403318992,STATS-UFBA-STU,0.16,-0.62668,81.5,92.0,86.75,75
4bc7fc70,0.16,-1.9005861782152709,-0.0269928863261842,0.01420240062543843,60.5,111.0,85.75,60,3,-1.9005861782152709,STATS-UFBA-STU,0.16,-1.90059,60.5,111.0,85.75,60
4bc7fc70,0.16,4.723227576901588,0.04011059310385468,0.008492199973596659,81.5,66.0,73.75,43,4,4.723227576901588,STATS-UFBA-STU,0.16,4.72323,81.5,66.0,73.75,43
4cb8b66c,0.164814392,2.5997950443655387,0.01568298886996267,0.006032394324295664,94.0,24.0,59.0,33,1,2.5997950443655387,Spoonman,0.16481,2.59979,94.0,24.0,59.0,33
4cb8b66c,0.1597938915065333,-8.558382719227728,-0.05393222616504215,0.0063016843175142286,60.0,185.0,122.5,131,2,-8.558382719227728,Spoonman,0.15979,-8.55838,60.0,185.0,122.5,131
4cb8b66c,0.16015771409586665,-6.079839926152614,-0.03798764083018387,0.006248131742215596,83.0,177.0,130.0,150,3,-6.079839926152614,Spoonman,0.16016,-6.07984,83.0,177.0,130.0,150
4cb8b66c,0.16,4.723227576901588,0.04011059310385468,0.008492199973596659,81.5,66.0,73.75,43,4,4.723227576901588,Spoonman,0.16,4.72323,81.5,66.0,73.75,43
4db767b2,0.15484974830693332,-4.118605728342145,-0.045641356747002065,0.011081749445673207,19.0,154.0,86.5,72,2,-4.118605728342145,Ram_M6,0.15485,-4.11861,19.0,154.0,86.5,72
4db767b2,0.15818290665166668,-0.31606264396852163,-0.003538969019260532,0.01119704934067753,8.0,68.0,38.0,18,3,-0.31606264396852163,Ram_M6,0.15818,-0.31606,8.0,68.0,38.0,18
4db767b2,0.15904017063386663,7.052636261456946,0.06283440479873417,0.008909349989042782,50.0,28.0,39.0,14,4,7.052636261456946,Ram_M6,0.15904,7.05264,50.0,28.0,39.0,14
5004c81c,0.15864,5.548020561267863,0.09900884008703215,0.017845795449684874,21.0,10.0,15.5,5,1,5.548020561267863,Burakhan Sel_STU,0.15864,5.54802,21.0,10.0,15.5,5
5004c81c,0.17010333333333336,-3.3754934367300495,-0.060202017028635764,0.01783502713219772,143.0,148.0,145.5,166,2,-3.3754934367300495,Burakhan Sel_STU,0.1701,-3.37549,143.0,148.0,145.5,166
5004c81c,0.16150333333333336,6.338833741184344,0.09531648620718014,0.015036912166964527,107.0,22.0,64.5,36,3,6.338833741184344,Burakhan Sel_STU,0.1615,6.33883,107.0,22.0,64.5,36
5004c81c,0.16757,-8.157554126005301,-0.09835510727638164,0.012056935909605231,149.0,192.0,170.5,188,4,-8.157554126005301,Burakhan Sel_STU,0.16757,-8.15755,149.0,192.0,170.5,188
515b11f9,0.1636581125476,-4.289628302082476,-0.047630488560086136,0.011103640037287863,86.0,135.0,110.5,131,1,-4.289628302082476,Venu,0.16366,-4.28963,86.0,135.0,110.5,131
515b11f9,0.15628215003773333,-8.018455850224775,-0.16430497524416804,0.020490849898433028,28.0,180.0,104.0,107,2,-8.018455850224775,Venu,0.15628,-8.01846,28.0,180.0,104.0,107
515b11f9,0.15879518287246666,-0.1802210516024356,-0.002476133148692789,0.013739422374224597,21.0,64.0,42.5,23,3,-0.1802210516024356,Venu,0.15879,-0.18022,21.0,64.0,42.5,23
515b11f9,0.16202932350553334,9.34456583291994,0.14531377574777007,0.015550618225176888,126.0,13.0,69.5,37,4,9.34456583291994,Venu,0.16203,9.34457,126.0,13.0,69.5,37
5257c582,0.1671,-8.676507219844297,-0.07735127209210099,0.008915024229472041,131.0,186.0,158.5,178,2,-8.676507219844297,GSub,0.1671,-8.67651,131.0,186.0,158.5,178
5257c582,0.16262666666666667,4.831754893428391,0.04465271046458151,0.009241509855003842,119.0,26.0,72.5,46,3,4.831754893428391,GSub,0.16263,4.83176,119.0,26.0,72.5,46
5257c582,0.16316,-6.468944207580963,-0.04276448309424197,0.006610736114268264,134.0,184.0,159.0,176,4,-6.468944207580963,GSub,0.16316,-6.46894,134.0,184.0,159.0,176
538b0bb5,0.1864,6.067129810438734,0.04258261350139232,0.007018576300795026,125.0,7.0,66.0,55,1,6.067129810438734,Olex,0.1864,6.06713,125.0,7.0,66.0,55
538b0bb5,0.18026666666666671,-5.908419321966314,-0.03956167894597349,0.006695814360854709,160.0,170.0,165.0,183,2,-5.908419321966314,Olex,0.18027,-5.90842,160.0,170.0,165.0,183
538b0bb5,0.1789333333333334,-0.19190975579203343,-0.0009919126745716695,0.005168641221379981,163.0,65.0,114.0,123,3,-0.19190975579203343,Olex,0.17893,-0.19191,163.0,65.0,114.0,123
538b0bb5,0.19360000000000002,-3.2661194577911643,-0.016240731567584668,0.0049724854762563005,181.0,160.0,170.5,188,4,-3.2661194577911643,Olex,0.1936,-3.26612,181.0,160.0,170.5,188
551833fc,0.15946828574086666,-8.387704996888187,-0.04881992102346991,0.005820414647580232,53.0,195.0,124.0,140,4,-8.387704996888187,DeuStat_Grad.project_STU,0.15947,-8.38771,53.0,195.0,124.0,140
59405297,0.27602205461333335,2.0630960760544967,0.009770147828500862,0.004735672730852881,150.0,33.0,91.5,103,1,2.0630960760544967,Hamid,0.27602,2.0631,150.0,33.0,91.5,103
59405297,0.20552549717333332,-3.0854074450465605,-0.016269889224452695,0.005273173645371551,171.0,144.0,157.5,175,2,-3.0854074450465605,Hamid,0.20553,-3.08541,171.0,144.0,157.5,175
59405297,0.21959736384000003,-4.01284874936548,-0.022869769136304174,0.0056991355928678825,184.0,164.0,174.0,197,3,-4.01284874936548,Hamid,0.2196,-4.01285,184.0,164.0,174.0,197
59405297,0.19786763050666667,9.289287105118662,0.04060397550867709,0.004371053994692783,185.0,14.0,99.5,101,4,9.289287105118662,Hamid,0.19787,9.28929,185.0,14.0,99.5,101
5c0347cc,0.15958696015999999,-2.1392929689746016,-0.01991218054890881,0.009307832465065804,30.0,118.0,74.0,68,1,-2.1392929689746016,cantabrigian,0.15959,-2.13929,30.0,118.0,74.0,68
5c0347cc,0.16067336016,0.09972118114426963,0.0009173386727392915,0.00919903537255691,105.0,68.0,86.5,72,2,0.09972118114426963,cantabrigian,0.16067,0.09972,105.0,68.0,86.5,72
5c0347cc,0.16320242682666666,-4.106689452931151,-0.046252140036285666,0.01126263394551862,121.0,165.0,143.0,169,3,-4.106689452931151,cantabrigian,0.1632,-4.10669,121.0,165.0,143.0,169
5c0347cc,0.15573202682666668,5.345306964394126,0.03639998019967228,0.006809708112581352,8.0,44.0,26.0,7,4,5.345306964394126,cantabrigian,0.15573,5.34531,8.0,44.0,26.0,7
5c28385b,0.15942023483633336,-1.178896002494835,-0.012323435645449778,0.010453369609677483,58.0,117.0,87.5,92,2,-1.178896002494835,Meteora,0.15942,-1.1789,58.0,117.0,87.5,92
5c28385b,0.16129828902740004,-7.895090417399941,-0.0722602253993525,0.009152551975858141,102.0,188.0,145.0,170,3,-7.895090417399941,Meteora,0.1613,-7.89509,102.0,188.0,145.0,170
5c28385b,0.16032617744586666,-7.613443312955709,-0.035402235761746434,0.004649963795159919,110.5,186.0,148.25,168,4,-7.613443312955709,Meteora,0.16033,-7.61344,110.5,186.0,148.25,168
5c7bb709,0.16041326176220003,-7.4589174548363815,-0.06458456974095857,0.008658705520206792,68.0,148.0,108.0,127,1,-7.4589174548363815,rnrq,0.16041,-7.45892,68.0,148.0,108.0,127
5c7bb709,0.15378968079373334,0.11037127531785021,0.0010917938609981987,0.009892010922715362,11.0,67.0,39.0,25,2,0.11037127531785021,rnrq,0.15379,0.11037,11.0,67.0,39.0,25
5c7bb709,0.16445078380306666,-2.8019220842246586,-0.034849571656834416,0.012437737599144521,131.0,141.0,136.0,159,3,-2.8019220842246586,rnrq,0.16445,-2.80192,131.0,141.0,136.0,159
5c7bb709,0.1574284341637333,1.6222572221225597,0.01232268732126536,0.007596013229728371,33.0,116.0,74.5,63,4,1.6222572221225597,rnrq,0.15743,1.62226,33.0,116.0,74.5,63
5f3cc21b,0.15781291734666666,-14.221068531622674,-0.0684547001139476,0.004813611576494996,12.0,162.0,87.0,95,1,-14.221068531622674,garch_chen,0.15781,-14.22107,12.0,162.0,87.0,95
5f3cc21b,0.15935918709546668,-1.8622112233141968,-0.006512697127180682,0.003497292383186246,56.0,132.0,94.0,98,2,-1.8622112233141968,garch_chen,0.15936,-1.86221,56.0,132.0,94.0,98
5f3cc21b,0.15961326250013333,1.8886227971923792,0.010371478964647234,0.005491556588253325,33.0,44.0,38.5,19,3,1.8886227971923792,garch_chen,0.15961,1.88862,33.0,44.0,38.5,19
5f3cc21b,0.16631847235,-7.7824074957529605,-0.03463006541815211,0.004449788248308835,146.0,187.0,166.5,184,4,-7.7824074957529605,garch_chen,0.16632,-7.78241,146.0,187.0,166.5,184
5fbf807c,0.16,-5.456192601107426,-0.12389372393350657,0.022706992401324004,49.5,140.0,94.75,108,1,-5.456192601107426,Guy in NYC,0.16,-5.45619,49.5,140.0,94.75,108
5fbf807c,0.16,0.2335728612938809,0.0030303373678568415,0.012973841871312597,81.5,64.0,72.75,51,2,0.2335728612938809,Guy in NYC,0.16,0.23357,81.5,64.0,72.75,51
5fbf807c,0.16,-10.162393173763595,-0.1534725407879005,0.015102007781407523,60.5,198.0,129.25,148,3,-10.162393173763595,Guy in NYC,0.16,-10.16239,60.5,198.0,129.25,148
5fbf807c,0.16,10.496307000566539,0.13559821438978759,0.012918659332512726,81.5,10.0,45.75,17,4,10.496307000566539,Guy in NYC,0.16,10.49631,81.5,10.0,45.75,17
5fc3bcc4,0.18563078933333335,0.18116773786025506,0.002244611420412594,0.012389686193156477,122.0,63.0,92.5,106,1,0.18116773786025506,FAB,0.18563,0.18117,122.0,63.0,92.5,106
5fc3bcc4,0.22424600000000003,-0.6288405144851322,-0.007172679011313955,0.01140619735225972,179.0,102.0,140.5,159,2,-0.6288405144851322,FAB,0.22425,-0.62884,179.0,102.0,140.5,159
5fc3bcc4,0.2531638333333333,-1.9126373183722853,-0.02713177681623548,0.014185531441645966,194.0,123.0,158.5,181,3,-1.9126373183722853,FAB,0.25316,-1.91264,194.0,123.0,158.5,181
5fc3bcc4,0.25477983333333337,4.7212938367541994,0.04006112979627888,0.008485201553102263,204.0,79.0,141.5,159,4,4.7212938367541994,FAB,0.25478,4.72129,204.0,79.0,141.5,159
5ff2c089,0.1687118064066667,-0.326135938491709,-0.004643287858905054,0.014237277499618752,103.0,89.0,96.0,111,1,-0.326135938491709,edo-gin,0.16871,-0.32614,103.0,89.0,96.0,111
5ff2c089,0.16792202047000004,1.947450849691921,0.02367676198089951,0.012157822614442402,135.0,41.0,88.0,93,2,1.947450849691921,edo-gin,0.16792,1.94745,135.0,41.0,88.0,93
5ff2c089,0.17012522047,-3.229621331268511,-0.04853222989858415,0.015027219887577952,150.0,152.0,151.0,176,3,-3.229621331268511,edo-gin,0.17012,-3.22962,150.0,152.0,151.0,176
5ff2c089,0.16944182047,5.985010322301321,0.05600526013885072,0.009357587894237065,155.0,37.0,96.0,92,4,5.985010322301321,edo-gin,0.16944,5.98501,155.0,37.0,96.0,92
60b1d9cc,0.16385845678666666,-6.201653903815814,-0.01887724253791745,0.0030439045504139593,88.0,143.0,115.5,140,1,-6.201653903815814,Pike Place Bets,0.16386,-6.20165,88.0,143.0,115.5,140
60b1d9cc,0.15769503496666668,7.153276963240732,0.012680739862857006,0.0017727175849643188,39.0,9.0,24.0,12,2,7.153276963240732,Pike Place Bets,0.1577,7.15328,39.0,9.0,24.0,12
60b1d9cc,0.16370333844666665,-2.912556241586902,-0.011793590501410023,0.004049223267525403,125.0,145.0,135.0,157,3,-2.912556241586902,Pike Place Bets,0.1637,-2.91256,125.0,145.0,135.0,157
60b1d9cc,0.1585242849,-1.9948519838579792,-0.003637009751113789,0.0018231978014127794,46.0,150.0,98.0,97,4,-1.9948519838579792,Pike Place Bets,0.15852,-1.99485,46.0,150.0,98.0,97
611c19d0,0.16003277800000001,-11.361909038320432,-0.12101028473043847,0.010650523985212854,63.0,159.0,111.0,133,1,-11.361909038320432,Chris Miles,0.16003,-11.36191,63.0,159.0,111.0,133
611c19d0,0.155610468,7.004614181239129,0.03680492253570133,0.005254382551758257,21.0,10.0,15.5,5,2,7.004614181239129,Chris Miles,0.15561,7.00461,21.0,10.0,15.5,5
611c19d0,0.16067980133333332,-3.3523675799725914,-0.019622770768238075,0.005853406674574305,93.0,156.0,124.5,136,3,-3.3523675799725914,Chris Miles,0.16068,-3.35237,93.0,156.0,124.5,136
611c19d0,0.15897580133333333,4.125771099565906,0.016436268784671113,0.003983805302819747,49.0,87.0,68.0,36,4,4.125771099565906,Chris Miles,0.15898,4.12577,49.0,87.0,68.0,36
6133c0d7,0.19342187499999997,-0.8005068163518648,-0.013910769818051012,0.01737745330070556,128.0,99.0,113.5,137,1,-0.8005068163518648,Proexe,0.19342,-0.80051,128.0,99.0,113.5,137
6133c0d7,0.18533854166666666,0.0036717336400229556,6.17591900647467e-05,0.016820171646318164,163.0,70.0,116.5,123,2,0.0036717336400229556,Proexe,0.18534,0.00367,163.0,70.0,116.5,123
6133c0d7,0.19138020833333333,-2.8463673259393705,-0.053473800115191955,0.018786682810710068,170.0,143.0,156.5,179,3,-2.8463673259393705,Proexe,0.19138,-2.84637,170.0,143.0,156.5,179
6133c0d7,0.19308854166666667,2.9791575806413144,0.03466623294928248,0.011636253541788138,180.0,103.0,141.5,159,4,2.9791575806413144,Proexe,0.19309,2.97916,180.0,103.0,141.5,159
6193fbd1,0.16,-0.05355755748029037,-0.0006556449757179547,0.012241875966043403,49.5,76.0,62.75,38,1,-0.05355755748029037,vhs,0.16,-0.05356,49.5,76.0,62.75,38
6193fbd1,0.16,-0.6266772403318992,-0.007151802813012071,0.011412258739800974,81.5,92.0,86.75,75,2,-0.6266772403318992,vhs,0.16,-0.62668,81.5,92.0,86.75,75
6193fbd1,0.16,-1.9005861782152709,-0.0269928863261842,0.01420240062543843,60.5,111.0,85.75,60,3,-1.9005861782152709,vhs,0.16,-1.90059,60.5,111.0,85.75,60
6193fbd1,0.16,4.723227576901588,0.04011059310385468,0.008492199973596659,81.5,66.0,73.75,43,4,4.723227576901588,vhs,0.16,4.72323,81.5,66.0,73.75,43
619c4b98,0.17026666666666665,7.931412338913496,0.0576793062929966,0.0072722617143490915,156.0,21.0,88.5,81,4,7.931412338913496,QuantFreaks,0.17027,7.93141,156.0,21.0,88.5,81
63cd6976,0.16,-0.22831488283185594,-0.0008442302391698207,0.0036976575013358192,81.5,135.0,108.25,116,4,-0.22831488283185594,EGA,0.16,-0.22831,81.5,135.0,108.25,116
644389bc,0.15871013466666667,-1.5330374381646437,-0.04102791391398639,0.02676249965761118,22.0,110.0,66.0,55,1,-1.5330374381646437,lifters,0.15871,-1.53304,22.0,110.0,66.0,55
644389bc,0.1591168013333333,1.0116881544316438,0.025719689872807195,0.025422547214913528,53.0,51.0,52.0,35,2,1.0116881544316438,lifters,0.15912,1.01169,53.0,51.0,52.0,35
644389bc,0.16347146799999998,-0.3483527733015309,-0.008443655929183938,0.024238807830231305,124.0,70.0,97.0,93,3,-0.3483527733015309,lifters,0.16347,-0.34835,124.0,70.0,97.0,93
644389bc,0.15625413466666668,-0.20469008306881004,-0.0031634704712502296,0.01545492787839055,17.0,134.0,75.5,64,4,-0.20469008306881004,lifters,0.15625,-0.20469,17.0,134.0,75.5,64
656bb49c,0.2201630184,-1.3405156568590817,-0.015905788557187352,0.011865425424762053,142.0,108.0,125.0,145,1,-1.3405156568590817,BayesianIsFun,0.22016,-1.34052,142.0,108.0,125.0,145
656bb49c,0.24849794886666665,-0.4468362521312036,-0.005274374716734249,0.011803820060655118,182.0,79.0,130.5,138,2,-0.4468362521312036,BayesianIsFun,0.2485,-0.44684,182.0,79.0,130.5,138
656bb49c,0.2494351488666667,-0.22304596193712337,-0.002959184883776072,0.013267152913578708,192.0,66.0,129.0,147,3,-0.22304596193712337,BayesianIsFun,0.24943,-0.22305,192.0,66.0,129.0,147
656bb49c,0.28097808220000003,-2.1784484739101053,-0.017759037117871794,0.008152149261532007,211.0,153.0,182.0,200,4,-2.1784484739101053,BayesianIsFun,0.28098,-2.17845,211.0,153.0,182.0,200
66179d1b,0.1944290333333333,-5.111594442921921,-0.03221700040112791,0.0063027301482689296,173.0,169.0,171.0,193,3,-5.111594442921921,ISDS_ZSL,0.19443,-5.11159,173.0,169.0,171.0,193
66179d1b,0.1975557,-1.292175123490764,-0.005237491929733046,0.004053236929359972,184.0,143.0,163.5,181,4,-1.292175123490764,ISDS_ZSL,0.19756,-1.29218,184.0,143.0,163.5,181
66752bbc,0.17643985712020002,3.0173294112829483,0.07235222345371356,0.023978894443265272,116.0,20.0,68.0,59,1,3.0173294112829483,Inve$t,0.17644,3.01733,116.0,20.0,68.0,59
66752bbc,0.17575574923386672,-9.517822339235536,-0.26518127958436283,0.02786154964158135,155.0,190.0,172.5,188,2,-9.517822339235536,Inve$t,0.17576,-9.51782,155.0,190.0,172.5,188
66752bbc,0.16612790111373335,3.9139647645623046,0.06705424347692776,0.017132050876913395,137.0,29.0,83.0,56,3,3.9139647645623046,Inve$t,0.16613,3.91397,137.0,29.0,83.0,56
66752bbc,0.1638417411137333,-2.2858868604688465,-0.024128050917178182,0.010555225341393056,139.0,155.0,147.0,166,4,-2.2858868604688465,Inve$t,0.16384,-2.28589,139.0,155.0,147.0,166
66bf6bbb,0.15613513080913333,-8.378084647285114,-0.019871700739860353,0.0023718667901379705,15.0,194.0,104.5,109,4,-8.378084647285114,Da Time Bendahs,0.15613,-8.37809,15.0,194.0,104.5,109
66c4f4fd,0.21084833333333333,5.170800529349463,0.016641111757360234,0.0032182853820999836,138.0,12.0,75.0,69,1,5.170800529349463,M6 Team RU,0.21085,5.1708,138.0,12.0,75.0,69
66c4f4fd,0.2004066666666667,-4.161887823631273,-0.012319834538192168,0.0029601553574413824,167.0,155.0,161.0,181,2,-4.161887823631273,M6 Team RU,0.20041,-4.16189,167.0,155.0,161.0,181
66c4f4fd,0.19038999999999998,-8.693856142401058,-0.03649878223335799,0.00419822707386987,169.0,190.0,179.5,200,3,-8.693856142401058,M6 Team RU,0.19039,-8.69386,169.0,190.0,179.5,200
66c4f4fd,0.16604833333333333,-1.82037561725489,-0.006078902331655374,0.0033393670372394374,145.0,148.0,146.5,164,4,-1.82037561725489,M6 Team RU,0.16605,-1.82038,145.0,148.0,146.5,164
68184fcd,0.17079999999999998,-5.1117836315670955,-0.04972948737739812,0.009728402248933371,145.0,163.0,154.0,172,2,-5.1117836315670955,Sigma Grindset,0.1708,-5.11178,145.0,163.0,154.0,172
68184fcd,0.16,3.026830390851708,0.040609437254614036,0.013416489201823796,60.5,37.0,48.75,27,3,3.026830390851708,Sigma Grindset,0.16,3.02683,60.5,37.0,48.75,27
68184fcd,0.16,-7.941926730925515,-0.07473417375294297,0.009410080989784428,81.5,189.0,135.25,152,4,-7.941926730925515,Sigma Grindset,0.16,-7.94193,81.5,189.0,135.25,152
68b86572,0.15861441584026667,-9.121368566357893,-0.09463748145723383,0.010375359878152803,15.0,194.0,104.5,105,3,-9.121368566357893,Gram,0.15861,-9.12137,15.0,194.0,104.5,105
68b86572,0.15823317944693335,-0.45730993374142787,-0.001424919320880908,0.0031158722252610975,44.0,138.0,91.0,85,4,-0.45730993374142787,Gram,0.15823,-0.45731,44.0,138.0,91.0,85
691078fd,0.17263333333333333,4.723227576901588,0.04011059310385468,0.008492199973596659,160.0,66.0,113.0,124,4,4.723227576901588,Wellerman_STU,0.17263,4.72323,160.0,66.0,113.0,124
6954b3b1,0.2837733333333334,0.5632199752069821,0.007012024108859642,0.012449885333492903,153.0,55.0,104.0,122,1,0.5632199752069821,buffet,0.28377,0.56322,153.0,55.0,104.0,122
6954b3b1,0.19924080000000002,-0.5740177654040909,-0.004660193559813658,0.008118552840490964,166.0,81.0,123.5,133,2,-0.5740177654040909,buffet,0.19924,-0.57402,166.0,81.0,123.5,133
6954b3b1,0.20471213333333335,1.7868294177681616,0.011401732190512307,0.006380985267610847,178.0,47.0,112.5,121,3,1.7868294177681616,buffet,0.20471,1.78683,178.0,47.0,112.5,121
6954b3b1,0.2067973333333333,7.5700146573740925,0.04902076792272264,0.006475650331135171,191.0,25.0,108.0,114,4,7.5700146573740925,buffet,0.2068,7.57001,191.0,25.0,108.0,114
69b09543,0.16,-2.600803122133158,-0.01771249389192735,0.00681039396684502,81.5,138.0,109.75,115,2,-2.600803122133158,WeakFactor,0.16,-2.6008,81.5,138.0,109.75,115
69b09543,0.16,-3.015771581886619,-0.02492086039425514,0.008263510586788222,60.5,149.0,104.75,107,3,-3.015771581886619,WeakFactor,0.16,-3.01577,60.5,149.0,104.75,107
69b09543,0.16,-0.6955946411065104,-0.003688964735605443,0.0053033254105253865,81.5,139.0,110.25,119,4,-0.6955946411065104,WeakFactor,0.16,-0.69559,81.5,139.0,110.25,119
6c0bc3bb,0.15855105272626666,3.3073308654664686,0.024792386679781488,0.00749619185024742,12.0,34.0,23.0,7,3,3.3073308654664686,ecmu_STU,0.15855,3.30733,12.0,34.0,23.0,7
6c0bc3bb,0.16098811529753332,3.196761057804731,0.026969722538796967,0.008436577539303962,116.0,98.0,107.0,112,4,3.196761057804731,ecmu_STU,0.16099,3.19676,116.0,98.0,107.0,112
6f6dc500,0.16477766666666668,-4.1863969382997945,-0.04647617644143244,0.01110171279178979,93.0,134.0,113.5,137,1,-4.1863969382997945,Evergi,0.16478,-4.1864,93.0,134.0,113.5,137
6f6dc500,0.16039762980000002,-6.228629436123355,-0.05922638460654428,0.009508734660478737,103.0,173.0,138.0,151,2,-6.228629436123355,Evergi,0.1604,-6.22863,103.0,173.0,138.0,151
6f6dc500,0.16757270342666666,-2.027950532066435,-0.008387303498628514,0.004135852115722983,141.0,129.0,135.0,157,3,-2.027950532066435,Evergi,0.16757,-2.02795,141.0,129.0,135.0,157
6f6dc500,0.16468390342666664,3.9059626502942826,0.013169258412453557,0.003371578172018967,142.0,92.0,117.0,132,4,3.9059626502942826,Evergi,0.16468,3.90596,142.0,92.0,117.0,132
709c0c35,0.16105996386853336,-1.3596010452818892,-0.015528643599168035,0.011421470771191152,109.0,123.0,116.0,122,2,-1.3596010452818892,Snaua,0.16106,-1.3596,109.0,123.0,116.0,122
709c0c35,0.1594465181260667,1.3111684868579854,0.019080225249320258,0.014552077357383031,30.0,51.0,40.5,21,3,1.3111684868579854,Snaua,0.15945,1.31117,30.0,51.0,40.5,21
709c0c35,0.157873838759,-5.808225050539631,-0.05033930229837581,0.008666899415975433,40.0,178.0,109.0,118,4,-5.808225050539631,Snaua,0.15787,-5.80823,40.0,178.0,109.0,118
7139c8db,0.312,2.1421374137277645,0.010331656398448508,0.004823059590966799,159.0,31.0,95.0,109,1,2.1421374137277645,Planned_Obsolescence_STU,0.312,2.14214,159.0,31.0,95.0,109
7139c8db,0.3026666666666667,-11.092996629555024,-0.0897055305975614,0.008086681497636024,187.0,194.0,190.5,197,2,-11.092996629555024,Planned_Obsolescence_STU,0.30267,-11.093,187.0,194.0,190.5,197
7139c8db,0.336,1.9900884678656128,0.019159075846082,0.009627248313553757,207.5,43.0,125.25,140,3,1.9900884678656128,Planned_Obsolescence_STU,0.336,1.99009,207.5,43.0,125.25,140
7139c8db,0.32666666666666666,-0.31249007651763505,-0.0019558373054355937,0.006258878128967459,220.0,136.0,178.0,196,4,-0.31249007651763505,Planned_Obsolescence_STU,0.32667,-0.31249,220.0,136.0,178.0,196
71b47b97,0.1586189632466667,0.3234440331750213,0.0021475030481195676,0.006639488838421439,20.0,60.0,40.0,15,1,0.3234440331750213,microprediction.org,0.15862,0.32344,20.0,60.0,40.0,15
71b47b97,0.15803518968666666,-1.5359260612788213,-0.014726866375927296,0.009588265182287238,46.0,128.0,87.0,91,2,-1.5359260612788213,microprediction.org,0.15804,-1.53593,46.0,128.0,87.0,91
71b47b97,0.15938990254,-1.978727319936791,-0.026562481786456024,0.013424023370387662,28.0,125.0,76.5,51,3,-1.978727319936791,microprediction.org,0.15939,-1.97873,28.0,125.0,76.5,51
71b47b97,0.15723670254,6.480568153438271,0.05265067339980923,0.008124391589320046,27.0,31.0,29.0,10,4,6.480568153438271,microprediction.org,0.15724,6.48057,27.0,31.0,29.0,10
736b013f,0.15945910800086666,3.300211455142436,0.01748463336184818,0.005298034262199586,52.0,95.0,73.5,41,4,3.300211455142436,Eren_STU,0.15946,3.30021,52.0,95.0,73.5,41
73bc982d,0.15604897403873333,12.432807210454811,0.011343680874886363,0.0009123990007138054,13.0,6.0,9.5,1,4,12.432807210454811,#mahsa_amini,0.15605,12.43281,13.0,6.0,9.5,1
7452c9c7,0.31773453333333335,-1.8240538301721714,-0.02697697242587748,0.014789570340328795,204.0,96.0,150.0,175,3,-1.8240538301721714,Jules_STU,0.31773,-1.82405,204.0,96.0,150.0,175
7452c9c7,0.345335,0.357442524726655,0.002936519014804505,0.008215359985637223,223.0,127.0,175.0,192,4,0.357442524726655,Jules_STU,0.34534,0.35744,223.0,127.0,175.0,192
7589718c,0.1939736383505333,-0.8515923202263272,-0.008791348103266563,0.010323423420410944,129.0,101.0,115.0,139,1,-0.8515923202263272,DeepFuture,0.19397,-0.85159,129.0,101.0,115.0,139
7589718c,0.19102290501719998,-4.083064118313667,-0.029683826791889002,0.007269987913917117,164.0,153.0,158.5,178,2,-4.083064118313667,DeepFuture,0.19102,-4.08306,164.0,153.0,158.5,178
7589718c,0.2724325758628667,15.646683096520244,0.12357912711172327,0.007898103792950644,198.0,4.0,101.0,98,3,15.646683096520244,DeepFuture,0.27243,15.64668,198.0,4.0,101.0,98
7589718c,0.2646480795416,2.9484439426727276,0.010635352368212756,0.0036071068587357783,207.0,104.0,155.5,172,4,2.9484439426727276,DeepFuture,0.26465,2.94844,207.0,104.0,155.5,172
76fcf359,0.16,-0.05355755748029037,-0.0006556449757179547,0.012241875966043403,49.5,76.0,62.75,38,1,-0.05355755748029037,joechr_STU,0.16,-0.05356,49.5,76.0,62.75,38
76fcf359,0.16,-0.6266772403318992,-0.007151802813012071,0.011412258739800974,81.5,92.0,86.75,75,2,-0.6266772403318992,joechr_STU,0.16,-0.62668,81.5,92.0,86.75,75
76fcf359,0.16,-1.9005861782152709,-0.0269928863261842,0.01420240062543843,60.5,111.0,85.75,60,3,-1.9005861782152709,joechr_STU,0.16,-1.90059,60.5,111.0,85.75,60
76fcf359,0.16,4.723227576901588,0.04011059310385468,0.008492199973596659,81.5,66.0,73.75,43,4,4.723227576901588,joechr_STU,0.16,4.72323,81.5,66.0,73.75,43
7830dcbb,0.17729973333333335,-0.9086459837497852,-0.004746116336900823,0.005223284339314007,118.0,102.0,110.0,129,1,-0.9086459837497852,Lucas test,0.1773,-0.90865,118.0,102.0,110.0,129
7830dcbb,0.15253213333333335,5.173118699027498,0.020079024660273493,0.0038814158012744184,7.0,16.0,11.5,3,2,5.173118699027498,Lucas test,0.15253,5.17312,7.0,16.0,11.5,3
7830dcbb,0.1858502666666667,2.766748596023079,0.015627003491382515,0.00564814725625767,167.0,38.0,102.5,101,3,2.766748596023079,Lucas test,0.18585,2.76675,167.0,38.0,102.5,101
7830dcbb,0.19667693333333336,0.0579129384103846,0.0002290548314341979,0.003955158168819926,183.0,132.0,157.5,175,4,0.0579129384103846,Lucas test,0.19668,0.05791,183.0,132.0,157.5,175
787d2872,0.16409175103406667,-1.7021858147416542,-0.013139217081777092,0.007719026306050653,90.0,113.0,101.5,119,1,-1.7021858147416542,JaimeLluch,0.16409,-1.70219,90.0,113.0,101.5,119
787d2872,0.14960973770073335,3.9468713241852758,0.02400373317522023,0.006081711615003093,1.0,26.0,13.5,4,2,3.9468713241852758,JaimeLluch,0.14961,3.94687,1.0,26.0,13.5,4
787d2872,0.16751869770073335,2.3456941806539042,0.017495647228937032,0.007458622429655263,140.0,40.0,90.0,81,3,2.3456941806539042,JaimeLluch,0.16752,2.34569,140.0,40.0,90.0,81
787d2872,0.16062144436740003,8.285045199404363,0.04343783150460216,0.00524292028095695,112.0,17.0,64.5,30,4,8.285045199404363,JaimeLluch,0.16062,8.28505,112.0,17.0,64.5,30
78cc44f1,0.22278,2.1241039005754723,0.0462942744965264,0.021794731643769466,143.0,32.0,87.5,97,1,2.1241039005754723,RocketShip AI,0.22278,2.1241,143.0,32.0,87.5,97
78cc44f1,0.2241133333333333,-5.746892156353811,-0.09100885712152634,0.015836186698040995,178.0,168.0,173.0,190,2,-5.746892156353811,RocketShip AI,0.22411,-5.74689,178.0,168.0,173.0,190
78cc44f1,0.23464666666666667,3.285375992700553,0.050767627415304745,0.01545260802054323,188.0,35.0,111.5,117,3,3.285375992700553,RocketShip AI,0.23465,3.28538,188.0,35.0,111.5,117
78cc44f1,0.24064666666666668,-6.546918378177082,-0.07763842362752425,0.0118587737226597,201.0,185.0,193.0,213,4,-6.546918378177082,RocketShip AI,0.24065,-6.54692,201.0,185.0,193.0,213
7b0d1f9c,0.16054186421333336,-1.0355147859520781,-0.010131611023396696,0.009784129749611872,104.0,115.0,109.5,114,2,-1.0355147859520781,SCOLO MORA,0.16054,-1.03551,104.0,115.0,109.5,114
7b0d1f9c,0.16404293087999997,-1.8254286560052833,-0.02283770518372879,0.012510872505807036,129.0,97.0,113.0,122,3,-1.8254286560052833,SCOLO MORA,0.16404,-1.82543,129.0,97.0,113.0,122
7b0d1f9c,0.15601173088,5.641160787672868,0.041566207312367855,0.007368378402402361,11.0,40.0,25.5,6,4,5.641160787672868,SCOLO MORA,0.15601,5.64116,11.0,40.0,25.5,6
7cb34dbb,0.15787235395026664,1.3558652472682269,0.0012608227802515877,0.0009299027191617094,14.0,46.0,30.0,9,1,1.3558652472682269,SebastianR,0.15787,1.35587,14.0,46.0,30.0,9
7cb34dbb,0.15424522724,-0.1399721102469109,-8.713631999077738e-05,0.0006225263006828207,15.0,74.0,44.5,28,2,-0.1399721102469109,SebastianR,0.15424,-0.13997,15.0,74.0,44.5,28
7cb34dbb,0.15800342774666667,-14.464624742227462,-0.006548540546271017,0.00045272799419078345,7.0,202.0,104.5,105,3,-14.464624742227462,SebastianR,0.158,-14.46462,7.0,202.0,104.5,105
7cb34dbb,0.15585366149333332,-5.216239517073597,-0.0014583405812765154,0.00027957699727996203,10.0,172.0,91.0,85,4,-5.216239517073597,SebastianR,0.15585,-5.21624,10.0,172.0,91.0,85
83b5b440,0.1562826120256,-0.6266772403318992,-0.007151802813012071,0.011412258739800974,29.0,92.0,60.5,42,2,-0.6266772403318992,Orca_STU,0.15628,-0.62668,29.0,92.0,60.5,42
83b5b440,0.1604815718085333,-1.9005861782152709,-0.0269928863261842,0.01420240062543843,90.0,111.0,100.5,97,3,-1.9005861782152709,Orca_STU,0.16048,-1.90059,90.0,111.0,100.5,97
83b5b440,0.16032557180853332,4.723227576901588,0.04011059310385468,0.008492199973596659,110.5,66.0,88.25,80,4,4.723227576901588,Orca_STU,0.16033,4.72323,110.5,66.0,88.25,80
84d63b80,0.1747352489116,-6.282467491595277,-0.10634154782834411,0.016926716767035957,115.0,144.0,129.5,152,1,-6.282467491595277,forengeeks,0.17474,-6.28247,115.0,144.0,129.5,152
84d63b80,0.1785094706188,2.6071425217650677,0.038050824919146825,0.014594838832740892,158.0,29.0,93.5,97,2,2.6071425217650677,forengeeks,0.17851,2.60714,158.0,29.0,93.5,97
84d63b80,0.16,-0.47471313865562004,-0.008071834465131666,0.01700360450943273,60.5,71.0,65.75,41,3,-0.47471313865562004,forengeeks,0.16,-0.47471,60.5,71.0,65.75,41
84d63b80,0.16,-6.1577277372888535,-0.06324950941828793,0.01027156641487622,81.5,179.0,130.25,144,4,-6.1577277372888535,forengeeks,0.16,-6.15773,81.5,179.0,130.25,144
856618c2,0.16,-2.763210056938663,-0.05409308823029952,0.0195761766625259,49.5,124.0,86.75,94,1,-2.763210056938663,aaron1339,0.16,-2.76321,49.5,124.0,86.75,94
856618c2,0.16,4.578835797106958,0.11723052563845857,0.025602692656619883,81.5,21.0,51.25,34,2,4.578835797106958,aaron1339,0.16,4.57884,81.5,21.0,51.25,34
856618c2,0.16,-9.011993091969682,-0.25442691263081985,0.02823203591417886,60.5,193.0,126.75,143,3,-9.011993091969682,aaron1339,0.16,-9.01199,60.5,193.0,126.75,143
856618c2,0.16,2.4861430207111574,0.056680670881289925,0.02279863644573292,81.5,110.0,95.75,91,4,2.4861430207111574,aaron1339,0.16,2.48614,81.5,110.0,95.75,91
86458890,0.2235101321866667,3.2081759548760838,0.03752721653451613,0.011697368555324647,144.0,18.0,81.0,82,1,3.2081759548760838,HMMBySJ,0.22351,3.20818,144.0,18.0,81.0,82
86458890,0.16129157876,-1.5357799815720037,-0.015991098628857496,0.010412362982156613,110.0,127.0,118.5,127,2,-1.5357799815720037,HMMBySJ,0.16129,-1.53578,110.0,127.0,118.5,127
86458890,0.164689725,-16.130069486094495,-0.16954126043064338,0.01051088221143762,132.0,204.0,168.0,189,3,-16.130069486094495,HMMBySJ,0.16469,-16.13007,132.0,204.0,168.0,189
86458890,0.16638878054706666,-8.334634895027541,-0.027643662866645973,0.0033167215138767787,147.0,193.0,170.0,187,4,-8.334634895027541,HMMBySJ,0.16639,-8.33464,147.0,193.0,170.0,187
872bdbc9,0.28241,8.041151822585451,0.04996252873192001,0.006213354732538265,152.0,3.0,77.5,77,1,8.041151822585451,Tilefish Poele,0.28241,8.04115,152.0,3.0,77.5,77
872bdbc9,0.33,-8.341067667578859,-0.009963006604517866,0.0011944521974379095,196.0,183.0,189.5,195,2,-8.341067667578859,Tilefish Poele,0.33,-8.34107,196.0,183.0,189.5,195
872bdbc9,0.30600000000000005,8.287753766230708,0.012956178708337686,0.0015632919454157711,201.0,19.0,110.0,114,3,8.287753766230708,Tilefish Poele,0.306,8.28775,201.0,19.0,110.0,114
872bdbc9,0.3206666666666667,5.287961457816553,0.0062605007889746265,0.0011839157374569148,218.0,46.0,132.0,148,4,5.287961457816553,Tilefish Poele,0.32067,5.28796,218.0,46.0,132.0,148
87852799,0.24789333333333333,1.9630086850044999,0.011696182888805575,0.005958294009676663,148.0,35.0,91.5,103,1,1.9630086850044999,NAU,0.24789,1.96301,148.0,35.0,91.5,103
87852799,0.2676266666666667,0.35851940293770546,0.001639322281461535,0.004572478554937166,185.0,62.0,123.5,133,2,0.35851940293770546,NAU,0.26763,0.35852,185.0,62.0,123.5,133
87852799,0.2614933333333333,-3.827656220084721,-0.024398194648101456,0.006374186511337591,196.0,163.0,179.5,200,3,-3.827656220084721,NAU,0.26149,-3.82766,196.0,163.0,179.5,200
87852799,0.2636266666666667,6.305947258166238,0.026821402629688372,0.004253350294827553,206.0,32.0,119.0,135,4,6.305947258166238,NAU,0.26363,6.30595,206.0,32.0,119.0,135
880fbc83,0.16,-0.05355755748029037,-0.0006556449757179547,0.012241875966043403,49.5,76.0,62.75,38,1,-0.05355755748029037,lsa,0.16,-0.05356,49.5,76.0,62.75,38
880fbc83,0.16,-0.6266772403318992,-0.007151802813012071,0.011412258739800974,81.5,92.0,86.75,75,2,-0.6266772403318992,lsa,0.16,-0.62668,81.5,92.0,86.75,75
880fbc83,0.16,-1.9005861782152709,-0.0269928863261842,0.01420240062543843,60.5,111.0,85.75,60,3,-1.9005861782152709,lsa,0.16,-1.90059,60.5,111.0,85.75,60
880fbc83,0.16,4.723227576901588,0.04011059310385468,0.008492199973596659,81.5,66.0,73.75,43,4,4.723227576901588,lsa,0.16,4.72323,81.5,66.0,73.75,43
89c29b7d,0.16564053333333337,2.875870943753692,0.02816750812058157,0.009794427034968512,97.0,21.0,59.0,33,1,2.875870943753692,washi_wa_ou,0.16564,2.87587,97.0,21.0,59.0,33
89c29b7d,0.16463499999999998,-10.448916867648995,-0.04169540880490848,0.003990404874786792,123.0,191.0,157.0,174,2,-10.448916867648995,washi_wa_ou,0.16464,-10.44892,123.0,191.0,157.0,174
89c29b7d,0.1597016666666667,13.044763410363043,0.05002928915793355,0.0038352009602710927,36.0,8.0,22.0,6,3,13.044763410363043,washi_wa_ou,0.1597,13.04476,36.0,8.0,22.0,6
89c29b7d,0.1731633333333333,-15.12737805739754,-0.03980854078270445,0.0026315558870585254,163.0,218.0,190.5,210,4,-15.12737805739754,washi_wa_ou,0.17316,-15.12738,163.0,218.0,190.5,210
8c13bdf6,0.16898248720626663,-1.3760515837683054,-0.012099825401592745,0.008793148123457318,105.0,109.0,107.0,125,1,-1.3760515837683054,Probabilistic Forecaster _STU,0.16898,-1.37605,105.0,109.0,107.0,125
8c13bdf6,0.16564457194666668,3.9806962062816114,0.04064586899531429,0.010210743771698621,126.0,25.0,75.5,57,2,3.9806962062816114,Probabilistic Forecaster _STU,0.16564,3.9807,126.0,25.0,75.5,57
8c13bdf6,0.19557518238666668,-22.719115570942442,-0.14031387950626129,0.006176027366387517,174.0,208.0,191.0,205,3,-22.719115570942442,Probabilistic Forecaster _STU,0.19557,-22.71912,174.0,208.0,191.0,205
8c13bdf6,0.18567761504,12.985923075037505,0.0645909194723143,0.0049739182266123,175.0,4.0,89.5,83,4,12.985923075037505,Probabilistic Forecaster _STU,0.18568,12.98592,175.0,4.0,89.5,83
8c90882c,0.1781232033333333,0.1805520084371022,0.0025622315955997274,0.014191099937236735,120.0,64.0,92.0,105,1,0.1805520084371022,Brick Tamland,0.17812,0.18055,120.0,64.0,92.0,105
8c90882c,0.20671285866666667,-0.8629123641516684,-0.009539560211604837,0.01105507419746292,173.0,110.0,141.5,162,2,-0.8629123641516684,Brick Tamland,0.20671,-0.86291,173.0,110.0,141.5,162
8c90882c,0.17526144800000001,-1.0797137103654812,-0.014442364141112978,0.013376105167937769,161.0,77.0,119.0,129,3,-1.0797137103654812,Brick Tamland,0.17526,-1.07971,161.0,77.0,119.0,129
8c90882c,0.17532678133333335,4.426447373705187,0.03499509479699667,0.007905910054388333,164.0,84.0,124.0,140,4,4.426447373705187,Brick Tamland,0.17533,4.42645,164.0,84.0,124.0,140
8cd1270d,0.16,6.713019981002123,0.08213053047020989,0.01223451303625487,81.5,30.0,55.75,24,4,6.713019981002123,11-17,0.16,6.71302,81.5,30.0,55.75,24
9078bb5f,0.3106666666666667,-0.693456444273991,-0.008474329603269295,0.012220420868885905,158.0,96.0,127.0,150,1,-0.693456444273991,Computer says no,0.31067,-0.69346,158.0,96.0,127.0,150
9078bb5f,0.34933333333333333,-0.06549686748643654,-0.0007454104493613677,0.01138085648929289,197.0,73.0,135.0,144,2,-0.06549686748643654,Computer says no,0.34933,-0.0655,197.0,73.0,135.0,144
9078bb5f,0.3173333333333333,1.0356901758995647,0.014841098347601707,0.0143296699080024,202.5,52.0,127.25,144,3,1.0356901758995647,Computer says no,0.31733,1.03569,202.5,52.0,127.25,144
9078bb5f,0.3146666666666667,-5.1804449436820414,-0.04416621805592215,0.008525564606141855,216.5,171.0,193.75,215,4,-5.1804449436820414,Computer says no,0.31467,-5.18044,216.5,171.0,193.75,215
90d29bb6,0.2893333333333334,4.418463387029559,0.017855863257433227,0.004041192988007841,155.0,16.0,85.5,89,1,4.418463387029559,InvesTUM,0.28933,4.41846,155.0,16.0,85.5,89
90d29bb6,0.3186666666666667,-2.9773833640555956,-0.010219937806233122,0.003432523312117992,195.0,142.0,168.5,185,2,-2.9773833640555956,InvesTUM,0.31867,-2.97738,195.0,142.0,168.5,185
90d29bb6,0.2933333333333334,0.5944716930683517,0.0014000082321477692,0.002355046082886907,200.0,57.0,128.5,145,3,0.5944716930683517,InvesTUM,0.29333,0.59447,200.0,57.0,128.5,145
90d29bb6,0.324,-13.869609105007637,-0.03151114847686204,0.0022719564941080356,219.0,216.0,217.5,223,4,-13.869609105007637,InvesTUM,0.324,-13.86961,219.0,216.0,217.5,223
916fdfd9,0.16292053333333337,2.4953951022101144,0.026837368906314517,0.010754757385932701,81.0,29.0,55.0,29,1,2.4953951022101144,TheRiskTakers,0.16292,2.49539,81.0,29.0,55.0,29
916fdfd9,0.16329333333333335,-3.6508125721944045,-0.020151456166437647,0.005519718081370897,120.0,151.0,135.5,146,2,-3.6508125721944045,TheRiskTakers,0.16329,-3.65081,120.0,151.0,135.5,146
916fdfd9,0.16216000000000003,10.61472702724329,0.05070391654331242,0.0047767518103082615,111.0,13.0,62.0,35,3,10.61472702724329,TheRiskTakers,0.16216,10.61473,111.0,13.0,62.0,35
916fdfd9,0.16325646666666666,-7.787019650922371,-0.029795568698759097,0.0038263122522401516,136.0,188.0,162.0,179,4,-7.787019650922371,TheRiskTakers,0.16326,-7.78702,136.0,188.0,162.0,179
91716b78,0.1586051562063333,-3.198600946482081,-0.02318217428858339,0.007247598145708002,18.0,128.0,73.0,66,1,-3.198600946482081,RaduR,0.1586,-3.1986,18.0,128.0,73.0,66
91716b78,0.15779268517793335,-3.462496446287619,-0.031099885410482943,0.008981925582574178,43.0,149.0,96.0,101,2,-3.462496446287619,RaduR,0.15779,-3.4625,43.0,149.0,96.0,101
91716b78,0.15865704851746668,0.7636246676698881,0.011444998248005494,0.014987727259949022,16.0,55.0,35.5,16,3,0.7636246676698881,RaduR,0.15866,0.76362,16.0,55.0,35.5,16
91716b78,0.16269193490366665,-4.589320868416436,-0.05137253821874578,0.011193930363921597,130.0,168.0,149.0,169,4,-4.589320868416436,RaduR,0.16269,-4.58932,130.0,168.0,149.0,169
917cb964,0.16669973333333335,2.5741287804062947,0.027284475068130518,0.010599498857949134,100.0,26.0,63.0,51,1,2.5741287804062947,aggrwl,0.1667,2.57413,100.0,26.0,63.0,51
917cb964,0.16169999999999998,0.8018545782978087,0.004574153087566113,0.005704467133275223,114.0,53.0,83.5,69,2,0.8018545782978087,aggrwl,0.1617,0.80185,114.0,53.0,83.5,69
917cb964,0.16296666666666668,11.37610284128048,0.05630244405543287,0.004949185572683829,120.0,10.0,65.0,38,3,11.37610284128048,aggrwl,0.16297,11.3761,120.0,10.0,65.0,38
917cb964,0.17061666666666667,-11.742784855301158,-0.037173863335555335,0.0031656769491756106,157.0,211.0,184.0,204,4,-11.742784855301158,aggrwl,0.17062,-11.74278,157.0,211.0,184.0,204
921f735d,0.15667111419653332,-10.352131019467631,-0.017618444418741643,0.0017019147444723597,5.0,156.0,80.5,80,1,-10.352131019467631,PortfolioQuant,0.15667,-10.35213,5.0,156.0,80.5,80
921f735d,0.16130116135153336,-4.761797764266288,-0.009354960313582019,0.0019645858091210766,111.0,161.0,136.0,147,2,-4.761797764266288,PortfolioQuant,0.1613,-4.7618,111.0,161.0,136.0,147
921f735d,0.1562463905546667,-8.214055064515335,-0.023555122891084843,0.00286766069938377,1.0,189.0,95.0,88,3,-8.214055064515335,PortfolioQuant,0.15625,-8.21406,1.0,189.0,95.0,88
921f735d,0.1627796140354,6.048582254929607,0.012874385372069214,0.002128496369802455,132.0,35.0,83.5,74,4,6.048582254929607,PortfolioQuant,0.16278,6.04858,132.0,35.0,83.5,74
939398bd,0.20026666666666662,-8.187850124315846,-0.06135836115655378,0.007493830520216161,132.0,152.0,142.0,160,1,-8.187850124315846,handsome boy,0.20027,-8.18785,132.0,152.0,142.0,160
939398bd,0.20906666666666665,0.7642837075430812,0.0059356763713256655,0.007766325924187103,174.0,54.0,114.0,121,2,0.7642837075430812,handsome boy,0.20907,0.76428,174.0,54.0,114.0,121
939398bd,0.20693333333333333,-3.549052817331346,-0.02504650748051319,0.007057237175564638,179.0,157.0,168.0,189,3,-3.549052817331346,handsome boy,0.20693,-3.54905,179.0,157.0,168.0,189
939398bd,0.17999999999999997,7.883213485121235,0.04471800658674613,0.005672560646891883,172.0,23.0,97.5,95,4,7.883213485121235,handsome boy,0.18,7.88321,172.0,23.0,97.5,95
96609938,0.3386666666666667,-4.572717032342578,-0.04976540028499737,0.010883113897713199,163.0,137.0,150.0,161,1,-4.572717032342578,JcBou,0.33867,-4.57272,163.0,137.0,150.0,161
96609938,0.15970596897693334,0.6756804668129007,0.006727136914866121,0.009956092036517164,59.0,56.0,57.5,40,2,0.6756804668129007,JcBou,0.15971,0.67568,59.0,56.0,57.5,40
96609938,0.1598587556436,-3.314660170565575,-0.034931703897054966,0.010538547573368473,38.0,155.0,96.5,92,3,-3.314660170565575,JcBou,0.15986,-3.31466,38.0,155.0,96.5,92
96609938,0.1594499956436,-1.890884051191049,-0.011499036039763584,0.006081301512126275,51.0,149.0,100.0,102,4,-1.890884051191049,JcBou,0.15945,-1.89088,51.0,149.0,100.0,102
98669526,0.32534666666666673,-8.030486754439519,-0.1097273105999414,0.013663843046535194,161.0,150.0,155.5,163,1,-8.030486754439519,Lion DS,0.32535,-8.03049,161.0,150.0,155.5,163
98669526,0.31092333333333333,1.0300911564245485,0.008621231313006206,0.008369386786049636,191.0,49.0,120.0,130,2,1.0300911564245485,Lion DS,0.31092,1.03009,191.0,49.0,120.0,130
98669526,0.24874000000000004,-7.474492786236739,-0.030060096409684572,0.004021690470427123,191.0,184.0,187.5,204,3,-7.474492786236739,Lion DS,0.24874,-7.47449,191.0,184.0,187.5,204
98669526,0.23785333333333336,2.247482567503868,0.00900544439107762,0.0040069028882744025,200.0,112.0,156.0,173,4,2.247482567503868,Lion DS,0.23785,2.24748,200.0,112.0,156.0,173
9b7bb959,0.15883334705420002,7.157048163399426,0.03850724029317679,0.00538032432003179,24.0,6.0,15.0,4,1,7.157048163399426,LAIR,0.15883,7.15705,24.0,6.0,15.0,4
9b7bb959,0.1692753347874667,6.211481658479772,0.05269754724827471,0.008483893239277819,140.0,11.0,75.5,57,2,6.211481658479772,LAIR,0.16928,6.21148,140.0,11.0,75.5,57
9b7bb959,0.15938072685846666,21.35256345749539,0.020780112773491517,0.0009731905405576525,27.0,1.0,14.0,3,3,21.35256345749539,LAIR,0.15938,21.35256,27.0,1.0,14.0,3
9b7bb959,0.15739641966499998,-4.539747765996027,-0.003256689685961145,0.0007173723858304765,31.0,167.0,99.0,100,4,-4.539747765996027,LAIR,0.1574,-4.53975,31.0,167.0,99.0,100
9bd75044,0.20660374999999997,-4.710788731172054,-0.0365153963755262,0.007751440036760275,172.0,160.0,166.0,184,2,-4.710788731172054,Datasolution,0.2066,-4.71079,172.0,160.0,166.0,184
9bd75044,0.2789433333333333,3.6010864947242722,0.052934494203668234,0.014699589771370187,199.0,32.0,115.5,125,3,3.6010864947242722,Datasolution,0.27894,3.60109,199.0,32.0,115.5,125
9bd75044,0.30187666666666674,-5.405402503856965,-0.05314085404260488,0.009831063275063572,213.0,176.0,194.5,216,4,-5.405402503856965,Datasolution,0.30188,-5.4054,213.0,176.0,194.5,216
9bf7ccb3,0.17327798950666665,0.5516549310241285,0.0065009496809973095,0.011784449508914056,113.0,56.0,84.5,87,1,0.5516549310241285,auto.arima and a dream,0.17328,0.55166,113.0,56.0,84.5,87
9bf7ccb3,0.17616252283999997,-1.415406533217889,-0.015808392814493498,0.011168800230527083,156.0,124.0,140.0,157,2,-1.415406533217889,auto.arima and a dream,0.17616,-1.41541,156.0,124.0,140.0,157
9bf7ccb3,0.16655612284,-2.02429161819858,-0.027748301749351424,0.01370766025008031,139.0,128.0,133.5,155,3,-2.02429161819858,auto.arima and a dream,0.16656,-2.02429,139.0,128.0,133.5,155
9bf7ccb3,0.17105878950666664,5.570785648523302,0.044353004400976656,0.007961714415045517,158.0,42.0,100.0,102,4,5.570785648523302,auto.arima and a dream,0.17106,5.57079,158.0,42.0,100.0,102
9d85d570,0.16,4.859146748208398,0.09942989148441689,0.02046241791752377,81.5,18.0,49.75,32,2,4.859146748208398,SEFA_SAGLAM,0.16,4.85915,81.5,18.0,49.75,32
9d85d570,0.16,-7.162554111422886,-0.1660757294867096,0.023186663151605513,60.5,181.0,120.75,131,3,-7.162554111422886,SEFA_SAGLAM,0.16,-7.16255,60.5,181.0,120.75,131
9d85d570,0.16,2.0781053428835548,0.03501072195338619,0.01684742406022869,81.5,113.0,97.25,94,4,2.0781053428835548,SEFA_SAGLAM,0.16,2.0781,81.5,113.0,97.25,94
9ddb66b4,0.28806502333333334,-0.31359314634081,-0.0018119488951090909,0.005778024539923722,154.0,87.0,120.5,144,1,-0.31359314634081,FUW Patrol_STU,0.28807,-0.31359,154.0,87.0,120.5,144
9ddb66b4,0.244078844,0.1953423652959909,0.0013542848186409344,0.006932878162854564,181.0,65.0,123.0,132,2,0.1953423652959909,FUW Patrol_STU,0.24408,0.19534,181.0,65.0,123.0,132
9ddb66b4,0.21514284399999997,-1.3454834074586441,-0.012063113265263922,0.00896563510065783,183.0,84.0,133.5,155,3,-1.3454834074586441,FUW Patrol_STU,0.21514,-1.34548,183.0,84.0,133.5,155
9ddb66b4,0.224834844,4.1188363706980775,0.021322727529365856,0.005176881432109912,199.0,88.0,143.5,162,4,4.1188363706980775,FUW Patrol_STU,0.22484,4.11884,199.0,88.0,143.5,162
b0f38c03,0.21519999999999997,0.8976428416105313,0.009111494892551444,0.010150467948035766,195.0,123.0,159.0,176,4,0.8976428416105313,Cortecs,0.2152,0.89764,195.0,123.0,159.0,176
b1002bc9,0.15610733747873332,-0.49131755007103467,-0.004222280754817476,0.008593791844413086,3.0,93.0,48.0,21,1,-0.49131755007103467,AdaGaussMC_STU,0.15611,-0.49132,3.0,93.0,48.0,21
b1002bc9,0.154745892985,0.6683594579838591,0.0046331094494627455,0.006932062371704532,18.0,57.0,37.5,23,2,0.6683594579838591,AdaGaussMC_STU,0.15475,0.66836,18.0,57.0,37.5,23
b1002bc9,0.15941861376806665,-1.2045581263018632,-0.011049852520811297,0.009173365966767964,29.0,79.0,54.0,30,3,-1.2045581263018632,AdaGaussMC_STU,0.15942,-1.20456,29.0,79.0,54.0,30
b1002bc9,0.1574011572826,3.0954166697575753,0.01768640332548315,0.005713739122193298,32.0,99.0,65.5,34,4,3.0954166697575753,AdaGaussMC_STU,0.1574,3.09542,32.0,99.0,65.5,34
b17cd734,0.16630123429333332,-1.0963697600202402,-0.0024815400104271595,0.0022634152280717294,99.0,104.0,101.5,119,1,-1.0963697600202402,OPPO XZ Lab,0.1663,-1.09637,99.0,104.0,101.5,119
b17cd734,0.15600870605333333,1.5823293823599816,0.0020506539334206146,0.0012959715949672536,23.0,45.0,34.0,21,2,1.5823293823599816,OPPO XZ Lab,0.15601,1.58233,23.0,45.0,34.0,21
b17cd734,0.15882923938666665,-0.8310801604582855,-0.0015957694466423866,0.001920114957096829,23.0,75.0,49.0,28,3,-0.8310801604582855,OPPO XZ Lab,0.15883,-0.83108,23.0,75.0,49.0,28
b17cd734,0.15764123938666666,9.470214003076192,0.014054131146549327,0.0014840352226448263,36.0,12.0,24.0,4,4,9.470214003076192,OPPO XZ Lab,0.15764,9.47021,36.0,12.0,24.0,4
b2b1cbc6,0.16,-0.05355755748029037,-0.0006556449757179547,0.012241875966043403,49.5,76.0,62.75,38,1,-0.05355755748029037,exdelphi,0.16,-0.05356,49.5,76.0,62.75,38
b2b1cbc6,0.16,-0.6266772403318992,-0.007151802813012071,0.011412258739800974,81.5,92.0,86.75,75,2,-0.6266772403318992,exdelphi,0.16,-0.62668,81.5,92.0,86.75,75
b2b1cbc6,0.16,-1.9005861782152709,-0.0269928863261842,0.01420240062543843,60.5,111.0,85.75,60,3,-1.9005861782152709,exdelphi,0.16,-1.90059,60.5,111.0,85.75,60
b2b1cbc6,0.16,4.723227576901588,0.04011059310385468,0.008492199973596659,81.5,66.0,73.75,43,4,4.723227576901588,exdelphi,0.16,4.72323,81.5,66.0,73.75,43
b3bbdb72,0.16,2.616847426198881,0.02523609778778446,0.009643702393624576,49.5,23.0,36.25,13,1,2.616847426198881,ankit,0.16,2.61685,49.5,23.0,36.25,13
b3bbdb72,0.16832666666666665,-1.4181539317533831,-0.003785915272611217,0.0026696081348026664,137.0,125.0,131.0,139,2,-1.4181539317533831,ankit,0.16833,-1.41815,137.0,125.0,131.0,139
b3bbdb72,0.15966,18.08649127815291,0.037858570243042095,0.002093195947230093,34.0,2.0,18.0,5,3,18.08649127815291,ankit,0.15966,18.08649,34.0,2.0,18.0,5
b3bbdb72,0.16347533333333333,-8.980058208472045,-0.024535941134541547,0.0027322697208570024,137.0,200.0,168.5,186,4,-8.980058208472045,ankit,0.16348,-8.98006,137.0,200.0,168.5,186
b3d7dbc2,0.16448938849999997,0.6493732712355662,0.0074166878875339196,0.01142130145489688,92.0,53.0,72.5,65,1,0.6493732712355662,ENJINE,0.16449,0.64937,92.0,53.0,72.5,65
b3d7dbc2,0.16100241120666667,-1.7964391756045863,-0.017878633284108793,0.009952261967395468,107.0,131.0,119.0,128,2,-1.7964391756045863,ENJINE,0.161,-1.79644,107.0,131.0,119.0,128
b3d7dbc2,0.18972263398,-0.7641238563949192,-0.011038405657331642,0.01444583304781248,168.0,74.0,121.0,132,3,-0.7641238563949192,ENJINE,0.18972,-0.76412,168.0,74.0,121.0,132
b3d7dbc2,0.1905441006466667,3.2768370069136337,0.029249124625324575,0.008926023651348333,176.0,96.0,136.0,153,4,3.2768370069136337,ENJINE,0.19054,3.27684,176.0,96.0,136.0,153
b4264c50,0.16897706315646666,-3.11109074929044,-0.05131750272036727,0.0164950195464634,104.0,127.0,115.5,140,1,-3.11109074929044,HTW Berlin,0.16898,-3.11109,104.0,127.0,115.5,140
b4264c50,0.16102714069546664,-18.5340835096166,-0.23510351792758916,0.01268492816521536,108.0,197.0,152.5,170,2,-18.5340835096166,HTW Berlin,0.16103,-18.53408,108.0,197.0,152.5,170
b4264c50,0.176779758663,3.5618945815323344,0.025383964375791743,0.0071265344312552645,162.0,33.0,97.5,94,3,3.5618945815323344,HTW Berlin,0.17678,3.56189,162.0,33.0,97.5,94
b4264c50,0.16833142532966663,-5.4377421175108385,-0.0308812416855867,0.005679055942381245,153.0,177.0,165.0,183,4,-5.4377421175108385,HTW Berlin,0.16833,-5.43774,153.0,177.0,165.0,183
b42b1297,0.1592703561638,-7.202720011828623,-0.05273781199184274,0.007321930035491369,26.0,147.0,86.5,93,1,-7.202720011828623,deffro,0.15927,-7.20272,26.0,147.0,86.5,93
b42b1297,0.1584113938217333,-0.7464332174284154,-0.003508384436028358,0.0047001986970988735,48.0,106.0,77.0,61,2,-0.7464332174284154,deffro,0.15841,-0.74643,48.0,106.0,77.0,61
b42b1297,0.16108657346520003,-0.676481739850133,-0.004452052566205452,0.006581186607035032,98.0,73.0,85.5,58,3,-0.676481739850133,deffro,0.16109,-0.67648,98.0,73.0,85.5,58
b42b1297,0.15876230679853334,-3.9916573925555134,-0.016136715348693223,0.004042610314900367,48.0,163.0,105.5,110,4,-3.9916573925555134,deffro,0.15876,-3.99166,48.0,163.0,105.5,110
b4329c4b,0.27640000000000003,12.102621409819548,0.12190924695761511,0.010072962115356528,210.0,7.0,108.5,117,4,12.102621409819548,Old School,0.2764,12.10262,210.0,7.0,108.5,117
b4977cb7,0.16302353393333333,-0.7215434768198464,-0.007355358000714875,0.010193922108662271,82.0,97.0,89.5,101,1,-0.7215434768198464,DLM_CX,0.16302,-0.72154,82.0,97.0,89.5,101
b4977cb7,0.1593621250266667,-1.0988872343015825,-0.010240966624047197,0.009319397208719079,57.0,116.0,86.5,72,2,-1.0988872343015825,DLM_CX,0.15936,-1.09889,57.0,116.0,86.5,72
b4977cb7,0.15995684166666665,-9.43199622335773,-0.12015595172120616,0.012739185732883108,40.0,196.0,118.0,126,3,-9.43199622335773,DLM_CX,0.15996,-9.432,40.0,196.0,118.0,126
b4977cb7,0.16639541537333336,-9.21264964666684,-0.11965230013866338,0.012987827034316222,148.0,203.0,175.5,193,4,-9.21264964666684,DLM_CX,0.16639,-9.21265,148.0,203.0,175.5,193
b4dd7019,0.17764417451166667,7.863881762720838,0.12332762755729507,0.015682792707023704,119.0,4.0,61.5,36,1,7.863881762720838,CUFE,0.17764,7.86388,119.0,4.0,61.5,36
b4dd7019,0.15370686845,1.820637691054633,0.028858613195026972,0.015850827068349973,10.0,42.0,26.0,15,2,1.820637691054633,CUFE,0.15371,1.82064,10.0,42.0,26.0,15
b4dd7019,0.16910318459086662,-0.2641046895044867,-0.004750836943286558,0.017988461137134974,147.0,67.0,107.0,109,3,-0.2641046895044867,CUFE,0.1691,-0.2641,147.0,67.0,107.0,109
b4dd7019,0.16182024940373332,-2.2015431386456386,-0.016367311846622067,0.007434472465840951,122.0,154.0,138.0,158,4,-2.2015431386456386,CUFE,0.16182,-2.20154,122.0,154.0,138.0,158
b5188797,0.15750614856666664,-7.900100073561709,-0.02718969379430903,0.0034416897939434244,10.0,149.0,79.5,78,1,-7.900100073561709,Cognitive outside,0.15751,-7.9001,10.0,149.0,79.5,78
b5188797,0.15600985373999998,3.997855407216648,0.014957717123059502,0.0037414352445210705,24.0,24.0,24.0,12,2,3.997855407216648,Cognitive outside,0.15601,3.99785,24.0,24.0,24.0,12
b5188797,0.15821638707333333,2.3072782829211995,0.009139211611012008,0.003961035683758542,9.0,41.0,25.0,9,3,2.3072782829211995,Cognitive outside,0.15822,2.30728,9.0,41.0,25.0,9
b5188797,0.15734505374,-1.5739405330852543,-0.004814214814538495,0.003058701846315389,28.0,146.0,87.0,79,4,-1.5739405330852543,Cognitive outside,0.15735,-1.57394,28.0,146.0,87.0,79
b57b89cd,0.16,0.47854545409256666,0.006461628468339989,0.013502643088717115,49.5,57.0,53.25,28,1,0.47854545409256666,ott rush rush rush,0.16,0.47854,49.5,57.0,53.25,28
b57b89cd,0.16,0.38280899948588876,0.0013137823521753309,0.0034319526289604903,81.5,60.0,70.75,47,2,0.38280899948588876,ott rush rush rush,0.16,0.38281,81.5,60.0,70.75,47
b57b89cd,0.16,4.731414566803649,0.023222644723173126,0.004908182192722418,60.5,27.0,43.75,24,3,4.731414566803649,ott rush rush rush,0.16,4.73142,60.5,27.0,43.75,24
b57b89cd,0.16,-6.1841537686565315,-0.01896911277552111,0.0030673740474668094,81.5,180.0,130.75,146,4,-6.1841537686565315,ott rush rush rush,0.16,-6.18415,81.5,180.0,130.75,146
b681845b,0.1597467048,0.3480232346271805,0.0008427292172745373,0.0024214740092778865,33.5,59.0,46.25,18,1,0.3480232346271805,Ludo,0.15975,0.34802,33.5,59.0,46.25,18
b681845b,0.15985690288,2.351190203020844,0.011387104072964272,0.004843123307648166,62.0,33.0,47.5,30,2,2.351190203020844,Ludo,0.15986,2.35119,62.0,33.0,47.5,30
b681845b,0.16247173525333333,-6.873116475404176,-0.05229333678922814,0.007608387981836581,115.0,180.0,147.5,172,3,-6.873116475404176,Ludo,0.16247,-6.87312,115.0,180.0,147.5,172
b681845b,0.15471280192000003,-1.999367513071332,-0.009127833964790995,0.004565360747894346,6.0,151.0,78.5,66,4,-1.999367513071332,Ludo,0.15471,-1.99937,6.0,151.0,78.5,66
b6b963b5,0.16,-3.3956892655150552,-0.02891869417397487,0.008516295783497878,49.5,129.0,89.25,100,1,-3.3956892655150552,ds,0.16,-3.39569,49.5,129.0,89.25,100
b6b963b5,0.16,1.685477279498297,0.013439253994377415,0.007973559868085421,81.5,44.0,62.75,44,2,1.685477279498297,ds,0.16,1.68548,81.5,44.0,62.75,44
b6b963b5,0.16,0.761573019119237,0.0079314191821648,0.01041452228879842,60.5,56.0,58.25,33,3,0.761573019119237,ds,0.16,0.76157,60.5,56.0,58.25,33
b6b963b5,0.16,-8.151348496133043,-0.04928721692875066,0.006046510826047035,81.5,191.0,136.25,155,4,-8.151348496133043,ds,0.16,-8.15135,81.5,191.0,136.25,155
b875c91c,0.16041483589333336,-0.4246089790851029,-0.004321175548483892,0.010176835067865613,69.0,91.0,80.0,79,1,-0.4246089790851029,Alcácer,0.16042,-0.42461,69.0,91.0,80.0,79
b875c91c,0.1600076358933333,0.36529782985711773,0.0035565105403869207,0.009735920253832362,99.0,61.0,80.0,66,2,0.36529782985711773,Alcácer,0.16001,0.3653,99.0,61.0,80.0,66
b875c91c,0.16338443589333332,1.7572240620369108,0.022297527138640152,0.012689063176606893,123.0,48.0,85.5,58,3,1.7572240620369108,Alcácer,0.16338,1.75722,123.0,48.0,85.5,58
b875c91c,0.15657430256000002,-6.20552913629215,-0.04660900558716059,0.007510883369247996,19.0,181.0,100.0,102,4,-6.20552913629215,Alcácer,0.15657,-6.20553,19.0,181.0,100.0,102
b974c16c,0.16,-2.79825490229304,-0.015896225964924755,0.005680764090468862,49.5,125.0,87.25,96,1,-2.79825490229304,Airlab,0.16,-2.79826,49.5,125.0,87.25,96
b974c16c,0.16,-10.492260950855137,-0.05247996607686413,0.005001778579724223,81.5,193.0,137.25,150,2,-10.492260950855137,Airlab,0.16,-10.49226,81.5,193.0,137.25,150
b974c16c,0.16,0.29310494086840927,0.0018194155430222526,0.006207386124681832,60.5,59.0,59.75,34,3,0.29310494086840927,Airlab,0.16,0.29311,60.5,59.0,59.75,34
b974c16c,0.16,-5.290323453521873,-0.021583811869218844,0.00407986620456072,81.5,173.0,127.25,143,4,-5.290323453521873,Airlab,0.16,-5.29032,81.5,173.0,127.25,143
bb1459bc,0.158708311819,7.19211470734229,0.04756608030374583,0.006613643168842475,49.0,8.0,28.5,17,2,7.19211470734229,baran_STU,0.15871,7.19212,49.0,8.0,28.5,17
bb1459bc,0.15878807307933338,9.758280692368727,0.12275250486115268,0.012579316862359665,19.0,14.0,16.5,4,3,9.758280692368727,baran_STU,0.15879,9.75828,19.0,14.0,16.5,4
bb1459bc,0.1626571658096667,6.087010874452954,0.026979835067951503,0.004432361897230257,129.0,34.0,81.5,70,4,6.087010874452954,baran_STU,0.16266,6.08701,129.0,34.0,81.5,70
bbb3c357,0.1650944760266667,11.51889764978925,0.14651679360984035,0.01271968881610134,96.0,1.0,48.5,23,1,11.51889764978925,Galloping Gargoyles,0.16509,11.5189,96.0,1.0,48.5,23
bbb3c357,0.16962907129333338,-1.5092332231457615,-0.00860697728175718,0.005702880873386339,142.0,126.0,134.0,143,2,-1.5092332231457615,Galloping Gargoyles,0.16963,-1.50923,142.0,126.0,134.0,143
bbb3c357,0.16013362994666666,15.168411889218552,0.17137645050337952,0.011298246102163864,82.0,6.0,44.0,25,3,15.168411889218552,Galloping Gargoyles,0.16013,15.16841,82.0,6.0,44.0,25
bbb3c357,0.16072017408000003,-0.07756494469281154,-0.00040924975685786933,0.005276220572046604,113.0,133.0,123.0,138,4,-0.07756494469281154,Galloping Gargoyles,0.16072,-0.07756,113.0,133.0,123.0,138
bbbd2099,0.17279633333333333,-0.37216034312385776,-0.004323956848960629,0.01161853198184951,149.0,78.0,113.5,120,2,-0.37216034312385776,Flashsale,0.1728,-0.37216,149.0,78.0,113.5,120
bbbd2099,0.16879633333333335,-1.5959438216787467,-0.02239946568962874,0.014035246971329551,145.0,91.0,118.0,126,3,-1.5959438216787467,Flashsale,0.1688,-1.59594,145.0,91.0,118.0,126
bbbd2099,0.17636966666666667,3.8674223016606284,0.03264241597544168,0.008440354693467374,168.0,93.0,130.5,145,4,3.8674223016606284,Flashsale,0.17637,3.86742,168.0,93.0,130.5,145
bbf60ff1,0.15809275408440002,-9.109082770526447,-0.08754965578626606,0.00961124824439445,15.0,153.0,84.0,85,1,-9.109082770526447,Handel,0.15809,-9.10908,15.0,153.0,84.0,85
bbf60ff1,0.15881445974873334,-0.7445253615802717,-0.0031728930829944334,0.004261631969473675,50.0,105.0,77.5,62,2,-0.7445253615802717,Handel,0.15881,-0.74452,50.0,105.0,77.5,62
bbf60ff1,0.15738043496126666,0.9912468529517876,0.01335160140582789,0.013469501936948179,4.0,53.0,28.5,13,3,0.9912468529517876,Handel,0.15738,0.99125,4.0,53.0,28.5,13
bbf60ff1,0.15748082145886666,-8.712091936249326,-0.039043498678128535,0.004481529690438195,35.0,197.0,116.0,128,4,-8.712091936249326,Handel,0.15748,-8.71209,35.0,197.0,116.0,128
bc4b0314,0.15786132595846666,4.879617414118037,0.03180634343622986,0.006518204346145172,13.0,14.0,13.5,2,1,4.879617414118037,MarcoGorelli (Слава Україні!),0.15786,4.87962,13.0,14.0,13.5,2
bc4b0314,0.1583972480018,-0.019010714868577753,-5.377698476367746e-05,0.0028287723599791526,47.0,71.0,59.0,41,2,-0.019010714868577753,MarcoGorelli (Слава Україні!),0.1584,-0.01901,47.0,71.0,59.0,41
bc4b0314,0.16000548608,-1.9005861782152709,-0.0269928863261842,0.01420240062543843,80.0,111.0,95.5,89,3,-1.9005861782152709,MarcoGorelli (Слава Україні!),0.16001,-1.90059,80.0,111.0,95.5,89
bc4b0314,0.15953210826253336,1.0,0.0,0.0,55.0,122.0,88.5,81,4,,MarcoGorelli (Слава Україні!),0.15953,1.0,55.0,122.0,88.5,81
bc8c2b83,0.16361032954260002,-3.6032606263680718,-0.011334200063294202,0.0031455398980446713,85.0,131.0,108.0,127,1,-3.6032606263680718,Simply MinVar,0.16361,-3.60326,85.0,131.0,108.0,127
bc8c2b83,0.15026064392320002,-7.978952559171462,-0.021144635672731543,0.0026500515595153772,2.0,179.0,90.5,94,2,-7.978952559171462,Simply MinVar,0.15026,-7.97895,2.0,179.0,90.5,94
bc8c2b83,0.16470986923426667,-11.240770397060484,-0.028221671865090347,0.002510652817218867,133.0,199.0,166.0,187,3,-11.240770397060484,Simply MinVar,0.16471,-11.24077,133.0,199.0,166.0,187
bc8c2b83,0.16199068634939998,-5.106465432192866,-0.010543534768556222,0.0020647422191651887,124.0,169.0,146.5,164,4,-5.106465432192866,Simply MinVar,0.16199,-5.10647,124.0,169.0,146.5,164
bc9c8c4c,0.16,4.8207212865402775,0.09484986643202319,0.019675451202053374,49.5,15.0,32.25,10,1,4.8207212865402775,geo,0.16,4.82072,49.5,15.0,32.25,10
bc9c8c4c,0.16,-3.074024290245602,-0.055752025448925685,0.018136494765456562,81.5,143.0,112.25,118,2,-3.074024290245602,geo,0.16,-3.07402,81.5,143.0,112.25,118
bc9c8c4c,0.16,10.633002371241146,0.15662713311087859,0.014730282909980782,60.5,12.0,36.25,17,3,10.633002371241146,geo,0.16,10.633,60.5,12.0,36.25,17
bc9c8c4c,0.16,-11.245476143191715,-0.1449929608264865,0.012893447905651266,81.5,208.0,144.75,163,4,-11.245476143191715,geo,0.16,-11.24548,81.5,208.0,144.75,163
bcb7f00b,0.16016202999999998,1.379611741896096,0.01195019862116459,0.008662001241552645,106.0,119.0,112.5,123,4,1.379611741896096,Simon,0.16016,1.37961,106.0,119.0,112.5,123
bccf94bb,0.15994395050666668,-1.860950868006239,-0.013823561749123114,0.007428224993351501,35.0,116.0,75.5,71,1,-1.860950868006239,namaste_STU,0.15994,-1.86095,35.0,116.0,75.5,71
bccf94bb,0.1599479505066667,-2.698631439411538,-0.021395341821670348,0.007928219285229925,64.0,139.0,101.5,106,2,-2.698631439411538,namaste_STU,0.15995,-2.69863,64.0,139.0,101.5,106
bccf94bb,0.16251328384,-3.0517855667530895,-0.03056429871980244,0.010015218320965111,116.0,150.0,133.0,153,3,-3.0517855667530895,namaste_STU,0.16251,-3.05179,116.0,150.0,133.0,153
bccf94bb,0.15604208383999998,3.257022939066241,0.01924022053683848,0.0059073027414275675,12.0,97.0,54.5,23,4,3.257022939066241,namaste_STU,0.15604,3.25702,12.0,97.0,54.5,23
bfd7c457,0.16141613190373336,2.5001212018776973,0.004599826314693788,0.0018398413289880198,75.0,28.0,51.5,24,1,2.5001212018776973,Minore,0.16142,2.50012,75.0,28.0,51.5,24
bfd7c457,0.16000702686326665,-6.717833578405975,-0.012472740025985835,0.0018566610619945424,98.0,175.0,136.5,148,2,-6.717833578405975,Minore,0.16001,-6.71783,98.0,175.0,136.5,148
bfd7c457,0.16013216920826667,-8.708269541203748,-0.014751488720059405,0.0016939632667847232,81.0,191.0,136.0,159,3,-8.708269541203748,Minore,0.16013,-8.70827,81.0,191.0,136.0,159
bfd7c457,0.15768471953593333,8.224944292536083,0.01591685641524766,0.0019351932182314936,37.0,18.0,27.5,8,4,8.224944292536083,Minore,0.15768,8.22494,37.0,18.0,27.5,8
c25cdff0,0.15455193666666667,11.50711051219912,0.02921662712748952,0.0025390063905718014,17.0,1.0,9.0,2,2,11.50711051219912,Pansos Ponso,0.15455,11.50711,17.0,1.0,9.0,2
c25cdff0,0.15789706066666667,0.21158484243116313,0.0008588354333908524,0.004059059351901663,6.0,61.0,33.5,14,3,0.21158484243116313,Pansos Ponso,0.1579,0.21158,6.0,61.0,33.5,14
c25cdff0,0.156100346,-4.484971463202655,-0.019674746571303334,0.004386816445260919,14.0,166.0,90.0,84,4,-4.484971463202655,Pansos Ponso,0.1561,-4.48497,14.0,166.0,90.0,84
c261b5c3,0.1597385686666667,-5.051427876776113,-0.056861079936999875,0.011256437055830905,32.0,139.0,85.5,89,1,-5.051427876776113,Alfa,0.15974,-5.05143,32.0,139.0,85.5,89
c261b5c3,0.16,-0.6747164146902579,-0.007800992444150702,0.011561883295416645,81.5,103.0,92.25,96,2,-0.6747164146902579,Alfa,0.16,-0.67472,81.5,103.0,92.25,96
c261b5c3,0.16,-1.5068275051647302,-0.021557416542711837,0.014306492593759181,60.5,89.0,74.75,50,3,-1.5068275051647302,Alfa,0.16,-1.50683,60.5,89.0,74.75,50
c261b5c3,0.16,4.301767848906574,0.03680283934185867,0.008555282533717675,81.5,85.0,83.25,73,4,4.301767848906574,Alfa,0.16,4.30177,81.5,85.0,83.25,73
c29fbf4f,0.17236846666666664,-5.903610211619655,-0.019920251521023506,0.003374249113163992,109.0,142.0,125.5,147,1,-5.903610211619655,idatafactory,0.17237,-5.90361,109.0,142.0,125.5,147
c29fbf4f,0.15370486666666663,2.201804608437406,0.00838094273017943,0.0038063971244602325,9.0,36.0,22.5,11,2,2.201804608437406,idatafactory,0.15371,2.2018,9.0,36.0,22.5,11
c29fbf4f,0.1585652,-9.27074090692565,-0.08246923005598139,0.008895646085241501,13.0,195.0,104.0,102,3,-9.27074090692565,idatafactory,0.15857,-9.27074,13.0,195.0,104.0,102
c29fbf4f,0.15717526666666667,-10.84889501452183,-0.03578957853858335,0.003298914635147365,26.0,206.0,116.0,128,4,-10.84889501452183,idatafactory,0.15718,-10.8489,26.0,206.0,116.0,128
c34d255b,0.2588851113333333,0.12387562755542476,0.0016691114776347694,0.013474090994114004,149.0,65.0,107.0,125,1,0.12387562755542476,MM_STU,0.25888,0.12388,149.0,65.0,107.0,125
c34d255b,0.16357349701333335,-4.449574445311552,-0.05568055912614569,0.012513681883627193,121.0,157.0,139.0,156,2,-4.449574445311552,MM_STU,0.16357,-4.44957,121.0,157.0,139.0,156
c34d255b,0.16,-2.153151062041961,-0.017399925746626785,0.008081144910531916,60.5,132.0,96.25,91,3,-2.153151062041961,MM_STU,0.16,-2.15315,60.5,132.0,96.25,91
c34d255b,0.16,2.73919290005717,0.014737168067653366,0.005380113268892374,81.5,105.0,93.25,87,4,2.73919290005717,MM_STU,0.16,2.73919,81.5,105.0,93.25,87
c3b8d4fc,0.18633367314226668,-1.7915490641670198,-0.02545766789967951,0.014209863636369929,124.0,115.0,119.5,143,1,-1.7915490641670198,us3,0.18633,-1.79155,124.0,115.0,119.5,143
c3b8d4fc,0.1661981248244,-0.8369395807375705,-0.00892795857631297,0.010667387206666722,128.0,108.0,118.0,125,2,-0.8369395807375705,us3,0.1662,-0.83694,128.0,108.0,118.0,125
c3b8d4fc,0.17205995149106665,-1.1786052939943135,-0.015575671613248989,0.013215341635249891,152.0,78.0,115.0,124,3,-1.1786052939943135,us3,0.17206,-1.1786,152.0,78.0,115.0,124
c3b8d4fc,0.17968251149106665,2.9924515309010724,0.0231744676714659,0.0077443084481598,170.0,102.0,136.0,153,4,2.9924515309010724,us3,0.17968,2.99245,170.0,102.0,136.0,153
c47b9db1,0.19050000000000003,-6.313295883902745,-0.0870789402747371,0.013792944584898301,127.0,145.0,136.0,156,1,-6.313295883902745,Numerical Stochastics,0.1905,-6.3133,127.0,145.0,136.0,156
c47b9db1,0.168,5.153782020870311,0.05970999825758626,0.011585666218670056,136.0,17.0,76.5,60,2,5.153782020870311,Numerical Stochastics,0.168,5.15378,136.0,17.0,76.5,60
c47b9db1,0.16849999999999998,-2.261791452809594,-0.02685235041776838,0.011872160178345546,144.0,134.0,139.0,163,3,-2.261791452809594,Numerical Stochastics,0.1685,-2.26179,144.0,134.0,139.0,163
c47b9db1,0.1825,-6.380595716482586,-0.06501458685440456,0.010189422703346732,173.0,182.0,177.5,195,4,-6.380595716482586,Numerical Stochastics,0.1825,-6.3806,173.0,182.0,177.5,195
c53b3306,0.15843032889733333,-9.988586003236435,-0.012872927878069528,0.001288763782371051,16.0,155.0,85.5,89,1,-9.988586003236435,TKIM,0.15843,-9.98859,16.0,155.0,85.5,89
c53b3306,0.15399823519273334,4.757138823833651,0.0066473408847386745,0.0013973401094445588,12.0,19.0,15.5,5,2,4.757138823833651,TKIM,0.154,4.75714,12.0,19.0,15.5,5
c53b3306,0.15843872852606664,-3.7224221955747394,-0.006350548403020802,0.001706025826562718,11.0,161.0,86.0,78,3,-3.7224221955747394,TKIM,0.15844,-3.72242,11.0,161.0,86.0,78
c53b3306,0.15692571519273332,1.0857860242051383,0.0010930263273714854,0.00100666825968003,24.0,121.0,72.5,39,4,1.0857860242051383,TKIM,0.15693,1.08579,24.0,121.0,72.5,39
c674f84b,0.15970363891086667,-1.2585996853884491,-0.018961269723235277,0.015065369825976992,31.0,106.0,68.5,62,1,-1.2585996853884491,MORPHEMIC,0.1597,-1.2586,31.0,106.0,68.5,62
c674f84b,0.15588196827653333,5.7790878633814415,0.014966897208656061,0.00258983728271241,22.0,13.0,17.5,7,2,5.7790878633814415,MORPHEMIC,0.15588,5.77909,22.0,13.0,17.5,7
c674f84b,0.15904836579213333,-4.454119201180626,-0.024136873739610962,0.005419000401518923,24.0,167.0,95.5,89,3,-4.454119201180626,MORPHEMIC,0.15905,-4.45412,24.0,167.0,95.5,89
c674f84b,0.158203810898,-1.3797933909734512,-0.009510056451663855,0.006892377158695087,43.0,145.0,94.0,88,4,-1.3797933909734512,MORPHEMIC,0.1582,-1.37979,43.0,145.0,94.0,88
c8f498d2,0.165888,5.726843675587596,0.04749088630036507,0.00829268074887557,98.0,8.0,53.0,27,1,5.726843675587596,OCI Forecasting Team,0.16589,5.72684,98.0,8.0,53.0,27
c8f498d2,0.16596,-9.405008981632966,-0.028959748834082664,0.0030791835383292177,127.0,189.0,158.0,177,2,-9.405008981632966,OCI Forecasting Team,0.16596,-9.40501,127.0,189.0,158.0,177
c8f498d2,0.15882666666666667,17.428146326756963,0.0519006345322877,0.002977977896169374,22.0,3.0,12.5,2,3,17.428146326756963,OCI Forecasting Team,0.15883,17.42815,22.0,3.0,12.5,2
c8f498d2,0.16355366666666665,-17.344976005418037,-0.08668960857212421,0.004997966474271573,138.0,221.0,179.5,197,4,-17.344976005418037,OCI Forecasting Team,0.16355,-17.34498,138.0,221.0,179.5,197
c9b02591,0.15736220305086668,1.905321454084801,0.007081685496374001,0.003716793027859756,9.0,37.0,23.0,6,1,1.905321454084801,ol,0.15736,1.90532,9.0,37.0,23.0,6
c9b02591,0.15778996196666664,1.419762759057621,0.006917964590351746,0.004872620123480068,41.0,47.0,44.0,27,2,1.419762759057621,ol,0.15779,1.41976,41.0,47.0,44.0,27
c9b02591,0.1660599350334,-17.713204607894756,-0.10130057626932748,0.00571892994586524,136.0,206.0,171.0,193,3,-17.713204607894756,ol,0.16606,-17.7132,136.0,206.0,171.0,193
c9b02591,0.15847884558133332,7.9349345527759905,0.019838363409681703,0.0025001294311547116,45.0,20.0,32.5,12,4,7.9349345527759905,ol,0.15848,7.93494,45.0,20.0,32.5,12
cc316613,0.16,-0.6266772403318992,-0.007151802813012071,0.011412258739800974,81.5,92.0,86.75,75,2,-0.6266772403318992,pipixia,0.16,-0.62668,81.5,92.0,86.75,75
cc316613,0.16,-1.9005861782152709,-0.0269928863261842,0.01420240062543843,60.5,111.0,85.75,60,3,-1.9005861782152709,pipixia,0.16,-1.90059,60.5,111.0,85.75,60
cc316613,0.16,4.723227576901588,0.04011059310385468,0.008492199973596659,81.5,66.0,73.75,43,4,4.723227576901588,pipixia,0.16,4.72323,81.5,66.0,73.75,43
ccb2bfb9,0.19508733392,7.7380801933364,0.026218911722151975,0.003388296717928851,130.0,5.0,67.5,58,1,7.7380801933364,Quantmetry,0.19509,7.73808,130.0,5.0,67.5,58
ccb2bfb9,0.16757702176,5.422074768172063,0.018505376930936374,0.0034129697066451682,132.0,15.0,73.5,52,2,5.422074768172063,Quantmetry,0.16758,5.42208,132.0,15.0,73.5,52
ccb2bfb9,0.16401247352,8.319925567161388,0.026935240982197718,0.003237437734841124,128.0,18.0,73.0,48,3,8.319925567161388,Quantmetry,0.16401,8.31993,128.0,18.0,73.0,48
ccb2bfb9,0.15690273736993335,3.0329278722853297,0.009686724924040942,0.0031938527165639237,23.0,101.0,62.0,29,4,3.0329278722853297,Quantmetry,0.1569,3.03293,23.0,101.0,62.0,29
ccbb0fd2,0.16137076140666667,-0.05355755748029037,-0.0006556449757179547,0.012241875966043403,74.0,76.0,75.0,69,1,-0.05355755748029037,market_bulls,0.16137,-0.05356,74.0,76.0,75.0,69
ccbb0fd2,0.16478868422,-0.6266772403318992,-0.007151802813012071,0.011412258739800974,124.0,92.0,108.0,112,2,-0.6266772403318992,market_bulls,0.16479,-0.62668,124.0,92.0,108.0,112
ccbb0fd2,0.16394508421999998,-1.9005861782152709,-0.0269928863261842,0.01420240062543843,126.0,111.0,118.5,128,3,-1.9005861782152709,market_bulls,0.16395,-1.90059,126.0,111.0,118.5,128
ccbb0fd2,0.16256761755333335,4.723227576901588,0.04011059310385468,0.008492199973596659,128.0,66.0,97.0,93,4,4.723227576901588,market_bulls,0.16257,4.72323,128.0,66.0,97.0,93
ccfb51dc,0.18384533333333333,5.63251978419369,0.07440310982149584,0.013209560316199909,174.0,41.0,107.5,113,4,5.63251978419369,Submission9,0.18385,5.63252,174.0,41.0,107.5,113
cd35061c,0.15906955460013336,5.96930886586145,0.04129578142603428,0.006918017203332426,51.0,12.0,31.5,20,2,5.96930886586145,demir,0.15907,5.96931,51.0,12.0,31.5,20
cd35061c,0.15737772084213333,-3.6765587366321686,-0.04440832728499241,0.012078775416402484,3.0,160.0,81.5,55,3,-3.6765587366321686,demir,0.15738,-3.67656,3.0,160.0,81.5,55
cd35061c,0.1617325394362,10.6135300348964,0.050250314374939736,0.0047345524259808855,121.0,8.0,64.5,30,4,10.6135300348964,demir,0.16173,10.61353,121.0,8.0,64.5,30
cd4803dc,0.1628213333333333,5.701704578511979,0.05043137232895551,0.008844964104070962,80.0,9.0,44.5,16,1,5.701704578511979,deathReaper0965,0.16282,5.7017,80.0,9.0,44.5,16
cd4803dc,0.16767666666666667,-6.600420063552896,-0.023209629089951587,0.003516386664253946,133.0,174.0,153.5,171,2,-6.600420063552896,deathReaper0965,0.16768,-6.60042,133.0,174.0,153.5,171
cd4803dc,0.16154333333333337,15.228169771195345,0.046337960405728074,0.003042910678168171,109.0,5.0,57.0,31,3,15.228169771195345,deathReaper0965,0.16154,15.22817,109.0,5.0,57.0,31
cd4803dc,0.1649453333333333,-10.70726200228696,-0.05298026499567084,0.004948068421633355,143.0,205.0,174.0,191,4,-10.70726200228696,deathReaper0965,0.16495,-10.70726,143.0,205.0,174.0,191
cd597d34,0.15677129344753332,0.21284651296060889,0.0006503779651561535,0.0030556195453223974,6.0,62.0,34.0,11,1,0.21284651296060889,StanekF_STU (CERGE-EI),0.15677,0.21285,6.0,62.0,34.0,11
cd597d34,0.15689207441686667,-0.9082454019848306,-0.002496585024787963,0.002748800070258611,33.0,112.0,72.5,50,2,-0.9082454019848306,StanekF_STU (CERGE-EI),0.15689,-0.90824,33.0,112.0,72.5,50
cd597d34,0.1595969579456,9.012797877449541,0.031128989906113905,0.003453865306798919,32.0,16.0,24.0,8,3,9.012797877449541,StanekF_STU (CERGE-EI),0.1596,9.0128,32.0,16.0,24.0,8
cd597d34,0.15431733327293334,4.905584559787701,0.010422512234902209,0.002124621868785657,3.0,53.0,28.0,9,4,4.905584559787701,StanekF_STU (CERGE-EI),0.15432,4.90559,3.0,53.0,28.0,9
cd8c18b2,0.17525406666666665,-5.6902025705213415,-0.034355824166868845,0.006037715483953524,154.0,167.0,160.5,180,2,-5.6902025705213415,Novartis,0.17525,-5.6902,154.0,167.0,160.5,180
cd8c18b2,0.17110633333333336,-5.988821134634776,-0.029563387237234805,0.0049364284844412385,151.0,176.0,163.5,185,3,-5.988821134634776,Novartis,0.17111,-5.98882,151.0,176.0,163.5,185
cd8c18b2,0.17551966666666663,6.97258185920416,0.02478378721704778,0.0035544634279670636,166.0,29.0,97.5,95,4,6.97258185920416,Novartis,0.17552,6.97258,166.0,29.0,97.5,95
cdbd56c7,0.15438707380086666,-0.626223069803355,-0.005520569663168786,0.008815659993015494,16.0,82.0,49.0,31,2,-0.626223069803355,Mukul,0.15439,-0.62622,16.0,82.0,49.0,31
cdbd56c7,0.16152117138073332,-17.149834667391858,-0.3082712300465091,0.01797517212411651,108.0,205.0,156.5,179,3,-17.149834667391858,Mukul,0.16152,-17.14983,108.0,205.0,156.5,179
cdbd56c7,0.1597026034132,7.7092774156141335,0.04094902683112816,0.005311655635610059,58.0,24.0,41.0,15,4,7.7092774156141335,Mukul,0.1597,7.70928,58.0,24.0,41.0,15
cf2d56c6,0.1610096206514,-8.145921764802315,-0.0863643208371527,0.01060215446830388,71.0,151.0,111.0,133,1,-8.145921764802315,Delta,0.16101,-8.14592,71.0,151.0,111.0,133
cf2d56c6,0.1614537875866,-5.468214165018755,-0.07154187663906804,0.0130832250676529,112.0,165.0,138.5,154,2,-5.468214165018755,Delta,0.16145,-5.46821,112.0,165.0,138.5,154
cf2d56c6,0.1803318214119333,-3.6200424057775034,-0.03995214155764744,0.011036373909290331,165.0,158.0,161.5,182,3,-3.6200424057775034,Delta,0.18033,-3.62004,165.0,158.0,161.5,182
cf2d56c6,0.15801742329766663,15.801773193541885,0.2571252681594448,0.016271924992856547,42.0,1.0,21.5,2,4,15.801773193541885,Delta,0.15802,15.80177,42.0,1.0,21.5,2
cfd8f183,0.15642577173586666,-2.5501367294549335,-0.034734960025720726,0.013620822611007598,4.0,123.0,63.5,53,1,-2.5501367294549335,Dan,0.15643,-2.55014,4.0,123.0,63.5,53
cfd8f183,0.15416218240853333,4.473661619423138,0.023874842167297974,0.005336756375055597,13.0,22.0,17.5,7,2,4.473661619423138,Dan,0.15416,4.47366,13.0,22.0,17.5,7
cfd8f183,0.15841080827313334,1.8041014239042108,0.011339485707966838,0.006285392582545243,10.0,46.0,28.0,11,3,1.8041014239042108,Dan,0.15841,1.8041,10.0,46.0,28.0,11
cfd8f183,0.1567802576884,0.21274620734980257,0.0006305666523809916,0.0029639383951235304,22.0,130.0,76.0,65,4,0.21274620734980257,Dan,0.15678,0.21275,22.0,130.0,76.0,65
d04974fb,0.16,-0.05355755748029037,-0.0006556449757179547,0.012241875966043403,49.5,76.0,62.75,38,1,-0.05355755748029037,jp_th,0.16,-0.05356,49.5,76.0,62.75,38
d04974fb,0.16,-0.6266772403318992,-0.007151802813012071,0.011412258739800974,81.5,92.0,86.75,75,2,-0.6266772403318992,jp_th,0.16,-0.62668,81.5,92.0,86.75,75
d04974fb,0.16,-1.9005861782152709,-0.0269928863261842,0.01420240062543843,60.5,111.0,85.75,60,3,-1.9005861782152709,jp_th,0.16,-1.90059,60.5,111.0,85.75,60
d04974fb,0.16,4.723227576901588,0.04011059310385468,0.008492199973596659,81.5,66.0,73.75,43,4,4.723227576901588,jp_th,0.16,4.72323,81.5,66.0,73.75,43
d10b6093,0.16,1.6240341100808446,0.014186952858684968,0.00873562492968743,49.5,42.0,45.75,17,1,1.6240341100808446,srrsrr,0.16,1.62403,49.5,42.0,45.75,17
d10b6093,0.16,0.14841675302360882,0.0011354495217212818,0.007650413437765106,81.5,66.0,73.75,54,2,0.14841675302360882,srrsrr,0.16,0.14842,81.5,66.0,73.75,54
d10b6093,0.16,-1.2104720776433349,-0.010034956224502095,0.008290117888583706,60.5,80.0,70.25,43,3,-1.2104720776433349,srrsrr,0.16,-1.21047,60.5,80.0,70.25,43
d10b6093,0.16,-0.7889617461253151,-0.004975343274428203,0.00630619076129192,81.5,140.0,110.75,121,4,-0.7889617461253151,srrsrr,0.16,-0.78896,81.5,140.0,110.75,121
d13904b7,0.16,-1.310229170471899,-0.009848742974226804,0.007516809422491814,60.5,82.0,71.25,44,3,-1.310229170471899,ST18_STU,0.16,-1.31023,60.5,82.0,71.25,44
d13904b7,0.16,7.914733741875368,0.03652819537422116,0.004615214682580836,81.5,22.0,51.75,21,4,7.914733741875368,ST18_STU,0.16,7.91473,81.5,22.0,51.75,21
d18b809d,0.17653450534373336,-0.9558155685490363,-0.010459284385489242,0.01094278512471483,117.0,103.0,110.0,129,1,-0.9558155685490363,VC,0.17653,-0.95582,117.0,103.0,110.0,129
d18b809d,0.17042687134893333,-1.2146743653597971,-0.013761823450494313,0.011329640143033677,144.0,119.0,131.5,142,2,-1.2146743653597971,VC,0.17043,-1.21467,144.0,119.0,131.5,142
d18b809d,0.16786880468226664,-1.2379461400205032,-0.017520724431350235,0.01415305873570562,142.0,81.0,111.5,117,3,-1.2379461400205032,VC,0.16787,-1.23795,142.0,81.0,111.5,117
d18b809d,0.17253141801559999,4.590592649113425,0.03924393181849101,0.008548772417450312,159.0,83.0,121.0,136,4,4.590592649113425,VC,0.17253,4.59059,159.0,83.0,121.0,136
d252b0cc,0.16279631560533336,1.6188730920582197,0.015855101702886953,0.009793912679547307,79.0,43.0,61.0,35,1,1.6188730920582197,Angel Lordan BCN,0.1628,1.61887,79.0,43.0,61.0,35
d252b0cc,0.15750628030666666,-8.197323152596681,-0.03514806784969506,0.004287749451302422,36.0,181.0,108.5,113,2,-8.197323152596681,Angel Lordan BCN,0.15751,-8.19732,36.0,181.0,108.5,113
d252b0cc,0.15953021061533335,1.4071699724121929,0.005829908217467367,0.00414300214740487,31.0,50.0,40.5,21,3,1.4071699724121929,Angel Lordan BCN,0.15953,1.40717,31.0,50.0,40.5,21
d252b0cc,0.16202549916040002,6.012137033593642,0.037568191235975164,0.006248725041704428,125.0,36.0,80.5,68,4,6.012137033593642,Angel Lordan BCN,0.16203,6.01214,125.0,36.0,80.5,68
d50c10cd,0.17267725176333334,5.0943813319742794,0.08828600421131906,0.017330073753451167,110.0,13.0,61.5,36,1,5.0943813319742794,Wallace,0.17268,5.09438,110.0,13.0,61.5,36
d50c10cd,0.17343249612,2.3854545937257874,0.020466653837247342,0.008579770870960466,151.0,32.0,91.5,95,2,2.3854545937257874,Wallace,0.17343,2.38545,151.0,32.0,91.5,95
d50c10cd,0.17245796278666667,-0.31714818456526583,-0.0016315613176618414,0.005144476295515678,154.0,69.0,111.5,117,3,-0.31714818456526583,Wallace,0.17246,-0.31715,154.0,69.0,111.5,117
d50c10cd,0.17268462945333332,-14.45582732930983,-0.06143429613599525,0.004249794545583323,161.0,217.0,189.0,208,4,-14.45582732930983,Wallace,0.17269,-14.45583,161.0,217.0,189.0,208
d5571172,0.15695821080946668,1.0255595302752842,0.009332050433577713,0.009099472198432764,34.0,50.0,42.0,26,2,1.0255595302752842,alsabtay,0.15696,1.02556,34.0,50.0,42.0,26
d5571172,0.16115689361406668,-3.0714486595762667,-0.03388764377964848,0.011033114186685958,99.0,151.0,125.0,138,3,-3.0714486595762667,alsabtay,0.16116,-3.07145,99.0,151.0,125.0,138
d5571172,0.16222377314939998,1.795994879746749,0.008430922698029001,0.004694291054559039,127.0,115.0,121.0,136,4,1.795994879746749,alsabtay,0.16222,1.796,127.0,115.0,121.0,136
d562f28c,0.163528,3.025085114220814,0.029863361893294374,0.009871907984640766,84.0,19.0,51.5,24,1,3.025085114220814,Super3,0.16353,3.02508,84.0,19.0,51.5,24
d562f28c,0.16870500000000002,-5.453789556687741,-0.01682748769392478,0.0030854669985001487,138.0,164.0,151.0,169,2,-5.453789556687741,Super3,0.1687,-5.45379,138.0,164.0,151.0,169
d562f28c,0.16323833333333337,14.828192806815949,0.037073105482387736,0.002500176924145919,122.0,7.0,64.5,36,3,14.828192806815949,Super3,0.16324,14.82819,122.0,7.0,64.5,36
d562f28c,0.16299533333333335,-16.06503976578981,-0.05913805020773419,0.003681164259155307,133.0,219.0,176.0,194,4,-16.06503976578981,Super3,0.163,-16.06504,133.0,219.0,176.0,194
d5c78bbc,0.16,-0.7639766073633387,-0.008996502481645154,0.011775887370025872,49.5,98.0,73.75,67,1,-0.7639766073633387,dummy,0.16,-0.76398,49.5,98.0,73.75,67
d5c78bbc,0.16,3.3600754890886377,0.031427120999999406,0.009353099685425064,81.5,27.0,54.25,37,2,3.3600754890886377,dummy,0.16,3.36008,81.5,27.0,54.25,37
d5c78bbc,0.16,-3.653827304695987,-0.04340418202218917,0.01187910057117507,60.5,159.0,109.75,113,3,-3.653827304695987,dummy,0.16,-3.65383,60.5,159.0,109.75,113
d5c78bbc,0.16,4.643424532925669,0.0350410321394457,0.007546377009247417,81.5,81.0,81.25,69,4,4.643424532925669,dummy,0.16,4.64342,81.5,81.0,81.25,69
d64f73c2,0.16,-2.5237383874952113,-0.04513922980593288,0.01788585933850821,49.5,122.0,85.75,92,1,-2.5237383874952113,Advanced Analytics Team,0.16,-2.52374,49.5,122.0,85.75,92
d64f73c2,0.16,1.9788452767718703,0.02992795504438112,0.015123948999794056,81.5,40.0,60.75,43,2,1.9788452767718703,Advanced Analytics Team,0.16,1.97884,81.5,40.0,60.75,43
d64f73c2,0.16,-2.4240521136042896,-0.04425606570826125,0.018257060341189416,60.5,137.0,98.75,95,3,-2.4240521136042896,Advanced Analytics Team,0.16,-2.42405,60.5,137.0,98.75,95
d64f73c2,0.16,4.097244424574465,0.0482914210275722,0.011786316856746396,81.5,89.0,85.25,77,4,4.097244424574465,Advanced Analytics Team,0.16,4.09724,81.5,89.0,85.25,77
d707cb75,0.15861484233333334,-1.3329246542726598,-0.021421588826964842,0.016071117567147117,19.0,107.0,63.0,51,1,-1.3329246542726598,M4-SL,0.15862,-1.33292,19.0,107.0,63.0,51
d707cb75,0.16164828900000003,2.3197014356467247,0.050720134767111485,0.021864940887520244,113.0,34.0,73.5,52,2,2.3197014356467247,M4-SL,0.16165,2.3197,113.0,34.0,73.5,52
d707cb75,0.16217091583333335,-1.4764057114668645,-0.023683413873210404,0.016041264057208262,112.0,87.0,99.5,96,3,-1.4764057114668645,M4-SL,0.16217,-1.47641,112.0,87.0,99.5,96
d707cb75,0.15371380783333335,0.30520432409951165,0.0036898747277035165,0.012089850753557592,2.0,129.0,65.5,34,4,0.30520432409951165,M4-SL,0.15371,0.3052,2.0,129.0,65.5,34
d874631c,0.16690307835999998,-2.381721530379936,-0.046561475008054284,0.019549504177604978,101.0,120.0,110.5,131,1,-2.381721530379936,wp,0.1669,-2.38172,101.0,120.0,110.5,131
d874631c,0.15621430942666667,4.4327737112567505,0.05728301625816458,0.012922612339244377,25.0,23.0,24.0,12,2,4.4327737112567505,wp,0.15621,4.43277,25.0,23.0,24.0,12
d874631c,0.16234793828000002,-2.4910915413853343,-0.040693165367963774,0.01633547571091413,114.0,139.0,126.5,142,3,-2.4910915413853343,wp,0.16235,-2.49109,114.0,139.0,126.5,142
d874631c,0.15525283528,5.948405946404323,0.05612150334055191,0.0094347130720754,7.0,38.0,22.5,3,4,5.948405946404323,wp,0.15525,5.94841,7.0,38.0,22.5,3
d9bc9425,0.3024525333333334,1.851625884318251,0.027741380833743768,0.01498217381204835,157.0,38.0,97.5,113,1,1.851625884318251,chicken_STU,0.30245,1.85163,157.0,38.0,97.5,113
d9bc9425,0.3155054666666666,0.7209435679312018,0.009171140002589345,0.012721023406737055,192.0,55.0,123.5,133,2,0.7209435679312018,chicken_STU,0.3155,0.72094,192.0,55.0,123.5,133
d9bc9425,0.3187988,-2.1187153832652155,-0.03355845984527856,0.015839059889941713,205.0,131.0,168.0,189,3,-2.1187153832652155,chicken_STU,0.3188,-2.11871,205.0,131.0,168.0,189
d9bc9425,0.3107988,4.6867230773384385,0.04516617486862797,0.009637047916702935,215.0,80.0,147.5,167,4,4.6867230773384385,chicken_STU,0.3108,4.68672,215.0,80.0,147.5,167
db080390,0.15706936494906668,4.725251538870466,0.044666888736896566,0.009452806558436428,35.0,20.0,27.5,16,2,4.725251538870466,mees_STU,0.15707,4.72525,35.0,20.0,27.5,16
db080390,0.1593196898789333,-3.286336389886884,-0.035225451033642455,0.010718759997315709,26.0,154.0,90.0,81,3,-3.286336389886884,mees_STU,0.15932,-3.28634,26.0,154.0,90.0,81
db080390,0.15676727657086667,-1.308600992706141,-0.012162899593470756,0.00929458227623556,21.0,144.0,82.5,71,4,-1.308600992706141,mees_STU,0.15677,-1.3086,21.0,144.0,82.5,71
db21f28b,0.15577405724453333,2.531589262585104,0.03204760292648372,0.012659084710194522,1.0,27.0,14.0,3,1,2.531589262585104,21,0.15577,2.53159,1.0,27.0,14.0,3
db21f28b,0.15626962340573333,-2.566522240310103,-0.027149706899007687,0.010578403129570112,27.0,137.0,82.0,68,2,-2.566522240310103,21,0.15627,-2.56652,27.0,137.0,82.0,68
db21f28b,0.15928570584920002,0.8122089443899393,0.0032797134323338927,0.004038016885910224,25.0,54.0,39.5,20,3,0.8122089443899393,21,0.15929,0.81221,25.0,54.0,39.5,20
db21f28b,0.15781287352433332,0.48721163642731646,0.004024807780394402,0.00826090240764361,39.0,126.0,82.5,71,4,0.48721163642731646,21,0.15781,0.48721,39.0,126.0,82.5,71
db442696,0.18950500000000003,-0.1535898019502067,-0.000464441952744076,0.0030239113980669538,126.0,85.0,105.5,124,1,-0.1535898019502067,berserk_HKU,0.18951,-0.15359,126.0,85.0,105.5,124
db442696,0.18130499999999997,-0.9316654454134572,-0.0020186741096864837,0.0021667371261049942,162.0,114.0,138.0,151,2,-0.9316654454134572,berserk_HKU,0.1813,-0.93166,162.0,114.0,138.0,151
db442696,0.19243833333333335,1.4115973928373289,0.002654817002715297,0.0018807182672525916,171.0,49.0,110.0,114,3,1.4115973928373289,berserk_HKU,0.19244,1.4116,171.0,49.0,110.0,114
db442696,0.17570500000000003,-13.697273022903888,-0.022983762609882424,0.0016779809069622936,167.0,215.0,191.0,211,4,-13.697273022903888,berserk_HKU,0.17571,-13.69727,167.0,215.0,191.0,211
dcc0145b,0.21194969300480002,1.0750186520172271,0.01392045563497158,0.012949036380764589,139.0,48.0,93.5,107,1,1.0750186520172271,Stonks,0.21195,1.07502,139.0,48.0,93.5,107
dcc0145b,0.16022813684053336,0.03878264731266879,0.0004379288822116984,0.011291876974799603,101.0,69.0,85.0,71,2,0.03878264731266879,Stonks,0.16023,0.03878,101.0,69.0,85.0,71
dcc0145b,0.15979737684053333,0.2050982210356244,0.002839991163053085,0.013846980967035277,37.0,62.0,49.5,29,3,0.2050982210356244,Stonks,0.1598,0.2051,37.0,62.0,49.5,29
dcc0145b,0.16150456350720002,-1.6861244780045241,-0.013717078640037484,0.008135270449469555,119.0,147.0,133.0,149,4,-1.6861244780045241,Stonks,0.16151,-1.68612,119.0,147.0,133.0,149
dcc4c022,0.18031916666666667,1.3000786765337724,0.008866333750940373,0.006819843991734026,121.0,47.0,84.0,85,1,1.3000786765337724,Porto ( Serafettin Gunes ),0.18032,1.30008,121.0,47.0,84.0,85
dcc4c022,0.16787916666666666,-1.259489965775757,-0.0074731144362674,0.005933444997050444,134.0,120.0,127.0,137,2,-1.259489965775757,Porto ( Serafettin Gunes ),0.16788,-1.25949,134.0,120.0,127.0,137
dcc4c022,0.16251666666666664,-2.94319845237479,-0.01296557442034394,0.004405266797379007,117.0,146.0,131.5,151,3,-2.94319845237479,Porto ( Serafettin Gunes ),0.16252,-2.9432,117.0,146.0,131.5,151
dcc4c022,0.15735333333333337,1.5242758671970984,0.006094398608945251,0.003998225478798588,29.0,117.0,73.0,40,4,1.5242758671970984,Porto ( Serafettin Gunes ),0.15735,1.52428,29.0,117.0,73.0,40
dd543bd7,0.15931771597106667,-0.01882018573400696,-0.00021400164424344344,0.011370857188553414,28.0,68.0,48.0,21,1,-0.01882018573400696,Innovation Team (Mathco),0.15932,-0.01882,28.0,68.0,48.0,21
dd543bd7,0.1562289734946,1.766240762771039,0.02304078094979235,0.013045096362538864,26.0,43.0,34.5,22,2,1.766240762771039,Innovation Team (Mathco),0.15623,1.76624,26.0,43.0,34.5,22
dd543bd7,0.1612017707496,0.41835564256031854,0.005724392277726873,0.01368307653912312,100.0,58.0,79.0,52,3,0.41835564256031854,Innovation Team (Mathco),0.1612,0.41836,100.0,58.0,79.0,52
dd543bd7,0.16013210963373334,0.3344190176679609,0.0019675354348878426,0.005883443616957741,104.0,128.0,116.0,128,4,0.3344190176679609,Innovation Team (Mathco),0.16013,0.33442,104.0,128.0,116.0,128
dd807d74,0.15695453866666667,-6.977142956125917,-0.023855272168482888,0.003419060254102721,7.0,146.0,76.5,75,1,-6.977142956125917,noname,0.15696,-6.97714,7.0,146.0,76.5,75
dd807d74,0.16216846733333334,-8.364304443870806,-0.06854892651250072,0.008195412657741314,116.0,184.0,150.0,168,2,-8.364304443870806,noname,0.16217,-8.3643,116.0,184.0,150.0,168
dd807d74,0.16253035733333332,2.1116645884319065,0.024421609676970067,0.011565098837550344,118.0,42.0,80.0,54,3,2.1116645884319065,noname,0.16253,2.11166,118.0,42.0,80.0,54
dd807d74,0.15771583999999997,-3.1442668403301295,-0.028463263758654017,0.009052432635032191,38.0,159.0,98.5,98,4,-3.1442668403301295,noname,0.15772,-3.14427,38.0,159.0,98.5,98
dd8bb8b0,0.16,-0.05355755748029037,-0.0006556449757179547,0.012241875966043403,49.5,76.0,62.75,38,1,-0.05355755748029037,Jupayters,0.16,-0.05356,49.5,76.0,62.75,38
dd8bb8b0,0.16,-0.6266772403318992,-0.007151802813012071,0.011412258739800974,81.5,92.0,86.75,75,2,-0.6266772403318992,Jupayters,0.16,-0.62668,81.5,92.0,86.75,75
dd8bb8b0,0.16,-1.9005861782152709,-0.0269928863261842,0.01420240062543843,60.5,111.0,85.75,60,3,-1.9005861782152709,Jupayters,0.16,-1.90059,60.5,111.0,85.75,60
dd8bb8b0,0.16,4.723227576901588,0.04011059310385468,0.008492199973596659,81.5,66.0,73.75,43,4,4.723227576901588,Jupayters,0.16,4.72323,81.5,66.0,73.75,43
dfb3c499,0.159504,1.488185057664281,0.015492810791227676,0.010410540484490399,29.0,45.0,37.0,14,1,1.488185057664281,Navi,0.1595,1.48819,29.0,45.0,37.0,14
dfb3c499,0.1603776,1.5199839578074024,0.012761791519290055,0.008396004085266211,102.0,46.0,74.0,55,2,1.5199839578074024,Navi,0.16038,1.51998,102.0,46.0,74.0,55
dfb3c499,0.15969333333333333,-2.5874568195240024,-0.03174323451801044,0.012268121453655809,35.0,140.0,87.5,79,3,-2.5874568195240024,Navi,0.15969,-2.58746,35.0,140.0,87.5,79
dfb3c499,0.15959013333333336,-13.077786056565037,-0.08336855175935355,0.0063748215025663775,57.0,212.0,134.5,151,4,-13.077786056565037,Navi,0.15959,-13.07779,57.0,212.0,134.5,151
dfcb064c,0.15768050347999998,-9.454186779923695,-0.09438981002715327,0.009983916356253234,11.0,154.0,82.5,84,1,-9.454186779923695,hm2200,0.15768,-9.45419,11.0,154.0,82.5,84
dfcb064c,0.16888624836,-2.043849623860567,-0.02168211368044473,0.010608468170711125,139.0,135.0,137.0,149,2,-2.043849623860567,hm2200,0.16889,-2.04385,139.0,135.0,137.0,149
dfcb064c,0.16435128139999997,-17.931044185305463,-0.24145819421324305,0.01346593046773699,130.0,207.0,168.5,192,3,-17.931044185305463,hm2200,0.16435,-17.93104,130.0,207.0,168.5,192
dfcb064c,0.16,4.723227576901588,0.04011059310385468,0.008492199973596659,81.5,66.0,73.75,43,4,4.723227576901588,hm2200,0.16,4.72323,81.5,66.0,73.75,43
f067b9f5,0.1642,-0.3225069039674939,-0.0036362292314334483,0.011274888030923988,91.0,88.0,89.5,101,1,-0.3225069039674939,Europans,0.1642,-0.32251,91.0,88.0,89.5,101
f067b9f5,0.1750666666666667,-1.6265647403956827,-0.016813025148466533,0.010336523798232924,153.0,129.0,141.0,160,2,-1.6265647403956827,Europans,0.17507,-1.62657,153.0,129.0,141.0,160
f067b9f5,0.16980000000000003,-2.0184006842511146,-0.026059188389437556,0.012910810322632383,149.0,127.0,138.0,161,3,-2.0184006842511146,Europans,0.1698,-2.0184,149.0,127.0,138.0,161
f067b9f5,0.1680666666666667,5.269151558072874,0.040881301659668905,0.007758611838946748,152.0,48.0,100.0,102,4,5.269151558072874,Europans,0.16807,5.26915,152.0,48.0,100.0,102
f24358d7,0.30800000000000005,-5.775441344118923,-0.03782247667018896,0.0065488461256217635,188.0,169.0,178.5,193,2,-5.775441344118923,Erol&Eren,0.308,-5.77544,188.0,169.0,178.5,193
f24358d7,0.272,-2.3055662203709284,-0.01432337257680288,0.006212518404480475,197.0,135.0,166.0,187,3,-2.3055662203709284,Erol&Eren,0.272,-2.30557,197.0,135.0,166.0,187
f24358d7,0.328,2.5031504145300985,0.010754091843493702,0.0042962227843237714,221.0,108.0,164.5,182,4,2.5031504145300985,Erol&Eren,0.328,2.50315,221.0,108.0,164.5,182
f250dfc3,0.21937937768146668,-13.976927372799738,-0.09330981289735821,0.0066759889644233865,141.0,161.0,151.0,162,1,-13.976927372799738,AM naïve,0.21938,-13.97693,141.0,161.0,151.0,162
f250dfc3,0.17930810568146668,9.27057473037989,0.05470634600918672,0.005901073838487353,159.0,2.0,80.5,67,2,9.27057473037989,AM naïve,0.17931,9.27057,159.0,2.0,80.5,67
f250dfc3,0.1613853184768,5.656944423930842,0.06260294103800453,0.011066564623327802,106.0,24.0,65.0,38,3,5.656944423930842,AM naïve,0.16139,5.65694,106.0,24.0,65.0,38
f250dfc3,0.156164142916,-2.1356110479900967,-0.01507881284166306,0.007060655008248947,16.0,152.0,84.0,76,4,-2.1356110479900967,AM naïve,0.15616,-2.13561,16.0,152.0,84.0,76
f371b8c4,0.22899999999999998,-1.9005861782152709,-0.0269928863261842,0.01420240062543843,185.0,111.0,148.0,173,3,-1.9005861782152709,LRSD,0.229,-1.90059,185.0,111.0,148.0,173
f371b8c4,0.26499999999999996,4.723227576901588,0.04011059310385468,0.008492199973596659,208.0,66.0,137.0,156,4,4.723227576901588,LRSD,0.265,4.72323,208.0,66.0,137.0,156
f4767b9c,0.27631160466666665,0.9446519624330687,0.008104888879592435,0.00857976186141326,151.0,50.0,100.5,117,1,0.9446519624330687,M37,0.27631,0.94465,151.0,50.0,100.5,117
f4767b9c,0.2973333333333334,2.040826265551294,0.01649468984829138,0.008082358663605118,186.0,38.0,112.0,116,2,2.040826265551294,M37,0.29733,2.04083,186.0,38.0,112.0,116
f4767b9c,0.3173333333333334,-7.606005343909033,-0.03960009017922563,0.005206424185717643,202.5,186.0,194.25,207,3,-7.606005343909033,M37,0.31733,-7.606,202.5,186.0,194.25,207
f4767b9c,0.3026666666666667,-11.267318017810416,-0.07185688829291646,0.006377461626567318,214.0,209.0,211.5,222,4,-11.267318017810416,M37,0.30267,-11.26732,214.0,209.0,211.5,222
f5d74bfb,0.1729333333333333,0.37431553543730617,0.004527744470202011,0.012096063458633444,112.0,58.0,85.0,88,1,0.37431553543730617,Bruce,0.17293,0.37432,112.0,58.0,85.0,88
f5d74bfb,0.19182,-3.293661870374694,-0.03785635678454772,0.011493698586686162,165.0,146.0,155.5,173,2,-3.293661870374694,Bruce,0.19182,-3.29366,165.0,146.0,155.5,173
f5d74bfb,0.19658,10.642776576441031,0.0954804528825152,0.008971385633883529,175.0,11.0,93.0,86,3,10.642776576441031,Bruce,0.19658,10.64278,175.0,11.0,93.0,86
f5d74bfb,0.20531333333333332,-5.325233741989281,-0.06764751589775957,0.012703201244362531,190.0,174.0,182.0,200,4,-5.325233741989281,Bruce,0.20531,-5.32523,190.0,174.0,182.0,200
f743b142,0.2052256701144,-1.7153370191082025,-0.011561984110241957,0.006740357131832316,136.0,114.0,125.0,145,1,-1.7153370191082025,SimpleBest,0.20523,-1.71534,136.0,114.0,125.0,145
f743b142,0.2430798886212,-5.947720168039167,-0.02272339506266778,0.0038205218841287866,180.0,171.0,175.5,191,2,-5.947720168039167,SimpleBest,0.24308,-5.94772,180.0,171.0,175.5,191
f743b142,0.24467619748313338,-11.305435346877614,-0.047288159023171995,0.004182780898944529,190.0,200.0,195.0,208,3,-11.305435346877614,SimpleBest,0.24468,-11.30543,190.0,200.0,195.0,208
f743b142,0.19828320000000002,-5.367683049170447,-0.016212090148394247,0.0030203143516269572,186.0,175.0,180.5,198,4,-5.367683049170447,SimpleBest,0.19828,-5.36768,186.0,175.0,180.5,198
f8fbd1bf,0.20327213169713335,10.496088700276738,0.07255866797589108,0.006912924428123213,134.0,2.0,68.0,59,1,10.496088700276738,Selamlar H.T.(Ataforecasting),0.20327,10.49609,134.0,2.0,68.0,59
f8fbd1bf,0.15770058031446668,9.139816503038492,0.06573935238535766,0.007192633721202488,40.0,3.0,21.5,10,2,9.139816503038492,Selamlar H.T.(Ataforecasting),0.1577,9.13982,40.0,3.0,21.5,10
f8fbd1bf,0.15997105263006664,9.325097369533365,0.053960701187457216,0.005786609946160535,41.0,15.0,28.0,11,3,9.325097369533365,Selamlar H.T.(Ataforecasting),0.15997,9.3251,41.0,15.0,28.0,11
f8fbd1bf,0.1601630545988,-0.9758232751716877,-0.005947530859499258,0.006094885222380908,107.0,142.0,124.5,142,4,-0.9758232751716877,Selamlar H.T.(Ataforecasting),0.16016,-0.97582,107.0,142.0,124.5,142
fb07c974,0.18601410847699995,1.821871134500117,0.02587149904860411,0.014200509881673219,123.0,39.0,81.0,82,1,1.821871134500117,FabulousFab,0.18601,1.82187,123.0,39.0,81.0,82
fb07c974,0.17212860181033332,7.633146668057519,0.08699279750756345,0.011396715049587978,146.0,6.0,76.0,59,2,7.633146668057519,FabulousFab,0.17213,7.63315,146.0,6.0,76.0,59
fb07c974,0.19307353514366662,-5.905777791111358,-0.0817273440578648,0.013838540315700776,172.0,175.0,173.5,196,3,-5.905777791111358,FabulousFab,0.19307,-5.90578,172.0,175.0,173.5,196
fb07c974,0.19078921514366667,-3.0624425684086627,-0.03028930131602773,0.009890569582752032,177.0,158.0,167.5,185,4,-3.0624425684086627,FabulousFab,0.19079,-3.06244,177.0,158.0,167.5,185
ffbf60c3,0.22734213778666668,0.8710859432212081,0.016714831554635705,0.019188498775247774,145.0,51.0,98.0,114,1,0.8710859432212081,Dodger Federer,0.22734,0.87109,145.0,51.0,98.0,114
ffbf60c3,0.30859683313333336,-8.265011627494927,-0.0729187022397405,0.008822577090776785,189.0,182.0,185.5,194,2,-8.265011627494927,Dodger Federer,0.3086,-8.26501,189.0,182.0,185.5,194
ffbf60c3,0.2590778998,8.282692489130381,0.07945754820653282,0.00959320273097272,195.0,20.0,107.5,112,3,8.282692489130381,Dodger Federer,0.25908,8.28269,195.0,20.0,107.5,112
ffbf60c3,0.27329056646666666,-3.3249912907069694,-0.026253780943532354,0.007895894649982737,209.0,161.0,185.0,205,4,-3.3249912907069694,Dodger Federer,0.27329,-3.32499,209.0,161.0,185.0,205
